state,highway,exit,latitude,longitude
AL,I10,38,30.663116000000002,-87.85226700000001
AL,I10,44,30.65195765,-87.76353334999999
AL,I10,35A,30.6550971,-87.9165106
AL,I10,53,30.62893565,-87.61525305
AL,I10,30,30.6780391,-87.98735655
AL,I10,35B,30.6560088,-87.9091347
AL,I10,35,30.6567654,-87.9051652
AL,I10,49,30.636896999999998,-87.674035
AL,I10,23,30.64925155,-88.0748165
AL,I10,27,30.69160995,-88.02581090000001
AL,I10,15A,30.57988125,-88.17260354999999
AL,I10,20,30.62726605,-88.11769910000001
AL,I10,25B,30.6733708,-88.0452603
AL,I10,4,30.4962497,-88.3359707
AL,I10,15B,30.582238,-88.1680388
AL,I10,22A,30.6419973,-88.0856485
AL,I10,17AB,30.5968819,-88.1535255
AL,I10,22B,30.6412166,-88.0872297
AL,I10,13,30.559627149999997,-88.20242640000001
AL,I10,26A,30.6802972,-88.0429776
AL,I10,25,30.6680549,-88.0491728
AL,I10,26B,30.685647449999998,-88.041949
AL,I10,25A,30.6781683,-88.0435408
AL,I10,24,30.65844075,-88.0616735
AL,I10,10,30.5373163,-88.23955365
AL,I10,22,30.6369658,-88.0953045
AL,I20,191,33.61780975,-85.7228867
AL,I20,188,33.611260200000004,-85.78603369999999
AL,I20,185,33.6051256,-85.8312589
AL,I20,199,33.6216217,-85.5957295
AL,I20,210,33.6534041,-85.413847
AL,I20,205,33.6454018,-85.50301065
AL,I20,32,32.79666315,-88.03104625
AL,I20,45,32.916005600000005,-87.87043835
AL,I20,40,32.86874905,-87.9242649
AL,I20,52,32.9861988,-87.78946445
AL,I20,121,33.512497,-86.874757
AL,I20,124B,33.5198231,-86.8312119
AL,I20,129,33.54559535,-86.76132945
AL,I20,119B,33.498697,-86.899465
AL,I20,123,33.52063955,-86.850113
AL,I20,128,33.548315099999996,-86.7787814
AL,I20,106,33.3398652,-87.03067100000001
AL,I20,136,33.5465806,-86.64160045
AL,I20,120,33.5070445,-86.8847325
AL,I20,140,33.54536185,-86.5901358
AL,I20,113,33.42681445,-86.9556447
AL,I20,110,33.38664105,-86.9878409
AL,I20,104,33.3242654,-87.04790585
AL,I20,132B,33.533943,-86.719952
AL,I20,133,33.53509845,-86.6957797
AL,I20,126B,33.5319603,-86.79960700000001
AL,I20,119A,33.4964471,-86.909469
AL,I20,144A,33.5660921,-86.52112205
AL,I20,158,33.6062048,-86.28146385
AL,I20,147,33.5779593,-86.4758389
AL,I20,162,33.5984836,-86.2125003
AL,I20,152,33.59573905,-86.39577895
AL,I20,153,33.59515265,-86.367338
AL,I20,156,33.600656349999994,-86.32150095
AL,I20,144B,33.56607615,-86.52126725
AL,I20,23,32.7012306,-88.1423312
AL,I20,1,32.453390600000006,-88.3919349
AL,I20,8,32.5230007,-88.29853705
AL,I20,17,32.626480900000004,-88.2079094
AL,I20,179,33.5839901,-85.9248632
AL,I20,165,33.591650200000004,-86.1619295
AL,I20,168,33.59101645,-86.12426415
AL,I20,173,33.58160875,-86.02361115
AL,I20,97,33.2496651,-87.13477979999999
AL,I20,89,33.191297,-87.25750934999999
AL,I20,73,33.1716462,-87.5245367
AL,I20,77,33.17270885000001,-87.44731505
AL,I20,86,33.18877475,-87.3014211
AL,I20,68,33.153493049999994,-87.59602755
AL,I20,76,33.173989750000004,-87.47397185
AL,I20,79,33.1745629,-87.404679
AL,I20,100,33.2790905,-87.0959975
AL,I20,62,33.08973545,-87.67622105000001
AL,I20,71B,33.17075845,-87.55005564999999
AL,I20,71A,33.16922065,-87.55481465
AL,I20,135,33.546047099999996,-86.65910285000001
AL,I20,108,33.36602465,-87.00114965
AL,I20,132A,33.5371156,-86.726078
AL,I20,130A,33.54640005,-86.7468878
AL,I20,130B,33.5440968,-86.7390671
AL,I20,126A,33.527032950000006,-86.80548005
AL,I20,118,33.48519045,-86.91910014999999
AL,I20,115,33.456585000000004,-86.948586
AL,I20,112,33.4101012,-86.9704744
AL,I20,124C,33.5206905,-86.82409530000001
AL,I20,132,33.5314873,-86.7124364
AL,I20,130,33.544226,-86.7535671
AL,I20,124A,33.52044,-86.8359403
AL,I20,124D,33.521635,-86.8276027
AL,I22,7,34.167438000000004,-88.06474850000001
AL,I22,16,34.0719395,-87.97595
AL,I22,14,34.090759500000004,-88.007682
AL,I22,11,34.120313,-88.045505
AL,I22,30,33.9899155,-87.776893
AL,I22,26,34.012012150000004,-87.83406995
AL,I22,22,34.041118,-87.88857254999999
AL,I22,3,34.1941355,-88.12254300000001
AL,I22,34,33.9670826,-87.70542595
AL,I22,57,33.85391575,-87.34985845
AL,I22,63,33.80734205,-87.2789909
AL,I22,61,33.8197438,-87.31296775
AL,I22,53,33.86411775,-87.41279739999999
AL,I22,65,33.7938403,-87.2392811
AL,I22,52,33.86946615,-87.43650785
AL,I22,70,33.7393456,-87.1993911
AL,I22,91,33.595487399999996,-86.88619645
AL,I22,39,33.951909099999995,-87.61631034999999
AL,I22,46,33.91109385,-87.50285199999999
AL,I22,72,33.71972745,-87.18018175
AL,I22,78,33.679015699999994,-87.08452355
AL,I22,81,33.664879400000004,-87.0421973
AL,I22,93,33.5889048,-86.8564004
AL,I22,89,33.6104021,-86.92856165
AL,I22,87,33.631034549999995,-86.9514678
AL,I22,95A,33.5791463,-86.8241181
AL,I22,85,33.64544635,-86.97683760000001
AL,I565,3,34.6407872,-86.8446151
AL,I565,1B,34.627707,-86.900386
AL,I565,7,34.658593100000004,-86.79625635
AL,I565,1,34.629385,-86.894638
AL,I565,2,34.631225,-86.879974
AL,I565,15,34.71506275,-86.64538295
AL,I565,20,34.7488855,-86.5766815
AL,I565,19B,34.7367938,-86.5909621
AL,I565,19C,34.7351196,-86.5943264
AL,I565,19A,34.733943249999996,-86.59443335
AL,I565,14A,34.710963,-86.6616578
AL,I565,9,34.67411515,-86.75060065
AL,I565,14B,34.7087394,-86.6662387
AL,I565,17B,34.719181,-86.62806
AL,I565,14,34.7034295,-86.6828537
AL,I565,13,34.704066,-86.682165
AL,I565,17A,34.718466,-86.632809
AL,I565,8,34.66729,-86.770151
AL,I565,17,34.7227345,-86.6182682
AL,I565,21,34.76083925,-86.5618378
AL,I565,10,34.68301785,-86.73059325
AL,I59,231,34.594612350000006,-85.64113445
AL,I59,218,34.437364450000004,-85.74859864999999
AL,I59,205,34.2753715,-85.87920885
AL,I59,239,34.69654975,-85.5692332
AL,I59,222,34.477163000000004,-85.71230700000001
AL,I59,224,34.5048761,-85.69325620000001
AL,I59,188,34.0731945,-86.02625929999999
AL,I59,181,33.9939947,-86.08993964999999
AL,I59,32,32.79666315,-88.03104625
AL,I59,45,32.916005600000005,-87.87043835
AL,I59,40,32.86874905,-87.9242649
AL,I59,52,32.9861988,-87.78946445
AL,I59,121,33.512497,-86.874757
AL,I59,141,33.639885,-86.617865
AL,I59,137,33.59743185,-86.655892
AL,I59,124B,33.5198231,-86.8312119
AL,I59,131,33.5619769,-86.7343934
AL,I59,129,33.54559535,-86.76132945
AL,I59,119B,33.498697,-86.899465
AL,I59,123,33.52063955,-86.850113
AL,I59,128,33.548315099999996,-86.7787814
AL,I59,106,33.3398652,-87.03067100000001
AL,I59,120,33.5070445,-86.8847325
AL,I59,134,33.5859012,-86.69700209999999
AL,I59,148,33.6959905,-86.5270735
AL,I59,133,33.5794732,-86.7100146
AL,I59,113,33.42681445,-86.9556447
AL,I59,110,33.38664105,-86.9878409
AL,I59,104,33.3242654,-87.04790585
AL,I59,126B,33.5319603,-86.79960700000001
AL,I59,119A,33.4964471,-86.909469
AL,I59,143,33.66119175,-86.57404755
AL,I59,132,33.5677243,-86.72346325000001
AL,I59,166,33.86246275,-86.286969
AL,I59,156,33.7773235,-86.427199
AL,I59,154,33.768346,-86.46493849999999
AL,I59,174,33.9334536,-86.1939501
AL,I59,23,32.7012306,-88.1423312
AL,I59,1,32.453390600000006,-88.3919349
AL,I59,8,32.5230007,-88.29853705
AL,I59,17,32.626480900000004,-88.2079094
AL,I59,97,33.2496651,-87.13477979999999
AL,I59,89,33.191297,-87.25750934999999
AL,I59,73,33.1716462,-87.5245367
AL,I59,77,33.17270885000001,-87.44731505
AL,I59,86,33.18877475,-87.3014211
AL,I59,68,33.153493049999994,-87.59602755
AL,I59,76,33.173989750000004,-87.47397185
AL,I59,79,33.1745629,-87.404679
AL,I59,100,33.2790905,-87.0959975
AL,I59,62,33.08973545,-87.67622105000001
AL,I59,71B,33.17075845,-87.55005564999999
AL,I59,71A,33.16922065,-87.55481465
AL,I59,108,33.36602465,-87.00114965
AL,I59,130,33.5455563,-86.75190035
AL,I59,183,34.018744749999996,-86.0752915
AL,I59,182,34.0054673,-86.0806125
AL,I59,126A,33.527032950000006,-86.80548005
AL,I59,118,33.48519045,-86.91910014999999
AL,I59,115,33.456585000000004,-86.948586
AL,I59,112,33.4101012,-86.9704744
AL,I59,124C,33.5206905,-86.82409530000001
AL,I59,124A,33.52044,-86.8359403
AL,I59,124D,33.521635,-86.8276027
AL,I65,186,32.5495585,-86.4575935
AL,I65,34,30.953713,-87.8223505
AL,I65,37,30.964582999999998,-87.7591445
AL,I65,45,31.0194645,-87.655563
AL,I65,31,30.948968999999998,-87.857541
AL,I65,289,33.91154405,-86.86502999999999
AL,I65,284,33.8459836,-86.82659860000001
AL,I65,287,33.887674149999995,-86.8489594
AL,I65,114,31.65078935,-86.77531395
AL,I65,107,31.576942000000003,-86.84625550000001
AL,I65,130,31.850739,-86.6407895
AL,I65,128,31.822613,-86.664403
AL,I65,205,32.803079,-86.5806525
AL,I65,200,32.737042,-86.542957
AL,I65,212,32.8887115,-86.6244315
AL,I65,219,32.9800475,-86.6882155
AL,I65,208,32.84344715,-86.59521515
AL,I65,96,31.457698550000003,-86.96531809999999
AL,I65,93,31.41879,-87.0062655
AL,I65,83,31.3293325,-87.12691899999999
AL,I65,101,31.5057115,-86.9233495
AL,I65,77,31.2766585,-87.20466049999999
AL,I65,299,34.053934,-86.866511
AL,I65,304,34.1133035,-86.8661685
AL,I65,291,33.9486123,-86.87007925
AL,I65,310,34.2077795,-86.878624
AL,I65,308,34.170167000000006,-86.875137
AL,I65,305,34.1302526,-86.86746084999999
AL,I65,181,32.488374199999996,-86.40897575
AL,I65,179,32.45957525,-86.38762009999999
AL,I65,69,31.203721,-87.31121949999999
AL,I65,54,31.083868000000002,-87.534614
AL,I65,57,31.1107215,-87.473709
AL,I65,259A,33.5015858,-86.8146306
AL,I65,282,33.8109125,-86.82521700000001
AL,I65,280,33.785987,-86.8250865
AL,I65,255,33.4510172,-86.8182909
AL,I65,256A,33.464104500000005,-86.82444100000001
AL,I65,258,33.484096,-86.8261615
AL,I65,275,33.7188,-86.82893
AL,I65,262A,33.5295909,-86.825827
AL,I65,262B,33.54159515,-86.82582550000001
AL,I65,267,33.6094472,-86.8102623
AL,I65,281,33.80065295,-86.82490745000001
AL,I65,272,33.6714895,-86.82982799999999
AL,I65,265,33.5912029,-86.8058549
AL,I65,263,33.551838849999996,-86.8299675
AL,I65,261C,33.52232065,-86.82683589999999
AL,I65,259B,33.504237,-86.816302
AL,I65,256B,33.4635342,-86.8241132
AL,I65,261D,33.5210298,-86.8259106
AL,I65,261B,33.520919250000006,-86.82602265
AL,I65,264,33.561675199999996,-86.8275712
AL,I65,265A,33.5661819,-86.8233232
AL,I65,265B,33.5697838,-86.8198831
AL,I65,365,34.972013000000004,-86.8835815
AL,I65,361,34.919891,-86.906535
AL,I65,351,34.78295585,-86.93973765
AL,I65,340B,34.6328514,-86.9024021
AL,I65,340,34.6187669,-86.8995276
AL,I65,340A,34.6273818,-86.9014126
AL,I65,354,34.8308376,-86.93866399999999
AL,I65,347,34.73104395,-86.9362956
AL,I65,151,32.109629999999996,-86.461567
AL,I65,142,31.9850522,-86.52960955
AL,I65,158,32.1956355,-86.4173435
AL,I65,10,30.767487000000003,-88.0939865
AL,I65,8,30.74090705,-88.10765165
AL,I65,3,30.6762424,-88.12727205
AL,I65,5B,30.709101349999997,-88.12198244999999
AL,I65,9,30.75506625,-88.09443974999999
AL,I65,19,30.8754725,-88.047388
AL,I65,5A,30.70236055,-88.12340995
AL,I65,1,32.104584100000004,-87.70807376666666
AL,I65,22,30.8925715,-88.01893455000001
AL,I65,0,30.6335913,-88.1185562
AL,I65,15,30.8294745,-88.089218
AL,I65,13,30.800258900000003,-88.10336534999999
AL,I65,4,30.6882871,-88.12633285
AL,I65,173,32.38703035,-86.32243095000001
AL,I65,170,32.351527000000004,-86.32149899999999
AL,I65,167,32.3106115,-86.337077
AL,I65,176,32.414838,-86.353151
AL,I65,171,32.366430550000004,-86.32217865
AL,I65,168,32.326996050000005,-86.33474705
AL,I65,164,32.26677535,-86.35500235
AL,I65,172,32.37588865,-86.32198364999999
AL,I65,169,32.346123,-86.323856
AL,I65,328,34.449338999999995,-86.9013425
AL,I65,334,34.5322965,-86.90544349999999
AL,I65,318,34.3159409,-86.9013388
AL,I65,325,34.4124185,-86.8984275
AL,I65,322,34.3678111,-86.8916289
AL,I65,234,33.171819,-86.777061
AL,I65,246,33.33718655,-86.7798174
AL,I65,238,33.2305069,-86.80625565
AL,I65,247,33.357730700000005,-86.778375
AL,I65,228,33.102338,-86.7390455
AL,I65,242,33.279489,-86.8001107
AL,I65,231,33.1422695,-86.75
AL,I65,254,33.43151095,-86.822529
AL,I65,250,33.39389075,-86.7853575
AL,I65,252,33.41197005,-86.80559175
AL,I65,259,33.4966544,-86.8156206
AL,I65,260B,33.5082114,-86.8186871
AL,I65,261A,33.518946650000004,-86.82367055
AL,I65,271,33.6504353,-86.8294596
AL,I85,79,32.84785255,-85.18562015
AL,I85,70,32.74616485,-85.2810113
AL,I85,77,32.821965500000005,-85.2131985
AL,I85,57,32.605317150000005,-85.4278472
AL,I85,66,32.699919,-85.313455
AL,I85,58,32.6167373,-85.4017445
AL,I85,51,32.55891125,-85.5060718
AL,I85,64,32.673026500000006,-85.3315711
AL,I85,62,32.643401,-85.35307935
AL,I85,60,32.63332835,-85.3693371
AL,I85,50,32.547855049999995,-85.52767845
AL,I85,22,32.4071195,-85.95844249999999
AL,I85,42,32.4873025,-85.6361045
AL,I85,26,32.4282185,-85.8993505
AL,I85,38,32.472648,-85.692732
AL,I85,32,32.444854500000005,-85.79487950000001
AL,I85,9,32.361516699999996,-86.17085785
AL,I85,6,32.3628535,-86.2148665
AL,I85,11,32.3675875,-86.1389045
AL,I85,16,32.368868500000005,-86.052965
AL,I85,0,32.36747655,-86.31964045000001
AL,I85,4,32.359295700000004,-86.2440763
AL,I85,15,32.3674191,-86.079759
AL,I85,2,32.3659485,-86.2841011
AL,I85,3,32.3654155,-86.2709246
AL,I85,1,32.36783015,-86.30428115
AR,I30,54,33.903735049999995,-93.29640950000001
AR,I30,69,34.07309265000001,-93.12030135
AR,I30,63,33.995247500000005,-93.18555595000001
AR,I30,73,34.11816215,-93.09314305000001
AR,I30,78,34.18460695,-93.07007705
AR,I30,36,33.7376275,-93.5232595
AR,I30,30,33.682073,-93.61039600000001
AR,I30,18,33.61093115,-93.80008799999999
AR,I30,98B,34.398457,-92.82488315
AR,I30,31,33.6927174,-93.5958216
AR,I30,97,34.38567435,-92.8453307
AR,I30,83,34.235098050000005,-93.0076152
AR,I30,91,34.3317456,-92.92067395000001
AR,I30,98A,34.3956861,-92.829714
AR,I30,1,33.4711662,-94.03398895
AR,I30,46,33.831332599999996,-93.39510855
AR,I30,44,33.810745,-93.42316500000001
AR,I30,129,34.66051095,-92.40335955
AR,I30,133,34.67888235,-92.34381325
AR,I30,135,34.68914345,-92.3058022
AR,I30,139A,34.723627,-92.267056
AR,I30,131,34.6753975,-92.3666538
AR,I30,140,34.744982,-92.26203775
AR,I30,141B,34.762293,-92.2622072
AR,I30,132,34.67848185,-92.35591654999999
AR,I30,142,34.768612899999994,-92.26186935
AR,I30,134,34.6799593,-92.32075615
AR,I30,111,34.5360967,-92.67507565
AR,I30,116,34.562782,-92.607292
AR,I30,121,34.60573415,-92.53373389999999
AR,I30,143AB,34.7734327,-92.2613984
AR,I30,138,34.7136299,-92.270096
AR,I30,130,34.669740250000004,-92.38163545
AR,I30,128,34.6591854,-92.40271154999999
AR,I30,139B,34.73527555,-92.26306195000001
AR,I30,138B,34.708846,-92.274628
AR,I30,138A,34.7080294,-92.2786127
AR,I30,123,34.620021449999996,-92.49564245
AR,I30,117,34.574612849999994,-92.5883736
AR,I30,118,34.5878735,-92.5691655
AR,I30,114,34.54675435,-92.62958525
AR,I30,106,34.48212100000001,-92.72481785
AR,I30,2,33.475887,-94.0070901
AR,I30,7,33.510242500000004,-93.94608865000001
AR,I30,12,33.5489738,-93.8809351
AR,I30,99,34.413269549999995,-92.80576305
AR,I30,126,34.641213050000005,-92.44331919999999
AR,I30,3,33.4804278,-93.98796285
AR,I30,223,33.4713014,-94.0297649
AR,I40,107,35.175392,-92.74374599999999
AR,I40,108,35.1741926,-92.71820795
AR,I40,101,35.2193315,-92.83000949999999
AR,I40,117,35.1531253,-92.5534821
AR,I40,112,35.1629185,-92.6411765
AR,I40,20,35.51545265,-94.11363259999999
AR,I40,280,35.15624355,-90.13652685
AR,I40,265,35.1507086,-90.4006934
AR,I40,281,35.1569182,-90.1242086
AR,I40,271,35.1478628,-90.29269715000001
AR,I40,13,35.4890412,-94.2258844
AR,I40,5,35.3606826,-92.95515943333334
AR,I40,3,35.46050745,-94.39169255
AR,I40,7,35.45600715,-94.3183451
AR,I40,24,35.52808605,-94.0457517
AR,I40,277,35.16907995,-90.19534795000001
AR,I40,41,35.505133900000004,-93.75752399999999
AR,I40,35,35.5213488,-93.86501885
AR,I40,135,34.9711101,-92.4189437
AR,I40,125,35.10990995,-92.4370502
AR,I40,37,35.51524445,-93.82144944999999
AR,I40,127,35.0915903,-92.4226642
AR,I40,55,35.4639312,-93.51895565
AR,I40,64,35.414195,-93.3845
AR,I40,58,35.45165265,-93.4627185
AR,I40,57,35.45812,-93.482305
AR,I40,67,35.383995,-93.356565
AR,I40,47,35.4974956,-93.66297665
AR,I40,169,34.80181195,-91.99456555
AR,I40,183,34.800626949999995,-91.74806315000001
AR,I40,175,34.8040807,-91.8880519
AR,I40,165,34.7915632,-92.059158
AR,I40,216,34.908793349999996,-91.1973911
AR,I40,74,35.33632195,-93.2551829
AR,I40,78,35.3218289,-93.19091535
AR,I40,88,35.24968215,-93.0344965
AR,I40,94,35.25313175,-92.9350229
AR,I40,84,35.2825866,-93.09242665
AR,I40,83,35.290823599999996,-93.10727885
AR,I40,202,34.8461818,-91.414478
AR,I40,193,34.81904925,-91.56672795
AR,I40,142,34.885369,-92.3796105
AR,I40,154,34.7778176,-92.2461482
AR,I40,157,34.7787703,-92.2027634
AR,I40,147,34.8224108,-92.3389464
AR,I40,161,34.7848928,-92.12834185
AR,I40,148,34.8184775,-92.333437
AR,I40,159,34.78117025,-92.1626567
AR,I40,156,34.779162799999995,-92.21859155
AR,I40,153A,34.78012755,-92.263409
AR,I40,150,34.7960949,-92.30161306666666
AR,I40,242,35.03751405,-90.772237
AR,I40,241A,35.03603255,-90.7930691
AR,I40,241B,35.03672535,-90.7860343
AR,I40,256,35.11862555,-90.5480132
AR,I40,247,35.0561674,-90.68963945
AR,I40,260,35.1327508,-90.48329425
AR,I40,221,34.92955165,-91.1081953
AR,I40,233,34.98374215,-90.90466085
AR,I40,155,34.7779434,-92.23094839999999
AR,I40,152A,34.782318,-92.271815
AR,I40,153B,34.7788519,-92.25823224999999
AR,I40,152,34.786396,-92.281465
AR,I40,146,34.840937,-92.34890915
AR,I40,152B,34.7864863,-92.2806455
AR,I40,279B,35.1556108,-90.1513594
AR,I40,278,35.162812,-90.16998785
AR,I40,276,35.166107,-90.2061194
AR,I40,129,35.0697383,-92.417546
AR,I40,239,35.026885750000005,-90.81635109999999
AR,I40,12,35.48228575,-94.24285094999999
AR,I40,275,35.16061205,-90.2245546
AR,I40,129AB,35.0610146,-92.4173345
AR,I40,124,35.1192699,-92.4670424
AR,I40,1,35.4603676,-94.4306088
AR,I40,81,35.3060012,-93.1387253
AR,I40,279A,35.158205249999995,-90.1546831
AR,I40,173,34.80356075,-91.91809345
AR,I40,132,35.014368399999995,-92.4100981
AR,I40,124A,35.118863,-92.4546208
AR,I40,124B,35.1192704,-92.4611144
AR,I430,1,34.679569,-92.406608
AR,I430,129A;129B,34.6643278,-92.4037276
AR,I430,6B,34.75016525,-92.39130205000001
AR,I430,9,34.789021,-92.3897775
AR,I430,5,34.7367495,-92.39483849999999
AR,I430,8,34.768486499999995,-92.3902625
AR,I430,4,34.7128425,-92.401764
AR,I430,12,34.810532,-92.357343
AR,I430,13B;13A,34.818856,-92.343342
AR,I430,6A,34.750111700000005,-92.3911104
AR,I430,128,34.6680626,-92.4054147
AR,I440,7,34.733308949999994,-92.17145535
AR,I440,8,34.747683499999994,-92.16332299999999
AR,I440,138B,34.714288,-92.267968
AR,I440,4,34.716199,-92.2130525
AR,I440,3,34.716563,-92.22444465000001
AR,I440,1,34.715937800000006,-92.25350750000001
AR,I440,5,34.71610565,-92.18937439999999
AR,I440,10,34.768653,-92.16198349999999
AR,I440,138A,34.713571,-92.264825
AR,I440,11,34.7755098,-92.1616486
AR,I440,11A,34.7866965,-92.1613467
AR,I440,13,34.8358745,-92.1516039
AR,I440,12,34.8240269,-92.15163849999999
AR,I440,11B,34.7805967,-92.1615691
AR,I49,88,36.3840247,-94.1789315
AR,I49,88A,36.3791851,-94.1720164
AR,I49,83,36.31470245,-94.18514005
AR,I49,86,36.35890875,-94.1766883
AR,I49,85,36.3354949,-94.18331965
AR,I49,78,36.2545106,-94.15043835
AR,I49,76,36.22554995,-94.17895014999999
AR,I49,81,36.28372125,-94.15687315
AR,I49,87,36.364463349999994,-94.1746986
AR,I49,82,36.300887349999996,-94.17771830000001
AR,I49,77,36.23895655,-94.16038929999999
AR,I49,32,33.4364318,-94.0063708
AR,I49,31,33.409779,-94.0048028
AR,I49,64,36.0777559,-94.2008176
AR,I49,58,35.9968424,-94.1962743
AR,I49,73,36.19346375,-94.1799927
AR,I49,62,36.055765699999995,-94.1955782
AR,I49,67AB,36.1147037,-94.1757779
AR,I49,65,36.09003635,-94.19297155
AR,I49,53,35.924650799999995,-94.19819005
AR,I49,72,36.17453745,-94.1853407
AR,I49,45,35.81714785,-94.18943875
AR,I49,67B,36.1069056,-94.175844
AR,I49,67A,36.1027197,-94.1825779
AR,I49,61,36.0433288,-94.1905041
AR,I49,60,36.0328449,-94.18817715
AR,I49,35,33.46077285,-94.00772624999999
AR,I49,29,34.873990299999996,-94.13129503333333
AR,I49,29B,33.3845628,-94.0165152
AR,I49,29A,33.3822867,-94.0148167
AR,I49,16,33.24916295,-93.8852682
AR,I49,24,34.435645025,-94.096121275
AR,I49,18,33.26889025,-93.89957050000001
AR,I49,6,33.120514650000004,-93.89338509999999
AR,I49,4,33.07971725,-93.90039605
AR,I49,20,35.4855468,-94.2437059
AR,I49,69,36.13845275,-94.18281145
AR,I49,34,35.67439185,-94.16536085
AR,I49,21,35.4977518,-94.24386295
AR,I49,26,33.353491649999995,-93.996792
AR,I49,37,33.4725417,-93.987592
AR,I49,37A,33.4787429,-93.9866815
AR,I49,37B,33.4842783,-93.9868614
AR,I49,41,33.516738200000006,-94.01065795
AR,I49,42,33.517279,-94.0366485
AR,I49,241,32.9475143,-93.8987817
AR,I49,245,32.9973429,-93.90888190000001
AR,I49,70,36.15389795,-94.1864668
AR,I49,102,36.46510225,-94.37851895
AR,I49,100,36.43239385,-94.36909465
AR,I49,97,36.4230657,-94.32035164999999
AR,I49,88B,36.382033,-94.1757793
AR,I49,91,36.41458195,-94.22186245
AR,I530,41,34.181438,-92.04116099999999
AR,I530,43,34.17114695,-92.00668815
AR,I530,30,34.308011500000006,-92.1407955
AR,I530,37,34.2155934,-92.07153065
AR,I530,24,34.3870595,-92.1820005
AR,I530,35,34.2425675,-92.09230785
AR,I530,20,34.4395525,-92.196827
AR,I530,39,34.192956499999994,-92.06047000000001
AR,I530,27,34.3465245,-92.1716555
AR,I530,36,34.228016249999996,-92.07892985
AR,I530,32,34.286628,-92.119147
AR,I530,34,34.261536,-92.1043565
AR,I530,42,34.173313,-92.0241235
AR,I530,46,34.19902825,-91.96726735
AR,I530,44,34.1757221,-91.99032435000001
AR,I530,3,34.672828499999994,-92.265867
AR,I530,1A,34.7071571,-92.2700253
AR,I530,9,34.585754300000005,-92.26801215
AR,I530,138,34.712596500000004,-92.27044509999999
AR,I530,1B,34.7060276,-92.2700923
AR,I530,7,34.61774,-92.2688765
AR,I530,15,34.5079548,-92.21997585
AR,I530,12,34.54789585,-92.25193195
AR,I530,10,34.5704609,-92.2677607
AR,I540,3,35.42807,-94.33889289999999
AR,I540,2B,35.445037,-94.3199655
AR,I540,9,35.342834499999995,-94.376617
AR,I540,13,35.302977299999995,-94.41012985
AR,I540,6,35.384703,-94.3646095
AR,I540,11,35.327332,-94.39489
AR,I540,5,35.4032472,-94.36635615
AR,I540,14,35.2936969,-94.42372075
AR,I540,10,35.3371715,-94.3876825
AR,I540,8,35.355559,-94.365029
AR,I540,12,35.313026,-94.39977999999999
AR,I540,8A,35.363002,-94.365019
AR,I540,1AB,35.4525226,-94.3204531
AR,I540,2A,35.44953355,-94.3203765
AR,I540,8B,35.3599092,-94.3651533
CT,I91,39&41,41.8887959,-72.6522731
CT,I91,35A35B,41.8105505,-72.6629586
CT,I91,23,41.649751699999996,-72.6734436
CT,I91,45,41.9301637,-72.6087294
CT,I91,33,41.78698685,-72.6582474
CT,I91,37,41.852660400000005,-72.66411339999999
CT,I91,34,41.80435765,-72.6586031
CT,I91,36,41.8386912,-72.6652239
CT,I91,29A,41.76007465,-72.66474339999999
CT,I91,40,41.8982906,-72.63977464999999
CT,I91,20,41.57043075,-72.72479105
CT,I91,18,41.53779175,-72.76161074999999
CT,I91,15,41.479851,-72.77001465000001
CT,I91,8,41.32510775,-72.882515
CT,I91,3,41.312673149999995,-72.91287105
CT,I91,12,41.39989215,-72.84937145
CT,I91,11,41.3897492,-72.8651008
CT,I91,10,41.375322049999994,-72.86875415
CT,I91,9,41.3490965,-72.86776674999999
CT,I91,5,41.3150507,-72.9079163
CT,I91,6,41.317295,-72.90236970000001
CT,I91,32A32B,41.767855499999996,-72.66667805
CT,I91,22N,41.6304111,-72.689488
CT,I91,22NS,41.6167043,-72.6960449
CT,I91,21,41.60660075,-72.7026141
CT,I91,42,41.9123083,-72.6298562
CT,I91,35A,41.8183355,-72.6658686
CT,I91,38,41.8739733,-72.6624237
CT,I91,38A38B,41.8806744,-72.6612249
CT,I91,41&39,41.9086762,-72.6327354
CT,I91,19,41.5459914,-72.7492515
CT,I91,2526,41.7048153,-72.6445423
CT,I91,26,41.7163529,-72.6493568
CT,I91,25N,41.706067,-72.6450144
CT,I91,27,41.7379959,-72.6614439
CT,I91,46,41.9541955,-72.59899645
CT,I91,44,41.9224518,-72.61225669999999
CT,I91,49,42.020581,-72.58827285000001
CT,I91,47W,41.99239945,-72.58717229999999
CT,I91,47E,41.98792475,-72.5882165
CT,I91,48,41.9978239,-72.58581215000001
CT,I91,13,41.42304365,-72.82389315
CT,I91,14,41.4393313,-72.7972904
CT,I91,7,41.3196433,-72.8930175
CT,I91,31,41.7701795,-72.6687284
CT,I91,2,41.3082073,-72.9145568
CT,I91,35B,41.8228236,-72.6660935
CT,I91,17,41.5344241,-72.7671659
CT,I91,16,41.52126805,-72.77093105
CT,I91,30,41.7699548,-72.6687112
CT,I91,24,41.680629100000004,-72.65359065000001
CT,I91,4,41.3156946,-72.907792
CT,I91,29,41.7419424,-72.6628775
CT,I91,25S,41.7106079,-72.6463615
CT,I91,22S,41.6331002,-72.6867065
CT,I91,28,41.736688400000006,-72.66416000000001
CT,I95,8,41.05138085,-73.53152445
CT,I95,9,41.0589678,-73.5125354
CT,I95,10,41.06960225,-73.4878614
CT,I95,12,41.0745925,-73.4675652
CT,I95,2,41.0036044,-73.65046605
CT,I95,3,41.0198499,-73.62681775
CT,I95,54,41.28826775,-72.8202988
CT,I95,53,41.2845056,-72.8437682
CT,I95,41,41.25324685,-72.99956215
CT,I95,40,41.2375115,-73.0245961
CT,I95,38,41.23420985,-73.0679189
CT,I95,36,41.22251885,-73.07850325000001
CT,I95,34,41.20873715,-73.09380515000001
CT,I95,32,41.1905561,-73.13392400000001
CT,I95,30,41.17572035,-73.15695025
CT,I95,27A,41.17134095,-73.19259785
CT,I95,19,41.1380293,-73.28829619999999
CT,I95,16,41.108839599999996,-73.40606855
CT,I95,13,41.088280600000004,-73.4565163
CT,I95,66,41.29130935,-72.4198134
CT,I95,64,41.293546750000004,-72.4884045
CT,I95,62,41.29052745,-72.5701942
CT,I95,60,41.2883362,-72.6215756
CT,I95,57,41.29677945,-72.7041363
CT,I95,68,41.3132303,-72.3634353
CT,I95,7,41.048656550000004,-73.5403934
CT,I95,31,41.182998749999996,-73.141883
CT,I95,23,41.15637805,-73.2448993
CT,I95,11,41.0726101,-73.4755337
CT,I95,15,41.10619135,-73.41946595
CT,I95,33,41.198269350000004,-73.11940695000001
CT,I95,4,41.02711065,-73.6055855
CT,I95,18,41.12196145,-73.33193975
CT,I95,25,41.16703295,-73.22071725
CT,I95,29,41.176975299999995,-73.17226205
CT,I95,75,41.370356349999994,-72.20098060000001
CT,I95,67,41.30245115,-72.38568665
CT,I95,69,41.3166248,-72.3571865
CT,I95,39B,41.233688099999995,-73.039755
CT,I95,42,41.27156225,-72.97138455000001
CT,I95,37,41.230091,-73.0730868
CT,I95,39A,41.23491665,-73.04418645
CT,I95,27,41.1695879,-73.1962048
CT,I95,47,41.2922245,-72.9203239
CT,I95,35,41.21296005,-73.0880006
CT,I95,80,41.37422,-72.1860817
CT,I95,76,41.3732857,-72.1971113
CT,I95,70,41.321298850000005,-72.33391689999999
CT,I95,72,41.324979400000004,-72.25141744999999
CT,I95,71,41.32301735,-72.2576697
CT,I95,28,41.1776632,-73.1849314
CT,I95,82,41.3704987,-72.13355025
CT,I95,87,41.36163475,-72.05731714999999
CT,I95,86,41.36306545,-72.0651232
CT,I95,83,41.365819450000004,-72.1065242
CT,I95,81,41.3691794,-72.1623021
CT,I95,88,41.36234915,-72.02635365
CT,I95,85,41.3640957,-72.0814502
CT,I95,90,41.374328,-71.9582417
CT,I95,91,41.379128800000004,-71.90398905
CT,I95,92,41.41528955,-71.84958735000001
CT,I95,93,41.44008685,-71.79966189999999
CT,I95,89,41.3716284,-71.98161715
CT,I95,73,41.34529685,-72.22823305
CT,I95,74,41.359156150000004,-72.21151415
CT,I95,5,41.041399999999996,-73.57711975000001
CT,I95,6,41.04463475,-73.5594101
CT,I95,61,41.28830245,-72.6017574
CT,I95,65,41.2917561,-72.44390975
CT,I95,14,41.10426855,-73.4294913
CT,I95,17,41.11986575,-73.3766227
CT,I95,20,41.1423833,-73.2733255
CT,I95,21,41.144336499999994,-73.26472435
CT,I95,22,41.148217349999996,-73.25447439999999
CT,I95,24,41.16536825,-73.23434135
CT,I95,26,41.16752015,-73.20420010000001
CT,I95,43,41.28210895,-72.95372775000001
CT,I95,55,41.2939818,-72.78298385
CT,I95,56,41.29573565,-72.7620255
CT,I95,59,41.28993055,-72.66612275
CT,I95,51,41.28696685,-72.88261625
CT,I95,58,41.2954539,-72.687568
CT,I95,63,41.2880378,-72.5310325
CT,I95,52,41.282098,-72.8661645
CT,I95,46,41.28972745,-72.92274725
CT,I95,44,41.28407395,-72.93476525
CT,I95,27BC,41.1746279,-73.18805
CT,I95,50,41.2917576,-72.8997039
CT,I95,48,41.2963881,-72.9168199
CT,I95,47;48,41.2996965,-72.9052072
CT,I95,84SNE,41.364217,-72.0990065
CT,I95,82A,41.3712927,-72.1257668
CT,US5,86,41.73946805,-72.66190135
CT,US5,87,41.736875049999995,-72.6629436
CT,US5,90,41.7538243,-72.6528749
CT,US5,89,41.7449634,-72.6607163
CT,US5,85,41.7251609,-72.66975855000001
AL,I78,,,
AL,SR14,,,
AL,US231,,,
AR,I55,7,35.1697771,-90.1895855
AR,I55,21,35.3663381,-90.27968985000001
AR,I55,17,35.3069826,-90.2514716
AR,I55,8,35.1766104,-90.1945725
AR,I55,23B,35.3918761,-90.2740144
AR,I55,23A,35.3946737,-90.2685733
AR,I55,63,35.8868226,-89.91868765000001
AR,I55,36,35.538426799999996,-90.16430059999999
AR,I55,48,35.6977921,-90.05035244999999
AR,I55,41,35.61141885,-90.11214079999999
AR,I55,44,35.64369485,-90.0888012
AR,I55,71,35.98583965,-89.87472020000001
AR,I55,67,35.9289463,-89.8744015
AR,I55,279B,35.1556108,-90.1513594
AR,I55,5,35.1566377,-90.1536159
AR,I55,278,35.162812,-90.16998785
AR,I55,277,35.1704526,-90.1898359
AR,I55,10,35.21219945,-90.206788
AR,I55,14,35.26319215,-90.2282206
AR,I55,34,35.5120133,-90.17986440000001
AR,I55,53,35.756213349999996,-90.01064665
AR,I55,57,35.814185699999996,-89.9712086
AR,I55,72,35.9931222,-89.8745942
AR,I55,23,35.3823509,-90.2792956
AR,I55,4,35.1509536,-90.13901335
AR,I55,3B,35.1470718,-90.1275389
AR,I55,3A,35.1453984,-90.121555
AR,I55,1,35.137565699999996,-90.09422405000001
AR,I55,279A,35.160692,-90.1646788
AR,I63,,,
AR,US167,22,35.00639235,-91.98821425
AR,US167,19,34.97753165,-92.0359506
AR,US167,9,34.726330000000004,-92.19747530000001
AR,US167,3,34.744815775,-92.233228025
AR,US167,1A,34.74705875,-92.2489599
AR,US167,154,34.7778176,-92.2461482
AR,US167,1B,34.7480439,-92.2475419
AR,US167,138,34.712596500000004,-92.27044509999999
AR,US167,139A,34.723627,-92.267056
AR,US167,7,34.61774,-92.2688765
AR,US167,140,34.744982,-92.26203775
AR,US167,141B,34.762293,-92.2622072
AR,US167,5,34.82949205,-92.1834274
AR,US167,142,34.768612899999994,-92.26186935
AR,US167,8,34.858532,-92.131661
AR,US167,155,34.7795405,-92.233936
AR,US167,143AB,34.7734327,-92.2613984
AR,US167,10A,34.8691054,-92.1263082
AR,US167,6,34.841821350000004,-92.15731005
AR,US167,4,34.821714,-92.196035
AR,US167,1,34.8007066,-92.2152096
AR,US167,11,34.8934128,-92.0982362
AR,US167,153B,34.77858,-92.253147
AR,US167,139B,34.73527555,-92.26306195000001
AR,US167,42,35.203354649999994,-91.73298115
AR,US167,44,35.2213799,-91.71745315
AR,US167,46,35.250409250000004,-91.68905050000001
AR,US167,48,35.2687708,-91.67336365
AR,US167,51,35.30033505,-91.6354494
AR,US167,31,35.09148345,-91.88235180000001
AR,US167,35,35.132109299999996,-91.82079999999999
AR,US167,10,34.5704609,-92.2677607
AR,US167,16A,34.9455214,-92.0680081
AR,US167,16B,34.9490118,-92.0638167
AR,US167,16,33.79328726666667,-92.44329169999999
AR,US167,25,35.034235499999994,-91.9597162
AR,US167,28,35.06893325,-91.91610134999999
AR,US167,29,35.079938150000004,-91.89958585
AR,US167,54,35.32013165,-91.57941215
AR,US167,45,35.2358545,-91.7014283
AR,US167,55,35.31967,-91.5665085
AR,US167,2,34.7981556,-92.2173897
AR,US167,17,33.231229400000004,-92.63153255
AR,US167,15,33.1981873,-92.64097430000001
AR,US270,2,34.4784234,-93.1142284
AR,US270,9,34.4677258,-92.991483
AR,US270,3,34.469336999999996,-93.09088815
AR,US270,5B,34.46489415,-93.0577818
AR,US270,4,34.465865699999995,-93.07330685
AR,US270,98B,34.3992433,-92.8237958
AR,US270,5A,34.46553995,-93.06280985000001
AR,US270,99,34.4091106,-92.8094945
AR,US270,7,34.46523335,-93.0203563
AR,US270,1,34.4910919,-93.1117993
AR,US64,42,35.203354649999994,-91.73298115
AR,US64,44,35.2213799,-91.71745315
AR,US64,46,35.250409250000004,-91.68905050000001
AR,US64,48,35.2687708,-91.67336365
AR,US64,51,35.30033505,-91.6354494
AR,US64,31,35.09148345,-91.88235180000001
AR,US64,35,35.132109299999996,-91.82079999999999
AR,US64,28,35.0709229,-91.913326
AR,US64,29,35.079938150000004,-91.89958585
AR,US64,54,35.32013165,-91.57941215
AR,US64,45,35.2358545,-91.7014283
AR,US64,55,35.31967,-91.5665085
AR,US67,9,34.866905700000004,-92.12693845000001
AR,US67,129,34.66051095,-92.40335955
AR,US67,133,34.67888235,-92.34381325
AR,US67,135,34.68914345,-92.3058022
AR,US67,139A,34.723627,-92.267056
AR,US67,131,34.6753975,-92.3666538
AR,US67,140,34.744982,-92.26203775
AR,US67,141B,34.762293,-92.2622072
AR,US67,132,34.67848185,-92.35591654999999
AR,US67,142,34.768612899999994,-92.26186935
AR,US67,134,34.6799593,-92.32075615
AR,US67,8,34.858532,-92.131661
AR,US67,116,34.562782,-92.607292
AR,US67,121,34.60573415,-92.53373389999999
AR,US67,143AB,34.7734327,-92.2613984
AR,US67,10A,34.8691054,-92.1263082
AR,US67,11,34.8934128,-92.0982362
AR,US67,138,34.7136299,-92.270096
AR,US67,153B,34.77858,-92.253147
AR,US67,130,34.669740250000004,-92.38163545
AR,US67,128,34.6591854,-92.40271154999999
AR,US67,139B,34.73527555,-92.26306195000001
AR,US67,138B,34.708846,-92.274628
AR,US67,138A,34.7080294,-92.2786127
AR,US67,123,34.620021449999996,-92.49564245
AR,US67,117,34.574612849999994,-92.5883736
AR,US67,118,34.5878735,-92.5691655
AR,US67,114,34.5500936,-92.6247127
AR,US67,74,35.4863482,-91.3276397
AR,US67,16A,34.9455214,-92.0680081
AR,US67,126,34.641213050000005,-92.44331919999999
AR,US67,69,35.4555569,-91.3933758
AR,US67,6,34.8468025,-92.1495577
AZ,I10,303,31.9691779,-110.3309129
AZ,I10,292,31.97607675,-110.5090858
AZ,I10,291,31.9817593,-110.53631085
AZ,I10,264A,32.1635623,-110.9204199
AZ,I10,260,32.19483155,-110.976485
AZ,I10,142,33.4617771,-112.1229062
AZ,I10,160,33.30310685,-111.97214885
AZ,I10,148,33.44753065,-112.03733525
AZ,I10,159,33.3202221,-111.97221540000001
AZ,I10,144A,33.461238,-112.0885212
AZ,I10,167,33.21950545,-111.9203757
AZ,I10,157,33.3488007,-111.97160835
AZ,I10,164,33.2554313,-111.9481475
AZ,I10,158,33.334363350000004,-111.97222629999999
AZ,I10,81,33.53779995,-113.15588205
AZ,I10,152,33.4109241,-111.99500599999999
AZ,I10,153,33.4108145,-111.9840523
AZ,I10,141,33.462077050000005,-112.1346589
AZ,I10,155,33.382882550000005,-111.9678253
AZ,I10,154A,33.3759744,-111.9677991
AZ,I10,147A–B,33.4489749,-112.0371102
AZ,I10,150,33.4309188,-112.0377993
AZ,I10,161AB,33.298893449999994,-111.9719063
AZ,I10,147C,33.4532465,-112.0421871
AZ,I10,154,33.3961556,-111.9677678
AZ,I10,151,33.41299325,-112.0102792
AZ,I10,320,32.0600539,-110.07721505
AZ,I10,306,31.966666949999997,-110.2719539
AZ,I10,304,31.97823885,-110.30696595
AZ,I10,299,31.96308705,-110.39770235
AZ,I10,297,31.962883849999997,-110.4347345
AZ,I10,390,32.229175299999994,-109.05542625
AZ,I10,302,31.9649388,-110.34774965
AZ,I10,312,31.9928102,-110.17566679999999
AZ,I10,331,32.1772692,-109.94805295
AZ,I10,322,32.0811592,-110.05281485
AZ,I10,53,33.609126,-113.6202539
AZ,I10,11,33.64687295,-114.3357609
AZ,I10,31,33.66195505,-114.01271265
AZ,I10,1,33.602769800000004,-114.51899255000001
AZ,I10,69,33.56890215,-113.35246355000001
AZ,I10,4,33.619678199999996,-114.4501989
AZ,I10,5,33.62427595,-114.4342575
AZ,I10,45,33.63090925,-113.7670044
AZ,I10,26,33.6792269,-114.08541745
AZ,I10,17,33.659906649999996,-114.23986435
AZ,I10,19,33.665489,-114.1998416
AZ,I10,242,32.400675250000006,-111.13056085
AZ,I10,273,32.08170335,-110.80573145
AZ,I10,261,32.1866468,-110.96584885
AZ,I10,236,32.46196605,-111.21615854999999
AZ,I10,246,32.3579803,-111.088909
AZ,I10,250,32.32200045,-111.05131385
AZ,I10,275,32.061715750000005,-110.77392435
AZ,I10,267,32.13481315,-110.8867385
AZ,I10,279,32.027448500000006,-110.72031115
AZ,I10,240,32.42441985,-111.1636322
AZ,I10,269,32.11492885,-110.85864655
AZ,I10,262,32.1840334,-110.9588809
AZ,I10,263,32.1741312,-110.9387735
AZ,I10,248,32.337198900000004,-111.06600565
AZ,I10,254,32.27097545,-111.0108202
AZ,I10,281,32.0082795,-110.69224405
AZ,I10,256,32.24945005,-110.9921107
AZ,I10,194,32.879493350000004,-111.68694565
AZ,I10,190,32.938068200000004,-111.7007587
AZ,I10,232,32.5084899,-111.26996235
AZ,I10,203,32.77770085,-111.6201982
AZ,I10,175,33.11775605,-111.841893
AZ,I10,185,33.0033207,-111.7531893
AZ,I10,200,32.8084533,-111.66976855
AZ,I10,208,32.73499425,-111.54944785
AZ,I10,226,32.573552449999994,-111.3232757
AZ,I10,258,32.220486699999995,-110.9806684
AZ,I10,150B,33.4246597,-112.0242004
AZ,I10,150A,33.4263264,-112.0280331
AZ,I10,145A,33.4621343,-112.0585343
AZ,I10,147,33.4618155,-112.0441442
AZ,I10,146,33.4618392,-112.052926
AZ,I10,161C,33.3045561,-111.972334
AZ,I10,145B,33.462112,-112.0609673
AZ,I10,144,33.4618326,-112.0782256
AZ,I10,149,33.43717745,-112.03747575
AZ,I10,140,33.4620265,-112.15145605000001
AZ,I10,139,33.4627158,-112.161999
AZ,I10,112,33.4281747,-112.6243498
AZ,I10,114,33.43352325,-112.5910412
AZ,I10,117,33.44473644999999,-112.5563609
AZ,I10,120,33.4609109,-112.50351655
AZ,I10,121,33.46243775000001,-112.478316
AZ,I10,109,33.439172400000004,-112.6770922
AZ,I10,162,33.279607299999995,-111.96634355
AZ,I10,126,33.46129515,-112.3920145
AZ,I10,127,33.459791100000004,-112.37578625
AZ,I10,128,33.4579413,-112.359051
AZ,I10,129,33.4578307,-112.3410801
AZ,I10,130,33.45774945,-112.32309605
AZ,I10,131,33.4594241,-112.3061314
AZ,I10,132,33.4609516,-112.2962487
AZ,I10,133B,33.461850600000005,-112.2693152
AZ,I10,134,33.4620027,-112.26092095
AZ,I10,133A,33.46154225,-112.2781363
AZ,I10,135,33.46239875,-112.23718174999999
AZ,I10,136,33.4622098,-112.228468
AZ,I10,103,33.4627194,-112.781938
AZ,I10,136A,33.4628205,-112.223112
AZ,I10,137,33.4625001,-112.2111665
AZ,I10,136B,33.4628295,-112.2125329
AZ,I10,264,32.1591274,-110.9118928
AZ,I10,264B,32.1616919,-110.9170974
AZ,I10,265,32.157886500000004,-110.9100121
AZ,I10,263B,32.1769331,-110.9439784
AZ,I10,259,32.2028943,-110.97784315000001
AZ,I10,257,32.23592315,-110.98444570000001
AZ,I10,268,32.1253891,-110.875327
AZ,I10,270,32.10393845,-110.8411399
AZ,I10,251,32.308689150000006,-111.04157190000001
AZ,I10,252,32.29369735,-111.0294724
AZ,I10,255,32.259505399999995,-111.0014853
AZ,I10,199,32.817947700000005,-111.6796986
AZ,I10,198,32.8371093,-111.68610344999999
AZ,I10,143C,33.4619671,-112.0943131
AZ,I10,143AB,33.4619452,-112.0984908
AZ,I10,143A,33.4617061,-112.1170421
AZ,I10,143B,33.461687,-112.1154292
AZ,I10,244,32.37962495,-111.10997585
AZ,I10,355,32.36118165,-109.620588
AZ,I10,382,32.257312549999995,-109.19252745
AZ,I10,378,32.27207455,-109.25029475
AZ,I10,366,32.317371699999995,-109.44699055000001
AZ,I10,344,32.310133750000006,-109.79354409999999
AZ,I10,362,32.3308334,-109.5160531
AZ,I10,352,32.358868900000004,-109.68123650000001
AZ,I10,340,32.2661442,-109.8441207
AZ,I10,336,32.2213783,-109.87921405
AZ,I10,389,32.2375718,-109.0830108
AZ,I10,318,32.041270600000004,-110.09495534999999
AZ,I10,145,33.4620723,-112.069981
AZ,I10,98,33.4819031,-112.86767815
AZ,I10,94,33.4973173,-112.9367352
AZ,I10,144B,33.461427,-112.0902361
AZ,I10,125,33.4615236,-112.4023745
AZ,I10,123,33.4613864,-112.451255
AZ,I10,124A,33.4618406,-112.4297124
AZ,I10,124B,33.4617509,-112.4252209
AZ,I10,122,33.46196295,-112.4614412
AZ,I10,138A,33.4630351,-112.174411
AZ,I10,219,32.64747765,-111.39305015
AZ,I10,211,32.7244908,-111.5173393
AZ,I10,138B,33.4630084,-112.1720646
AZ,I10,263A,32.1809701,-110.9513455
AZ,I10,138,33.4626358,-112.1958765
AZ,I10,138C,33.4630858,-112.1813826
AZ,I10,154B,33.3849569,-111.9676438
AZ,I15,18,36.953570400000004,-113.79666635000001
AZ,I15,8,36.8898459,-113.9309818
AZ,I15,27,36.98258595,-113.64503024999999
AZ,I15,9,36.89720905,-113.90837775
AZ,I17,204,33.523959000000005,-112.1123195
AZ,I17,194,33.4272636,-112.0434654
AZ,I17,201,33.4795277,-112.1130768
AZ,I17,203,33.50951945,-112.1125038
AZ,I17,212,33.63945405,-112.11569175
AZ,I17,225,33.81999935,-112.14153110000001
AZ,I17,218,33.71277035,-112.11742845
AZ,I17,215B,33.6885428,-112.1128549
AZ,I17,223,33.8055431,-112.1371838
AZ,I17,232,33.91354055,-112.1454416
AZ,I17,217,33.69977325,-112.11470969999999
AZ,I17,208,33.5826848,-112.1169801
AZ,I17,211,33.6251712,-112.11650549999999
AZ,I17,199A,33.441170299999996,-112.1081853
AZ,I17,210,33.610332299999996,-112.11671000000001
AZ,I17,236,33.96674905,-112.12852335
AZ,I17,209,33.59598135,-112.11685145
AZ,I17,197,33.432368350000004,-112.10122419999999
AZ,I17,219,33.726779199999996,-112.1204139
AZ,I17,320,34.912667850000005,-111.6414216
AZ,I17,315,34.8525384,-111.60702415
AZ,I17,317,34.87479005,-111.63436970000001
AZ,I17,322,34.942153950000005,-111.65404620000001
AZ,I17,333,35.08957435,-111.6860899
AZ,I17,331,35.0506264,-111.68391550000001
AZ,I17,328,35.017736049999996,-111.6851073
AZ,I17,340B,35.173591349999995,-111.66178385
AZ,I17,326,34.981740099999996,-111.68613239999999
AZ,I17,268,34.404098250000004,-112.07372575
AZ,I17,244,34.0862743,-112.14270245
AZ,I17,285,34.558353249999996,-111.90344665
AZ,I17,306,34.7641578,-111.6567385
AZ,I17,256,34.2363234,-112.1129978
AZ,I17,298,34.6909926,-111.74389640000001
AZ,I17,289,34.610707950000005,-111.86171515000001
AZ,I17,293,34.63819005,-111.8191988
AZ,I17,259,34.28434375,-112.12076375000001
AZ,I17,278,34.51434675,-111.9923344
AZ,I17,248,34.1422032,-112.1482427
AZ,I17,300,34.7095731,-111.738072
AZ,I17,200B,33.4647462,-112.11011125
AZ,I17,195A,33.4275652,-112.052603
AZ,I17,195B,33.428595400000006,-112.0647262
AZ,I17,196,33.4293106,-112.08261765
AZ,I17,198,33.4303216,-112.1061407
AZ,I17,199B,33.44847105,-112.10822495
AZ,I17,202,33.4950598,-112.11300560000001
AZ,I17,205,33.53874295,-112.11235554999999
AZ,I17,206,33.553971250000004,-112.1129477
AZ,I17,207,33.56867735,-112.1166779
AZ,I17,214B;214A,33.6473258,-112.1149156
AZ,I17,214AB,33.6677628,-112.11363
AZ,I17,215A,33.6711357,-112.1130227
AZ,I17,341,35.1758039,-111.6614708
AZ,I17,287,34.578037800000004,-111.88518395
AZ,I17,222,33.77828715,-112.1312197
AZ,I17,223A,33.7921839,-112.1340083
AZ,I17,227,33.8418312,-112.1443032
AZ,I17,229,33.8694533,-112.14600655000001
AZ,I17,242,34.05324804999999,-112.14572145
AZ,I17,200A,33.460846200000006,-112.10940425000001
AZ,I17,252,34.19254135,-112.1313093
AZ,I17,221,33.76944005,-112.12933885
AZ,I17,223B,33.7943672,-112.1344933
AZ,I17,220,33.7492903,-112.125002
AZ,I17,283,34.5374201,-111.9254505
AZ,I17,340A,35.171351650000005,-111.66315610000001
AZ,I17,339,35.1671747,-111.6686734
AZ,I17,337,35.14149045,-111.68364475000001
AZ,I17,214C,33.66927765,-112.11336035
AZ,I17,262,34.3188412,-112.1233476
AZ,I17,263,34.334202399999995,-112.11980385
AZ,I19,63,31.8516755,-110.99375805
AZ,I19,98,32.167894950000004,-110.98585465
AZ,I19,75,31.9580027,-110.98782449999999
AZ,I19,69,31.90516695,-110.9856565
AZ,I19,87,32.07047665,-110.993042
AZ,I19,48,31.7261734,-111.05825165
AZ,I19,65,31.8703061,-110.99046544999999
AZ,I19,56,31.7898517,-111.02166919999999
AZ,I19,80,32.005154000000005,-110.99226655000001
AZ,I19,92,32.109947649999995,-110.9920473
AZ,I19,1,31.3374176,-110.9536694
AZ,I19,40,31.6526212,-111.0595774
AZ,I19,42,31.676510200000003,-111.06390105
AZ,I19,29,31.55687025,-111.050986
AZ,I19,22,31.5059069,-111.01163925
AZ,I19,34,31.60672625,-111.05193665
AZ,I19,17,31.464320450000002,-110.99392445000001
AZ,I19,12,31.4298848,-110.9648501
AZ,I19,4,31.3661379,-110.94415724999999
AZ,I19,8,31.3995086,-110.9613742
AZ,I19,25,31.5274666,-111.02425980000001
AZ,I19,95,32.1350027,-110.9865645
AZ,I19,1A,31.3345532,-110.9495652
AZ,I19,1B,31.3445971,-110.9517435
AZ,I19,99,32.177994749999996,-110.9851968
AZ,I19,101,32.1906939,-110.98074
AZ,I19,102,32.1929789,-110.979331
AZ,I40,339,35.21600925,-109.33302549999999
AZ,I40,343,35.263169,-109.2750167
AZ,I40,354,35.3105142,-109.10695734999999
AZ,I40,320,35.09949105,-109.6409932
AZ,I40,357,35.3380478,-109.06821435
AZ,I40,351,35.288724450000004,-109.15731514999999
AZ,I40,333,35.1902953,-109.4358953
AZ,I40,341,35.2441095,-109.29532533333334
AZ,I40,219,35.16085855,-111.27206365
AZ,I40,157,35.22011875,-112.27810925
AZ,I40,167,35.25819235,-112.1221199
AZ,I40,161,35.2442339,-112.2147387
AZ,I40,348,35.282738550000005,-109.2115791
AZ,I40,346,35.28172465,-109.2393249
AZ,I40,190,35.19734345,-111.74415590000001
AZ,I40,330,35.16411505,-109.48671765
AZ,I40,191,35.191447249999996,-111.72823854999999
AZ,I40,239,35.0942361,-110.9306512
AZ,I40,198,35.191872950000004,-111.62199755
AZ,I40,211,35.20094725,-111.40640934999999
AZ,I40,148,35.21659475,-112.43725520000001
AZ,I40,359,35.3578768,-109.0516693
AZ,I40,171,35.26422855,-112.0503304
AZ,I40,230,35.1173473,-111.0904786
AZ,I40,178,35.2555064,-111.93908395
AZ,I40,233,35.11017915,-111.0305895
AZ,I40,185,35.236473149999995,-111.82312375000001
AZ,I40,207,35.2019229,-111.4774945
AZ,I40,245,35.067333149999996,-110.83503395
AZ,I40,225,35.1289915,-111.1835265
AZ,I40,79,35.15978265,-113.56635299999999
AZ,I40,9,34.729581350000004,-114.31642065
AZ,I40,204,35.2088854,-111.51812509999999
AZ,I40,48,35.191066500000005,-114.06750655
AZ,I40,192,35.18582875,-111.7102395
AZ,I40,151,35.21639625,-112.37805685000001
AZ,I40,51,35.2166857,-114.0350837
AZ,I40,37,35.0334596,-114.1304949
AZ,I40,44,35.13625235,-114.10225055000001
AZ,I40,1,34.718019,-114.4779388
AZ,I40,286,34.913297650000004,-110.1572118
AZ,I40,71,35.1594633,-113.69833685
AZ,I40,257,35.0090019,-110.6420496
AZ,I40,26,34.878799,-114.14823995
AZ,I40,25,34.864937749999996,-114.14718815
AZ,I40,13,34.73435885,-114.25871269999999
AZ,I40,285,34.90660195,-110.1862525
AZ,I40,20,34.797231749999995,-114.15840815000001
AZ,I40,57,35.208400350000005,-113.95841235
AZ,I40,274,34.9563603,-110.35218674999999
AZ,I40,289,34.939058849999995,-110.12814255
AZ,I40,103,35.2517246,-113.1795527
AZ,I40,146,35.2202336,-112.472091
AZ,I40,123,35.3100608,-112.8554247
AZ,I40,144,35.2200408,-112.4973191
AZ,I40,96,35.205402750000005,-113.29694855
AZ,I40,139,35.229428150000004,-112.58585504999999
AZ,I40,121,35.320072350000004,-112.89264895
AZ,I40,201,35.216522749999996,-111.5819784
AZ,I40,269,34.9691458,-110.43395085
AZ,I40,28,34.91423115,-114.15259814999999
AZ,I40,195,35.173274199999994,-111.66141859999999
AZ,I40,325,35.1280254,-109.5440301
AZ,I40,59,35.1978355,-113.9068148
AZ,I40,149,35.21422785,-112.423372
AZ,I40,253,35.0388248,-110.6978473
AZ,I40,255,35.018748349999996,-110.67416315
AZ,I40,264,34.97561705,-110.5250819
AZ,I40,311,35.0601583,-109.7813132
AZ,I40,165,35.26054965,-112.15087489999999
AZ,I40,163,35.259163900000004,-112.1927575
AZ,I40,87,35.18994955,-113.43572664999999
AZ,I40,91,35.190609699999996,-113.36552445
AZ,I40,66,35.17622465,-113.78902895
AZ,I40,53,35.2171604,-114.0128924
AZ,I40,2,34.72207405,-114.43577345
AZ,I40,300,34.991474600000004,-109.96081685
AZ,I40,292,34.9733711,-110.0861271
AZ,I40,294,34.9800996,-110.05795520000001
AZ,I40,283,34.9072346,-110.21138479999999
AZ,I40,280,34.92132975,-110.25831285000001
AZ,I40,277,34.9526096,-110.3108014
AZ,I40,303,35.000469949999996,-109.9009551
AZ,I40,252,35.0381389,-110.7243994
AZ,I40,109,35.28923625,-113.08680395
AZ,I40,4,34.7229185,-114.4271995
AZ,I40,49,35.2053426,-114.0620822
AZ,SR143,,,
AZ,SR202,,,
AZ,SR303,,,
AZ,US60,186,33.38655505,-111.7191329
AZ,US60,194,33.40688175,-111.8151055
AZ,US60,193,33.38661245,-111.59791485
AZ,US60,173,33.3855644,-111.93959695000001
AZ,US60,185,33.386465799999996,-111.73735024999999
AZ,US60,182,33.386259550000005,-111.78860485
AZ,US60,180,33.3860873,-111.822565
AZ,US60,174,33.385634749999994,-111.9255623
AZ,US60,177,33.3857978,-111.8785395
AZ,US60,179,33.386007199999995,-111.83926009999999
AZ,US60,178,33.38589305,-111.85663955
AZ,US60,188,33.38663635,-111.68485344999999
AZ,US60,199A,33.441170299999996,-112.1081853
AZ,US60,191,33.3866594,-111.63813405
AZ,US60,181,33.38614825,-111.8052916
AZ,US60,152,33.4109241,-111.99500599999999
AZ,US60,184,33.38643285,-111.75438919999999
AZ,US60,153,33.4108145,-111.9840523
AZ,US60,157,33.50976385,-112.15187485
AZ,US60,197,33.409505525,-111.814986375
AZ,US60,154,33.3961556,-111.9677678
AZ,US60,151,33.41299325,-112.0102792
AZ,US60,31,33.6626171,-114.0205661
AZ,US60,196,33.40796995,-111.8144909
AZ,US60,198,33.401440900000004,-111.70985916666666
AZ,US60,195,33.38661605,-111.56375184999999
AZ,US60,150B,33.4246597,-112.0242004
AZ,US60,150A,33.4263264,-112.0280331
AZ,US60,200B,33.4647462,-112.11011125
AZ,US60,175,33.3856876,-111.9035413
AZ,US60,176A,33.38573135,-111.89743955
AZ,US60,176B,33.38577855,-111.8848556
AZ,US60,189,33.3865404,-111.6738479
AZ,US60,187,33.386495,-111.6985741
AZ,US60,190B,33.3865687,-111.6560092
AZ,US60,192,33.386592449999995,-111.61523165
AZ,US60,190A,33.3866659,-111.64586445
AZ,US60,195A,33.4275652,-112.052603
AZ,US60,195B,33.428595400000006,-112.0647262
AZ,US60,199B,33.44847105,-112.10822495
AZ,US60,201,33.4745608,-112.1129524
AZ,US60,212,33.2586847,-111.336747
AZ,US60,160,33.4853029,-112.1230541
AZ,US60,200A,33.460846200000006,-112.10940425000001
AZ,US60,227,33.289446,-111.0997209
AZ,US60,172,33.3856931,-111.9527655
AZ,US60,199,33.3858504,-111.4997374
AZ,US60,142,33.6387225,-112.35042845
AZ,US60,172B,33.3877843,-111.9621682
CA,I10,,,
CA,I8,,,
CO,I270,2B,39.79904515,-104.93200089999999
CO,I270,0,39.827675400000004,-104.98101095000001
CO,I270,1,39.82123955,-104.96282740000001
CO,I270,2A,39.8013755,-104.93488450000001
CO,I270,4,39.780992,-104.8995156
CO,I270,5,39.7768656,-104.8912764
CO,I70,275A,39.7799429,-104.9731485
CO,I70,168,39.627257900000004,-106.4943834
CO,I70,163,39.6493568,-106.5876734
CO,I70,182,39.6219235,-106.2784197
CO,I70,198,39.5373927,-106.1414814
CO,I70,195,39.50784075,-106.14511214999999
CO,I70,267,39.784071850000004,-105.10907925000001
CO,I70,263,39.739916300000004,-105.159256
CO,I70,262,39.73036835,-105.17152955
CO,I70,259,39.6991319,-105.20479420000001
CO,I70,271A,39.7850892,-105.049609
CO,I70,269A,39.7845853,-105.07883895
CO,I70,285,39.7658861,-104.79132455
CO,I70,283,39.769963849999996,-104.80675615
CO,I70,304,39.73823165,-104.43334475
CO,I70,286,39.75937985,-104.7724426
CO,I70,299,39.73879125,-104.5269559
CO,I70,306,39.736674,-104.40243415
CO,I70,295,39.7400052,-104.60308895
CO,I70,284,39.7707705,-104.8097329
CO,I70,273,39.783214150000006,-105.0049381
CO,I70,272,39.783948699999996,-105.0252758
CO,I70,281,39.7744075,-104.8520793
CO,I70,322,39.68229815,-104.11610385
CO,I70,316,39.71574205,-104.2229323
CO,I70,305,39.7380827,-104.418432
CO,I70,310,39.734258350000005,-104.32623050000001
CO,I70,19,39.1550514,-108.7374658
CO,I70,31,39.11130865,-108.53963175
CO,I70,15,39.17816335,-108.8131999
CO,I70,26,39.1123693,-108.6429723
CO,I70,11,39.2137102,-108.86848885
CO,I70,47,39.159954799999994,-108.300702
CO,I70,46,39.1465994,-108.3149402
CO,I70,328,39.615389300000004,-104.04102315
CO,I70,62,39.323817500000004,-108.2064015
CO,I70,2,39.19064075,-109.01904665
CO,I70,28,39.113903199999996,-108.60758659999999
CO,I70,42,39.118211849999994,-108.35971965
CO,I70,49,39.182964299999995,-108.2813122
CO,I70,37,39.10485905,-108.4455155
CO,I70,228,39.71529085,-105.69665069999999
CO,I70,221,39.692678,-105.80535800000001
CO,I70,232,39.7610851,-105.6492762
CO,I70,240,39.74117095,-105.5198
CO,I70,218,39.701691999999994,-105.8570331
CO,I70,226,39.695563,-105.72639665
CO,I70,247,39.7219875,-105.4128708
CO,I70,216,39.6850903,-105.8894295
CO,I70,239,39.7438257,-105.53240035
CO,I70,238,39.75274895,-105.55353124999999
CO,I70,241,39.74190215,-105.49485035000001
CO,I70,140,39.652559,-106.9545478
CO,I70,157,39.69739665,-106.6719514
CO,I70,147,39.6600314,-106.8277616
CO,I70,190,39.529218900000004,-106.21547745000001
CO,I70,176,39.64426925,-106.37801705
CO,I70,173,39.62781435,-106.42034985000001
CO,I70,336,39.5056767,-103.97194625
CO,I70,352,39.3121831,-103.82480835000001
CO,I70,348,39.35469875,-103.867079
CO,I70,354,39.2910862,-103.7949303
CO,I70,97,39.5448128,-107.65410994999999
CO,I70,114,39.561177900000004,-107.3613524
CO,I70,90,39.52388085,-107.77799005
CO,I70,109,39.57376775,-107.45125385
CO,I70,94,39.5318535,-107.71273579999999
CO,I70,75,39.4553741,-108.04883035
CO,I70,119,39.5615042,-107.2930748
CO,I70,105,39.56673625,-107.51631180000001
CO,I70,121,39.5599503,-107.2517867
CO,I70,116,39.550304,-107.32830945
CO,I70,252,39.7066071,-105.3232368
CO,I70,266,39.7809168,-105.1347832
CO,I70,270,39.7834156,-105.06171259999999
CO,I70,256,39.703726399999994,-105.25043105
CO,I70,438,39.30094445,-102.2552764
CO,I70,437,39.29410915,-102.27891345
CO,I70,405,39.293331949999995,-102.87428
CO,I70,429,39.2939765,-102.42808135
CO,I70,395,39.2859406,-103.06212995
CO,I70,412,39.293815550000005,-102.74223795
CO,I70,419,39.2944787,-102.6050496
CO,I70,363,39.26290515,-103.6465588
CO,I70,371,39.2751291,-103.4913937
CO,I70,383,39.2829499,-103.2675844
CO,I70,376,39.278939050000005,-103.3979885
CO,I70,359,39.27333795,-103.7072263
CO,I70,361,39.26489425,-103.66843075
CO,I70,203,39.59347185,-106.09613920000001
CO,I70,205,39.62907795,-106.0658913
CO,I70,282,39.7719335,-104.821962
CO,I70,280,39.7754324,-104.8624715
CO,I70,269B,39.786075,-105.0803928
CO,I70,264,39.7621403,-105.1439748
CO,I70,261,39.7235083,-105.1818941
CO,I70,260,39.710629,-105.19544694999999
CO,I70,271B,39.7837043,-105.0307744
CO,I70,274,39.7810218,-104.98749535
CO,I70,45,39.1403014,-108.3161031
CO,I70,81,39.498121499999996,-107.94023225000001
CO,I70,87,39.5201547,-107.84357600000001
CO,I70,111,39.5644414,-107.41208595
CO,I70,129,39.6138311,-107.14064755
CO,I70,167,39.63729165,-106.5214433
CO,I70,169,39.6212801,-106.4774497
CO,I70,171,39.6085979,-106.45100245
CO,I70,254,39.7109333,-105.29658989999999
CO,I70,253,39.7116412,-105.31630104999999
CO,I70,251,39.7043281,-105.3430487
CO,I70,248,39.7159375,-105.3875556
CO,I70,44,39.1270835,-108.3238126
CO,I70,244,39.7444772,-105.43689605
CO,I70,243,39.74565225,-105.4606108
CO,I70,289,39.740201,-104.71520935
CO,I70,292,39.7400222,-104.6606343
CO,I70,265,39.7738186,-105.14275814999999
CO,I70,275B,39.780086600000004,-104.9675743
CO,I70,279B,39.7772644,-104.88356865
CO,I70,277,39.778974399999996,-104.92127765000001
CO,I70,201,39.575757100000004,-106.11277279999999
CO,I70,125,39.5848362,-107.1982471
CO,I70,133,39.64727815,-107.06010475
CO,I70,72,39.42885115,-108.0758955
CO,I70,213,39.54059145,-106.21624125
CO,I70,185,39.586293,-106.2458168
CO,I70,180,39.6446014,-106.30806295
CO,I70,234,39.76583735,-105.6146449
CO,I70,233,39.7631538,-105.6393688
CO,I70,235,39.7643964,-105.592336
CO,I70,279A,39.7771018,-104.8800057
CO,I70,123,39.5664049,-107.2334523
CO,I70,212,39.673842,-105.96811
CO,I70,209,39.6524733,-106.013891
CO,I70,278,39.778353949999996,-104.90433519999999
CO,I70,288,39.744214,-104.73895495
CO,I70,340,39.46229765,-103.93734760000001
CO,I70,276,39.7802619,-104.9349247
CO,I70,276B,39.7802512,-104.9465766
CO,I70,276A,39.7801945,-104.9554966
CO,I76,39,40.114006,-104.52127444999999
CO,I76,31,40.07473605,-104.64601125
CO,I76,48,40.16984085,-104.37646125
CO,I76,60,40.2311687,-104.16977235
CO,I76,25,40.0002865,-104.715795
CO,I76,34,40.10182075,-104.60224305
CO,I76,16,39.9091455,-104.8247715
CO,I76,11,39.8714385,-104.900802
CO,I76,4,39.80840465,-105.0063844
CO,I76,5,39.81659165,-104.9851543
CO,I76,8,39.829267,-104.943402
CO,I76,10,39.85818585,-104.91258815
CO,I76,3,39.80103965,-105.02544205
CO,I76,20,39.942682500000004,-104.7848265
CO,I76,12,39.8802042,-104.88619754999999
CO,I76,1B,39.79555115,-105.052803
CO,I76,22,39.9723908,-104.75128885
CO,I76,21,39.957153,-104.7702205
CO,I76,18,39.930018,-104.797791
CO,I76,6,39.8235121,-104.96527025
CO,I76,9,39.8511141,-104.9194818
CO,I76,149,40.823582599999995,-102.80464194999999
CO,I76,125,40.621057449999995,-103.17270024999999
CO,I76,115,40.5003696,-103.26079895
CO,I76,155,40.855135000000004,-102.6901262
CO,I76,141,40.7697954,-102.94055725
CO,I76,134,40.708642499999996,-103.05530114999999
CO,I76,95,40.301356999999996,-103.5274815
CO,I76,82,40.263081799999995,-103.77212295
CO,I76,64,40.232259,-104.096683
CO,I76,79,40.2654013,-103.82046969999999
CO,I76,92,40.2718823,-103.5836046
CO,I76,89,40.2684784,-103.640743
CO,I76,80,40.264064649999995,-103.80130785
CO,I76,75,40.25222745,-103.8835837
CO,I76,86,40.267972099999994,-103.69748865
CO,I76,90,40.26865535,-103.62140785
CO,I76,66,40.245113,-104.05914
CO,I76,73,40.2429145,-103.92407299999999
CO,I76,66B,40.247302,-104.045252
CO,I76,180,40.9679298,-102.24738260000001
CO,I76,165,40.9028975,-102.51723
CO,I76,172,40.926155,-102.387733
CO,I76,102,40.3604625,-103.425994
CO,I76,1A,39.7884612,-105.067876
CO,I76,57,40.2160464,-104.21461655
CO,I76,66A,40.2464576,-104.0527286
CO,I76,49,40.1712994,-104.3490991
CT,I291,5C,41.7898374,-72.5688572
CT,I291,1B,41.8188562,-72.6661388
CT,I291,2,41.805631250000005,-72.61553605
CT,I291,1C,41.819019,-72.660494
CT,I291,1D,41.8147913,-72.6506693
CT,I291,5A,41.7964974,-72.5764476
CT,I395,13,41.5459236,-72.1092107
CT,I395,11,41.509747250000004,-72.11663165
CT,I395,5,41.4305703,-72.1235043
CT,I395,9,41.48861425,-72.115285
CT,I395,35,41.7629751,-71.8721668
CT,I395,38,41.80591365,-71.87251965
CT,I395,43,41.8668038,-71.88909860000001
CT,I395,13B,41.5469507,-72.1085561
CT,I395,13A,41.5437013,-72.1099698
CT,I395,37,41.7931921,-71.876668
CT,I395,37B,41.7975446,-71.8750822
CT,I395,37A,41.7933664,-71.8769035
CT,I395,53,42.00859705,-71.8548914
CT,I395,76,41.3732857,-72.1971113
CT,I395,2,41.3955568,-72.16660759999999
CT,I395,6,41.4446985,-72.1175968
CT,I395,32,41.7205465,-71.89375195
CT,I395,29,41.684420700000004,-71.9078629
CT,I395,28,41.66529215,-71.91439414999999
CT,I395,22,41.59266545,-71.9742223
CT,I395,18,41.5850466,-72.0505085
CT,I395,14,41.553746399999994,-72.10565595
CT,I395,19,41.5880148,-72.0262229
CT,I395,21,41.5890547,-71.9908561
CT,I395,24,41.614574000000005,-71.94583209999999
CT,I395,21A,41.5894643,-71.9885251
CT,I395,50,41.964263700000004,-71.87348875
CT,I395,47,41.9252554,-71.8841996
CT,I395,46,41.90912365,-71.89189825
CT,I395,45,41.90099735,-71.8983173
CT,I395,49,41.948688,-71.8809598
CT,I395,41,41.842963499999996,-71.878756
CT,I395,21B,41.5890693,-71.9921203
CT,I84,1,41.3905774,-73.538669
CT,I84,39A,41.7262373,-72.77248850000001
CT,I84,6,41.4117699,-73.4513574
CT,I84,7,41.416615199999995,-73.42469515
CT,I84,2,41.3926808,-73.528427
CT,I84,11,41.41613015,-73.26793465
CT,I84,2B2A,41.3900437,-73.5120201
CT,I84,3,41.3834804,-73.48422
CT,I84,4,41.3910076,-73.47710465
CT,I84,5,41.4035378,-73.4633762
CT,I84,8,41.415824650000005,-73.4084733
CT,I84,9,41.4244831,-73.3545722
CT,I84,10,41.4178989,-73.29101485000001
CT,I84,67,41.8542268,-72.42881299999999
CT,I84,69,41.8862421,-72.3119995
CT,I84,68,41.86389925,-72.36095145
CT,I84,64,41.823599,-72.4991751
CT,I84,66,41.8341346,-72.46332415
CT,I84,65,41.828036,-72.4814041
CT,I84,71,41.92214535,-72.26020645
CT,I84,74,42.02584765,-72.14228130000001
CT,I84,30,41.586027,-72.9003534
CT,I84,32,41.63207175,-72.87366650000001
CT,I84,58,41.7654987,-72.62540295
CT,I84,31,41.61146065,-72.89883624999999
CT,I84,37,41.70388725,-72.80390815000001
CT,I84,48,41.770411,-72.682109
CT,I84,57,41.7648878,-72.6295705
CT,I84,50,41.770245450000004,-72.6726848
CT,I84,29,41.5815844,-72.9000403
CT,I84,25A,41.540682000000004,-72.97543275000001
CT,I84,19,41.55096865,-73.05334515000001
CT,I84,21,41.5515975,-73.0432075
CT,I84,22,41.55010205,-73.03576515
CT,I84,20,41.5511322,-73.05358294999999
CT,I84,26,41.5400758,-72.95277469999999
CT,I84,18,41.5489012,-73.06399210000001
CT,I84,23,41.54593665,-73.02784805
CT,I84,59,41.77969865,-72.58193495
CT,I84,61,41.78706805,-72.5654633
CT,I84,62,41.7889187,-72.5638165
CT,I84,45,41.7516501,-72.7031212
CT,I84,46,41.75988665,-72.69865139999999
CT,I84,44,41.7499638,-72.71757775
CT,I84,47,41.7653659,-72.6906413
CT,I84,48A;48B,41.7657725,-72.6886404
CT,I84,53,41.7694179,-72.6633523
CT,I84,55,41.76682715,-72.65479295
CT,I84,54,41.7666625,-72.6531069
CT,I84,56,41.765524,-72.65229045000001
CT,I84,60,41.776104,-72.5740702
CT,I84,63,41.811423700000006,-72.52147645
CT,I84,62&60,41.8034884,-72.5458445
CT,I84,6465,41.8231018,-72.4993614
CT,I84,51,41.76993905,-72.67180365
CT,I84,52,41.7695737,-72.6704917
CT,I84,13,41.4428142,-73.2491941
CT,I84,14,41.45813875,-73.2347106
CT,I84,72,41.95940215,-72.1952866
CT,I84,73,41.9763411,-72.18245379999999
CT,I84,70,41.89968815,-72.2856557
CT,I84,25,41.5431037,-73.00820734999999
CT,I84,35,41.671148,-72.82622305000001
CT,I84,36,41.6761786,-72.81957265
CT,I84,39,41.721258500000005,-72.79221485
CT,I84,38,41.7219099,-72.7933678
CT,I84,43,41.74620525,-72.73327825000001
CT,I84,42,41.7451336,-72.7355244
CT,I84,41,41.735809,-72.7442656
CT,I84,40,41.72961575,-72.75571765000001
CT,I84,33,41.6677373,-72.842886
CT,I84,15,41.476225799999995,-73.21170265
CT,I84,16,41.4955318,-73.15974475
CT,I84,17,41.536964299999994,-73.0832929
CT,I84,28,41.56148975,-72.91676535
CT,I84,27,41.562671050000006,-72.91700785
CT,I84,49,41.7704474,-72.6817026
CT,I84,34,41.6686338,-72.8442525
DE,I495,6,39.8179139,-75.4517674
DE,I495,5,39.805639850000006,-75.45194185
DE,I495,3,39.735732299999995,-75.5215948
DE,I495,5AB,39.7146878,-75.5799014
DE,I495,4B,39.7506429,-75.5044971
DE,I495,2,39.719636449999996,-75.5417437
DE,I495,4A,39.7551048,-75.4973406
DE,I495,1,39.7170731,-75.55591375
DE,I495,4,39.7521225,-75.5019032
FL,I275,,,
FL,I295,,,
FL,I4,,,
FL,I595,8;9A;9B,26.0840897,-80.1929048
FL,I595,19,26.125120799999998,-80.36133229999999
FL,I595,1,26.1150901,-80.3148168
FL,I595,5;6,26.1064422,-80.2807977
FL,I595,4,26.1028641,-80.2648571
FL,I595,5,26.0984234,-80.2479172
FL,I595,6,26.0954135,-80.2343894
FL,I595,9C,26.0873982,-80.2078162
FL,I595,10A,26.0824948,-80.1715318
FL,I595,10B,26.081955049999998,-80.16588680000001
FL,I595,12A,26.0812673,-80.1400781
FL,I595,12B,26.0805367,-80.1354757
FL,I595,7,26.0952118,-80.23463375
FL,I595,2,26.116221,-80.321547
FL,I595,8;9AB,26.0925567,-80.2244631
FL,I595,2;3,26.1081419,-80.2863339
FL,I595,3;4,26.1137305,-80.3109553
FL,I595,8,26.0840742,-80.1969977
FL,I75,,,
FL,I95,,,
FL,SR570,,,
FL,SR60,2B,27.9717609,-82.5465129
FL,SR60,1A,27.9594353,-82.5441596
FL,SR60,1B,27.9609897,-82.5458705
FL,SR60,2A,27.9659691,-82.54655346666667
GA,I16,6,32.79947245,-83.5691887
GA,I16,2,32.84073596666667,-83.62030589999999
GA,I16,32,32.572958299999996,-83.236753
GA,I16,143,32.181296,-81.460294
GA,I16,116,32.307817,-81.8736255
GA,I16,132,32.2300945,-81.623851
GA,I16,137,32.2192544,-81.53854165
GA,I16,127,32.256159249999996,-81.71290035000001
GA,I16,111,32.3384765,-81.9531815
GA,I16,98,32.3746997,-82.1656451
GA,I16,104,32.3743795,-82.06661335000001
GA,I16,157B,32.07385755,-81.2422511
GA,I16,162,32.069804000000005,-81.16364999999999
GA,I16,160,32.0700327,-81.201585
GA,I16,165,32.066963,-81.116621
GA,I16,166,32.0675398,-81.1117704
GA,I16,157A,32.0744362,-81.24827690000001
GA,I16,152,32.099728150000004,-81.32340934999999
GA,I16,164B,32.071576,-81.132515
GA,I16,164A,32.072087350000004,-81.13749645
GA,I16,167A,32.071824,-81.102754
GA,I16,148,32.124677500000004,-81.38684
GA,I16,90,32.400897,-82.3073235
GA,I16,84,32.4182213,-82.39230810000001
GA,I16,51,32.487764049999996,-82.9351436
GA,I16,39,32.5349748,-83.13095005
GA,I16,54,32.485280450000005,-82.89524015
GA,I16,49,32.497216050000006,-82.97891279999999
GA,I16,58,32.4719065,-82.81567799999999
GA,I16,42,32.52186245,-83.0906702
GA,I16,67,32.4377225,-82.680187
GA,I16,78,32.43447475,-82.5013538
GA,I16,71,32.4341676,-82.60864085
GA,I16,27,32.5980962,-83.31237145
GA,I16,12,32.7204518,-83.53104845
GA,I16,24,32.623675750000004,-83.3697922
GA,I16,18,32.658169099999995,-83.4476664
GA,I16,155,32.0842776,-81.28045399999999
GA,I16,1A,32.8503356,-83.6302423
GA,I185,19,32.6624325,-84.98052899999999
GA,I185,25,32.747111000000004,-85.01780099999999
GA,I185,34,32.85703425,-84.97914295000001
GA,I185,30,32.8137505,-85.0211476
GA,I185,10,32.54521015,-84.9609971
GA,I185,7B,32.506714,-84.950015
GA,I185,8,32.5188412,-84.95381145
GA,I185,7,32.5111718,-84.9507379
GA,I185,6,32.48231925,-84.9391897
GA,I185,12,32.5663981,-84.96218640000001
GA,I185,3,32.4461625,-84.92779379999999
GA,I185,1B,32.4086253,-84.9253435
GA,I185,7A,32.5040058,-84.948501
GA,I185,14,32.604262750000004,-84.9524998
GA,I185,1A,32.4046454,-84.9243719
GA,I185,4,32.4616472,-84.92922125000001
GA,I185,42,32.9617455,-84.95591049999999
GA,I185,46,33.0128725,-84.95281645
GA,I185,21,33.073627,-84.92732
GA,I24,169,34.97588045,-85.41829655000001
GA,I24,167,34.9745227,-85.45047025
GA,I285,58,33.6327313,-84.3988164
GA,I285,61,33.621250149999995,-84.4693816
GA,I285,60,33.6174459,-84.43788755
GA,I285,15,33.8253783,-84.4896222
GA,I285,16,33.843931350000005,-84.4866193
GA,I285,20,33.8909209,-84.4598211
GA,I285,18,33.8652354,-84.47918115
GA,I285,19,33.8820285,-84.472
GA,I285,51,33.68358135,-84.3104988
GA,I285,43,33.7528825,-84.2318395
GA,I285,32,33.89577855,-84.2644206
GA,I285,33,33.8788331,-84.2496038
GA,I285,31B,33.9134249,-84.2869407
GA,I285,34,33.8806023,-84.2496688
GA,I285,33A,33.8995586,-84.2694243
GA,I285,44,33.73704215,-84.2307983
GA,I285,39A,33.819362850000005,-84.251661
GA,I285,36,33.8569509,-84.2469866
GA,I285,31,33.9096062,-84.28269
GA,I285,31A,33.9146101,-84.288178
GA,I285,30,33.9193833,-84.30624495
GA,I285,53,33.6691149,-84.3374311
GA,I285,48,33.69894705,-84.2667592
GA,I285,40,33.80350235,-84.2501628
GA,I285,52,33.67323425,-84.3287106
GA,I285,37,33.8459319,-84.24726050000001
GA,I285,42,33.7634787,-84.232296
GA,I285,33B,33.8975873,-84.2667972
GA,I285,46B,33.7097498,-84.2458258
GA,I285,29,33.9153044,-84.3440798
GA,I285,38,33.824781,-84.2516038
GA,I285,41,33.77938155,-84.24047335
GA,I285,55,33.6521365,-84.36706765
GA,I285,24,33.91588095,-84.40830935
GA,I285,5A,33.68808285,-84.50003165000001
GA,I285,22,33.90780115,-84.43114
GA,I285,1,33.6383531,-84.4936134
GA,I285,5B,33.69200295,-84.50010209999999
GA,I285,9,33.7548937,-84.49508235
GA,I285,12,33.78673245,-84.4929463
GA,I285,2,33.65687265,-84.4976566
GA,I285,7,33.7234298,-84.50265925
GA,I285,10B,33.765308649999994,-84.49370880000001
GA,I285,10A,33.7611893,-84.49385774999999
GA,I285,62,33.6231387,-84.47308785000001
GA,I285,13,33.7973485,-84.4874999
GA,I285,39B,33.8147683,-84.2515108
GA,I285,46,33.7224378,-84.236367
GA,I285,46A,33.7136669,-84.2419918
GA,I285,25;27B,33.9141631,-84.3512092
GA,I285,2627,33.9121519,-84.3820586
GA,I285,25,33.9126828,-84.3891094
GA,I285,27,33.9190555,-84.3353388
GA,I30,,,
GA,I475,3,32.80973835,-83.7256903
GA,I475,9,32.87992975,-83.7688914
GA,I475,5,32.83338935,-83.73354705
GA,I475,15,32.950598150000005,-83.812467
GA,I475,177,32.9601095,-83.8149251
GA,I475,1,32.7584312,-83.7110021
GA,I475,156,32.7536745,-83.7110204
GA,I516,,,
GA,I520,5,33.424081,-82.05945105
GA,I520,7,33.4071172,-82.0301811
GA,I520,9,33.40286525,-82.00766139999999
GA,I520,2,33.46662795,-82.08333615000001
GA,I520,3,33.45093465,-82.07415225
GA,I520,10,33.40575175,-81.98847384999999
GA,I520,1,33.4822873,-82.0842951
GA,I520,16,33.453855950000005,-81.9313041
GA,I520,1C,33.48156115,-82.0847337
GA,I59,231,34.592137,-85.642468
GA,I59,239,34.694501,-85.5709694
GA,I59,224,34.500522,-85.693796
GA,I59,11,34.8701001,-85.51578119999999
GA,I59,4,34.77205205,-85.54016695
GA,I59,17,34.942477,-85.4760076
GA,I675,1,33.55366535,-84.2695437
GA,I675,2,33.577764,-84.27790354999999
GA,I675,7,33.63354095,-84.3042724
GA,I675,227,33.5392702,-84.2647928
GA,I675,5,33.612370600000006,-84.2963639
GA,I79,,,
GA,I95,90,31.9600911,-81.3290036
GA,I95,87,31.92477105,-81.33008185
GA,I95,7,30.84714675,-81.6725218
GA,I95,1,30.75863715,-81.6522168
GA,I95,6,30.8254277,-81.66657409999999
GA,I95,14,30.94477105,-81.6858771
GA,I95,26,31.1020867,-81.59777555
GA,I95,22,31.056557599999998,-81.6394407
GA,I95,99BA,32.0814836,-81.2424806
GA,I95,104,32.141033050000004,-81.24039075
GA,I95,102,32.1123058,-81.23795745
GA,I95,99B,32.0752392,-81.2451425
GA,I95,99A,32.07171665,-81.24715524999999
GA,I95,94,32.00461475,-81.28352015
GA,I95,109,32.1912595,-81.194717
GA,I95,106,32.1672775,-81.2162112
GA,I95,38,31.2426387,-81.5033213
GA,I95,42,31.3061158,-81.4799536
GA,I95,29,31.1382163,-81.57465925
GA,I95,36B,31.22230575,-81.52127825
GA,I95,67,31.653806250000002,-81.39510295
GA,I95,76,31.778239,-81.37866695
GA,I95,58,31.53219575,-81.4450363
GA,I95,49,31.3965677,-81.44860084999999
GA,I95,36A,31.21987545,-81.52377150000001
GA,I95,3,30.79320655,-81.65946650000001
GA,I95,82,31.86426585,-81.33650130000001
GA,I985,4,34.0868734,-83.99360684999999
GA,I985,113,34.0429998,-84.0314402
GA,I985,24,34.316114,-83.788537
GA,I985,12,34.1789845,-83.9141625
GA,I985,20,34.2655025,-83.8205188
GA,I985,22,34.283453,-83.8068315
GA,I985,8,34.139925500000004,-83.9503045
GA,I985,16,34.223315,-83.868485
GA,I985,17,34.2304953,-83.855739
GA,I985,14,34.2020488,-83.89269855
GA,US19,3,31.58238005,-84.11248735000001
GA,US19,5,32.39069246666667,-84.2211564
GA,US19,6A,31.614968,-84.17189
GA,US19,2B,31.57381475,-84.11154015
GA,US19,1,31.5456503,-84.1150945
GA,US19,2A,31.5697607,-84.11190035
GA,US19,4,32.37427196666666,-84.2027313
GA,US19,17,34.25218705,-84.09303704999999
GA,US19,9,34.05385965,-84.2876327
GA,US19,8,34.0393398,-84.3106463
GA,US19,11,34.087468599999994,-84.2613296
GA,US19,6,33.9819351,-84.3419351
GA,US19,10,34.06841405,-84.2720694
GA,US19,11A,34.1019349,-84.2453126
GA,US19,16,34.229644699999994,-84.10222479999999
GA,US19,15,34.2085936,-84.12262725
GA,US19,14,34.1837066,-84.13942815
GA,US19,12A,34.1118454,-84.228748
GA,US19,12B,34.1143249,-84.2232867
GA,US19,12,34.118883,-84.2188829
GA,US19,13,34.1589861,-84.1729852
GA,US19,7A,34.0181399,-84.3268507
GA,US19,7,34.025015,-84.322073
GA,US19,7B,34.0217553,-84.3242189
GA,US19,18,34.263388649999996,-84.0869251
GA,US19,4A;4B,33.9179348,-84.3581908
GA,US19,26;27,33.9100913,-84.3664687
GA,US78,7,33.8787679,-83.75808085
GA,US78,1,33.86088895,-83.85630945
GA,US78,9,33.82296625,-84.12049535
GA,US78,8,33.86314433333333,-83.8751848
GA,US78,5,33.82246585,-84.16570175000001
GA,US78,2,33.815759,-84.2519184
GA,US78,3,33.825473599999995,-84.2328792
GA,US78,4,33.86196953333333,-83.937732
GA,US78,4B,33.9165795,-83.3984548
GA,US78,4A,33.9164378,-83.4043258
GA,US78,6,33.9213043,-83.37799405000001
GA,US78,40,33.911537,-83.4549293
IA,I235,123B,41.59221105,-93.77703445
IA,I235,5A,41.5924376,-93.6887912
IA,I235,4,41.5930801,-93.70417954999999
IA,I235,3,41.5933507,-93.7186256
IA,I235,6,41.5932159,-93.66028135
IA,I235,5B,41.59190805,-93.6746957
IA,I235,12,41.6277572,-93.57558705
IA,I235,8A,41.595800600000004,-93.6268451
IA,I235,11,41.614797550000006,-93.5777043
IA,I235,7A,41.594401,-93.65024
IA,I235,8B,41.59598675,-93.6061186
IA,I235,1B,41.59228205,-93.75238949999999
IA,I235,2,41.592867150000004,-93.73598915
IA,I235,9,41.5979098,-93.598762
IA,I235,137AB,41.6459193,-93.5755342
IA,I235,10A,41.600448,-93.58680425
IA,I235,7,41.5960969,-93.6330315
IA,I235,7B,41.5957627,-93.6441533
IA,I235,123A,41.5923112,-93.7777739
IA,I235,1A,41.592347,-93.7635633
IA,I235,10B,41.6014365,-93.583198
IA,I25,,,
IA,I29,15,40.7577775,-95.816476
IA,I29,24,40.887418,-95.79979449999999
IA,I29,10,40.68892045,-95.7827664
IA,I29,20,40.8220325,-95.806476
IA,I29,1,40.6002575,-95.67733865
IA,I29,75,41.55048515,-95.91742504999999
IA,I29,89,41.711132750000004,-96.04455135
IA,I29,82,41.619996,-95.98811
IA,I29,95,41.798776,-96.052339
IA,I29,35BA,41.0553756,-95.8208504
IA,I29,42,41.149498,-95.8222145
IA,I29,32,41.001554999999996,-95.80637935
IA,I29,120,42.1279346,-96.2043274
IA,I29,112,42.026352599999996,-96.13207835
IA,I29,105,41.9308117,-96.1038528
IA,I29,55,41.27542475,-95.88186264999999
IA,I29,53,41.2660138,-95.9088141
IA,I29,47,41.218484200000006,-95.8298056
IA,I29,51,41.2359971,-95.8960139
IA,I29,61A,41.352198,-95.8988095
IA,I29,53A,41.2496944,-95.9066834
IA,I29,61B,41.357309900000004,-95.90083665
IA,I29,48A,41.2267178,-95.8366912
IA,I29,71,41.491968099999994,-95.90097065
IA,I29,66,41.4192709,-95.90041235
IA,I29,50,41.23237855,-95.87959085
IA,I29,72,41.502270499999995,-95.90214850000001
IA,I29,56,41.287561,-95.867415
IA,I29,52,41.2449412,-95.90544215
IA,I29,49,41.23236505,-95.85480369999999
IA,I29,54,41.2714864,-95.9018496
IA,I29,143,42.43453035,-96.3735298
IA,I29,151,42.49406485,-96.4680175
IA,I29,135,42.330732350000005,-96.3190492
IA,I29,134,42.30864335,-96.30314365000001
IA,I29,141,42.400755849999996,-96.36662915
IA,I29,144,42.4529951,-96.3766185
IA,I29,149,42.491546650000004,-96.4211522
IA,I29,127,42.2326352,-96.2427406
IA,I29,148,42.4894467,-96.4058464
IA,I29,147B,42.4874542,-96.3960932
IA,I29,144A,42.4408012,-96.3752374
IA,I29,144B,42.4464523,-96.3752661
IA,I29,48,41.2320752,-95.8501283
IA,I29,147,42.4893158,-96.4060397
IA,I29,35AB,41.0357465,-95.8175467
IA,I29,147A,42.4837001,-96.3910673
IA,I29,48B,41.2325989,-95.8418918
IA,I29,53B,41.2546278,-95.9067151
IA,I35,33,41.0244445,-93.7942765
IA,I35,34,41.044601,-93.7883775
IA,I35,36,41.069882,-93.7812
IA,I35,29,40.97192235,-93.79743210000001
IA,I35,22,40.8701075,-93.80244450000001
IA,I35,4,40.623513,-93.89018250000001
IA,I35,18,40.811864,-93.82719399999999
IA,I35,12,40.738574,-93.8423835
IA,I35,159,42.67376945,-93.4558145
IA,I35,170,42.803501,-93.359414
IA,I35,165,42.74584995,-93.3979782
IA,I35,176,42.8915772,-93.3507465
IA,I35,139,42.39844685,-93.57047175
IA,I35,142B,42.451193700000005,-93.5690091
IA,I35,144,42.4713831,-93.56878664999999
IA,I35,133,42.3105929,-93.56950445000001
IA,I35,142A,42.44629745,-93.5692466
IA,I35,126,41.62878835,-93.77691924999999
IA,I35,96,41.792140700000004,-93.57078715
IA,I35,125,41.6153891,-93.77684525000001
IA,I35,135,41.6495039,-93.61914619999999
IA,I35,72C,41.5939384,-93.7770852
IA,I35,72B123,41.59752,-93.777208
IA,I35,127,41.6513924,-93.7671283
IA,I35,90,41.70292905,-93.57617450000001
IA,I35,131,41.652136049999996,-93.69804400000001
IA,I35,68,41.52543145,-93.77437295
IA,I35,136,41.64992325,-93.6003777
IA,I35,137A,41.6536835,-93.5797161
IA,I35,72A,41.588369799999995,-93.77746325
IA,I35,92,41.73159445,-93.577104
IA,I35,124,41.994897099999996,-93.6394411
IA,I35,69,41.54136975,-93.77532934999999
IA,I35,72B,41.5913954,-93.7772041
IA,I35,89,41.68013415,-93.57684950000001
IA,I35,123,42.16609955,-93.5705316
IA,I35,102,41.8786695,-93.5715153
IA,I35,111B,42.012415,-93.571341
IA,I35,116,42.0778707,-93.56694590000001
IA,I35,113,42.03496545,-93.5703982
IA,I35,111A,42.006867,-93.5712917
IA,I35,111,41.9973046,-93.5708863
IA,I35,52,41.2939115,-93.7797185
IA,I35,47,41.22729845,-93.78154355000001
IA,I35,56,41.363181749999995,-93.7801629
IA,I35,43,41.176408699999996,-93.78401875
IA,I35,65,41.4826683,-93.78026625000001
IA,I35,208,43.35745165,-93.34895315
IA,I35,214,43.444332,-93.3496845
IA,I35,203,43.284408049999996,-93.34994675
IA,I35,151,42.572761650000004,-93.54860160000001
IA,I35,137AB,41.6595527,-93.5757746
IA,I35,190,43.09627295,-93.3454126
IA,I35,188,43.06745655,-93.3429052
IA,I35,182,42.98025405,-93.34457435
IA,I35,180,42.94396505,-93.35074660000001
IA,I35,193,43.133925399999995,-93.35610535
IA,I35,194,43.1463585,-93.35586265
IA,I35,197,43.19909015,-93.35023695000001
IA,I35,147,42.5145634,-93.56773580000001
IA,I35,129,41.6521724,-93.736421
IA,I35,70,41.559119249999995,-93.776656
IA,I35,94,41.7610128,-93.57087685
IA,I35,128,41.945089675000006,-93.6630595
IA,I35,127A,41.6398404,-93.7768853
IA,I35,127B,41.6444232,-93.7767733
IA,I380,68,42.45725445,-92.2546498
IA,I380,66,42.44980875,-92.21959515
IA,I380,55,42.35395355,-92.06465650000001
IA,I380,62,42.41319235,-92.171641
IA,I380,70,42.4592685,-92.29449550000001
IA,I380,65,42.4449747,-92.1891868
IA,I380,43,42.24502825,-91.8910735
IA,I380,41,42.228635999999995,-91.8670235
IA,I380,72,42.468423200000004,-92.3183373
IA,I380,49,42.31211235,-91.97769414999999
IA,I380,2,41.7228077,-91.64214525
IA,I380,4,41.7528464,-91.6420622
IA,I380,10,41.847811,-91.6668745
IA,I380,13,41.8909102,-91.67102145
IA,I380,19C,41.9751893,-91.6761222
IA,I380,35,42.17077999999999,-91.77954650000001
IA,I380,17,41.94535225,-91.67033095
IA,I380,16A,41.9221119,-91.6702994
IA,I380,20B,41.98421315,-91.66448595
IA,I380,21,41.99593435,-91.6653919
IA,I380,22,42.00932925,-91.6666445
IA,I380,24B,42.0284718,-91.6729298
IA,I380,25,42.0450669,-91.684393
IA,I380,19B,41.9781256,-91.6748262
IA,I380,16,41.9343642,-91.6693105
IA,I380,24,42.0385743,-91.6772818
IA,I380,20A,41.9811638,-91.6678886
IA,I380,18,41.956368749999996,-91.6708509
IA,I380,28,42.09239275,-91.70154835
IA,I380,24A,42.0221783,-91.6688054
IA,I380,16B,41.9274023,-91.6697138
IA,I380,23,42.0168667,-91.6666259
IA,I380,26,42.058500800000004,-91.69908595
IA,I380,71,42.461581,-92.3144848
IA,I380,19A,41.9675116,-91.6709922
IA,I380,0,41.7026731,-91.6422516
IA,I74,1,41.57483145,-90.52220654999999
IA,I74,3,41.540427,-90.51770175
IA,I74,298,41.5963073,-90.5265401
IA,I74,2,41.5553975,-90.5220129
IA,I74,4,41.52668535,-90.5135627
IA,I74,1A,41.5147686,-90.510562
IA,SR150,,,
IA,SR163,,,
IA,SR17,,,
IA,SR18,,,
IA,SR60,,,
IA,US151,54,42.10386025,-91.26707125
IA,US151,49,42.07080165,-91.33214215
IA,US151,253,41.92683285,-91.65373295
IA,US151,252B,41.92703415,-91.6726793
IA,US151,252C,41.92694285,-91.66518875
IA,US151,254B,41.9265088,-91.6380413
IA,US151,252A,41.92804205,-91.6789655
IA,US151,248,41.9433301,-91.7334096
IA,US151,259,41.926234,-91.5410611
IA,US151,30,41.9302458,-91.5430532
IA,US151,250,41.938412,-91.71551099999999
IA,US151,254,41.9267787,-91.6363235
IA,US151,65,42.23083805,-91.1706582
IA,US151,63,42.2074265,-91.1889448
IA,US151,77,42.31063865,-90.99680620000001
IA,US151,75,42.3003953,-91.0290166
IA,US151,183,42.4226364,-90.6936195
IA,US151,187,42.478428550000004,-90.6678585
IA,US151,188,42.4819017,-90.6667275
IA,US151,190,42.513582799999995,-90.649847
IA,US151,189B,42.50451615,-90.66062505
IA,US151,254A,41.926606,-91.6452097
IA,US151,189A,42.4954227,-90.6630191
IA,US151,184,42.43559125,-90.68241850000001
IA,US18,190,43.107713375,-93.234530775
IA,US18,204,43.0618404,-92.3350095
IA,US18,201,43.03018085,-92.3266239
IA,US18,214,43.05707835,-92.7176972
IA,US18,212,43.09001550000001,-92.7191565
IA,US18,195,43.1166807,-93.02304634999999
IA,US18,218,43.038558,-92.679638
IA,US18,193,43.133925399999995,-93.35610535
IA,US18,194,43.1421717,-93.3557462
IA,US18,186,43.104945150000006,-93.2010976
IA,US18,183,43.10536555,-93.2607665
IA,US18,209,43.1254492,-92.7449975
IA,US18,196,42.9709662,-92.3179707
IA,US18,178,43.102662,-93.3312918
IA,US20,68,42.45725445,-92.2546498
IA,US20,66,42.44980875,-92.21959515
IA,US20,70,42.4592685,-92.29449550000001
IA,US20,227,42.45806015,-92.40380465
IA,US20,230,42.4531102,-92.34664015
IA,US20,229,42.45363395,-92.3754462
IA,US20,240,42.449980499999995,-92.1626153
IA,US20,238,42.4498581,-92.1822407
IA,US20,225,42.4645608,-92.44437070000001
IA,US20,252,42.44796925,-91.91971290000001
IA,US20,266,42.463738899999996,-91.6471054
IA,US20,245,42.449253299999995,-92.0557501
IA,US20,254,42.4487703,-91.8902301
IA,US20,261,42.461626499999994,-91.75353745000001
IA,US20,275,42.46474335,-91.48047389999999
IA,US20,277,42.4709226,-91.44011420000001
IA,US20,282,42.4698248,-91.34247049999999
IA,US20,292,42.4711548,-91.1460557
IA,US20,136,42.4492771,-93.90444485
IA,US20,153B,42.44877725,-93.56528755
IA,US20,145,42.44912505,-93.7191675
IA,US20,121,42.4455422,-94.18370245
IA,US20,124,42.45049725,-94.12121755000001
IA,US20,2,42.4533438,-96.33323279999999
IA,US20,3,42.460802150000006,-96.32734020000001
IA,US20,4,42.4685069,-96.3235244
IA,US20,1,42.4441499,-96.3483339
IA,US20,1B,42.4463837,-96.3765303
IA,US20,153A,42.448768900000005,-93.57328985000001
IA,US20,149,42.4490043,-93.6401599
IA,US20,140,42.449110250000004,-93.8158359
IA,US20,181,42.45661115,-93.0516109
IA,US20,175,42.4264169,-93.14360225
IA,US20,187,42.462966,-92.92563240000001
IA,US20,208,42.4628337,-92.76889695
IA,US20,215,42.4612457,-92.6311702
IA,US20,220,42.463682,-92.53437675
IA,US20,224,42.464895850000005,-92.46636415
IA,US20,232B,42.4538789,-92.3131109
IA,US20,285,42.471208950000005,-91.2721023
IA,US20,294,42.46943505,-91.11374845
IA,US20,300,42.4392049,-91.00580655
IA,US20,308,42.44082495,-90.85011195
IA,US20,168,42.448133850000005,-93.26042465
IA,US20,314,42.4755645,-90.76108785
IA,US20,304,42.4398269,-90.9313255
IA,US20,116,42.4519847,-94.28630785
IA,US20,96,42.44984325,-94.66880195
IA,US20,82,42.4540741,-94.9540586
IA,US20,71,42.4721191,-95.14846725000001
IA,US20,155,42.4481895,-93.52089895
IA,US20,162,42.447868549999995,-93.38561949999999
IA,US20,232A,42.4530621,-92.3176226
IA,US20,71A,42.4545475,-92.3115582
IA,US20,311,42.44187595,-90.7878242
IA,US218,185,42.534557,-92.39550325
IA,US218,180,42.493116650000005,-92.3434827
IA,US218,72,42.468423200000004,-92.3183373
IA,US218,198,42.6892831,-92.47647205
IA,US218,195,42.648385149999996,-92.45588925000001
IA,US218,214,43.05707835,-92.7176972
IA,US218,212,42.968515950000004,-92.631081525
IA,US218,218,43.0387435,-92.6721865
IA,US218,45,40.9928662,-91.53684595
IA,US218,40,40.937469,-91.5342605
IA,US218,42A,40.9547472,-91.5222134
IA,US218,2,41.7228077,-91.64214525
IA,US218,4,41.7528464,-91.6420622
IA,US218,10,41.847811,-91.6668745
IA,US218,93,41.6570485,-91.5978205
IA,US218,91,41.633727,-91.567813
IA,US218,85,41.554441999999995,-91.5447005
IA,US218,89,41.6117131,-91.5504315
IA,US218,13,41.8909102,-91.67102145
IA,US218,248,41.94524135,-91.7408187
IA,US218,252B,41.92703415,-91.6726793
IA,US218,16A,41.9221119,-91.6702994
IA,US218,252A,41.92804205,-91.6789655
IA,US218,246A,41.9601175,-91.78271135
IA,US218,246B,41.9586476,-91.7762568
IA,US218,250,41.938412,-91.71551099999999
IA,US218,16B,41.9274023,-91.6697138
IA,US218,18,40.6185985,-91.5592175
IA,US218,19,40.6390666,-91.55710835
IA,US218,71,42.461581,-92.3144848
IA,US218,181B,42.4963055,-92.3466035
IA,US218,181A,42.4941423,-92.3432607
IA,US218,181,42.4986326,-92.3602968
IA,US218,184,42.516073399999996,-92.3861761
IA,US218,182,42.5057401,-92.371676
IA,US218,203,42.71529045,-92.5342644
IA,US218,189,42.5612719,-92.4260865
IA,US218,80,41.486950050000004,-91.5512937
IA,US218,66,41.28891165,-91.5334224
IA,US218,42B,40.9590341,-91.5192317
IA,US218,70,41.337351850000005,-91.55210894999999
IA,US218,205,42.744716249999996,-92.53400325000001
IA,US218,220,42.95279214999999,-92.55075425
IA,US218,0,41.7026731,-91.6422516
IA,US218,42,40.9596917,-91.5192301
IA,US218,192,42.6134652,-92.44353735
IA,US218,231,41.9636211,-92.0268533
IA,US30,137,42.0347355,-93.8151775
IA,US30,126,42.029593500000004,-94.0280135
IA,US30,142,42.02068975,-93.7228766
IA,US30,231,41.96349085,-92.02811745
IA,US30,311B,41.819945,-90.568475
IA,US30,312AB,41.8087862,-90.5610145
IA,US30,313,41.80736205,-90.53884930000001
IA,US30,323,41.81564365,-90.35487695
IA,US30,312,41.8082959,-90.5670604
IA,US30,248,41.94524135,-91.7408187
IA,US30,253,41.92683285,-91.65373295
IA,US30,252B,41.92703415,-91.6726793
IA,US30,252C,41.92694285,-91.66518875
IA,US30,254B,41.9265088,-91.6380413
IA,US30,252A,41.92804205,-91.6789655
IA,US30,246A,41.9601175,-91.78271135
IA,US30,246B,41.9586476,-91.7762568
IA,US30,259,41.92632825,-91.5388672
IA,US30,250,41.938412,-91.71551099999999
IA,US30,254,41.9267787,-91.6363235
IA,US30,179,42.0081007,-93.02057515
IA,US30,186,42.003928200000004,-92.88265385
IA,US30,185,42.00367095,-92.91264029999999
IA,US30,151A,42.0073985,-93.57530405
IA,US30,151B,42.0079515,-93.56736825
IA,US30,146,42.003242549999996,-93.6393481
IA,US30,164,42.0078625,-93.3084695
IA,US30,158,42.007964,-93.4315905
IA,US30,148,42.004920150000004,-93.61060785000001
IA,US30,150,42.006574,-93.58722725
IA,US30,144,42.0088941,-93.679779
IA,US30,181,42.0073037,-92.9871066
IA,US30,182,42.0035327,-92.9527847
IA,US30,192,42.010999,-92.78483175
IA,US30,254A,41.926606,-91.6452097
IA,US30,204,41.9677518,-92.5455642
IA,US30,202,41.98272245,-92.58556365
IA,US30,311A,41.8254303,-90.569339
IA,US30,265,41.91153045,-91.42804115000001
IA,US30,268,41.911871,-91.36648969999999
IA,US30,217,41.9641441,-92.29748165
IA,US34,45,40.987535,-91.526911
IA,US34,244,40.913701700000004,-91.41404255
IA,US34,234,40.98865955,-91.547055
IA,US34,229,40.9702131,-91.6410385
IA,US34,195,41.00333275,-92.30392415
IA,US34,191,41.0098466,-92.3704899
IA,US34,199,40.9983728,-92.23724874999999
IA,US34,210,41.00651315,-92.02178345
IA,US34,203,41.00361875,-92.16309365000001
IA,US34,212,40.98371395,-91.9628991
IA,US34,214,41.00015380000001,-91.91222985
IA,US34,263,40.813128899999995,-91.0995707
IA,US34,262B,40.81555155,-91.11044215
IA,US34,261,40.81860785000001,-91.14144590000001
IA,US34,260,40.8167311,-91.16735729999999
IA,US34,258,40.835137,-91.20866545
IA,US34,259,40.82359445,-91.18686295
IA,US34,255,40.83034915,-91.2717181
IA,US34,231,40.9854932,-91.6044228
IA,US34,262A,40.81742615,-91.12565015
IA,US34,42,40.9596917,-91.5192301
IA,US75,2,42.4533438,-96.33323279999999
IA,US75,3,42.460802150000006,-96.32734020000001
IA,US75,97,42.519334,-96.337186
IA,US75,4,42.4685069,-96.3235244
IA,US75,99,42.55233485,-96.33862545
IA,US75,1,42.4441499,-96.3483339
IA,US75,93,42.4820569,-96.323823
IA,US75,1B,42.4463837,-96.3765303
IA,US75,116,42.7641213,-96.2092753
IA,US75,120,42.817298,-96.1806143
IA,US75,118,42.7929868,-96.204338
ID,I15,0,44.5579326,-112.3146216
ID,I15,398,41.9813333,-112.1927317
ID,I15,69,42.87731035,-112.42599770000001
ID,I15,36,42.502000499999994,-112.169607
ID,I15,47,42.66134415,-112.21175735
ID,I15,57,42.790644,-112.238858
ID,I15,44,42.61774335,-112.19911395
ID,I15,31,42.4305505,-112.18235250000001
ID,I15,58,42.799571,-112.268744
ID,I15,80,43.0218993,-112.40809625
ID,I15,71,42.8974072,-112.43551125
ID,I15,72,42.9191863,-112.4413574
ID,I15,40,42.5680074,-112.17976305
ID,I15,67,42.83910265,-112.4104464
ID,I15,63,42.799146,-112.36385515
ID,I15,93,43.198812849999996,-112.3636938
ID,I15,108,43.382008299999995,-112.1897216
ID,I15,89,43.1528851,-112.3887359
ID,I15,98,43.2617234,-112.30910785
ID,I15,118,43.49704555,-112.0542157
ID,I15,113,43.43884,-112.1211275
ID,I15,128,43.62340495,-112.07968935
ID,I15,119,43.5041984,-112.05548404999999
ID,I15,190,44.4873479,-112.23516434999999
ID,I15,180,44.3573725,-112.18641600000001
ID,I15,172,44.2495622,-112.22756915
ID,I15,184,44.4134769,-112.19949265
ID,I15,167,44.176487550000004,-112.24044255000001
ID,I15,135,43.716642,-112.13430925
ID,I15,143,43.83052405,-112.19488960000001
ID,I15,150,43.9250949,-112.2121714
ID,I15,22,42.304525999999996,-112.210271
ID,I15,13,42.1838335,-112.2325015
ID,I15,17,42.234552,-112.23076
ID,I15,3,42.03715945,-112.21138529999999
ID,I15,116,43.4679656,-112.08553284999999
ID,I84,35,43.60059095,-116.57251815000001
ID,I84,5,41.96480115,-112.75528800000001
ID,I84,71,43.38535525,-115.99709595
ID,I84,54,43.56592044999999,-116.19687895
ID,I84,49,43.5946432,-116.2863481
ID,I84,50B,43.58893585,-116.27157865000001
ID,I84,59A,43.5156621,-116.1473872
ID,I84,57,43.541330349999996,-116.16084945
ID,I84,59,43.501667,-116.13709
ID,I84,44,43.59346085,-116.39333585
ID,I84,50A,43.5916708,-116.27731025
ID,I84,64,43.4656964,-116.09478225000001
ID,I84,52,43.57569395,-116.24427155
ID,I84,42,43.59353295,-116.4343115
ID,I84,50A–B,43.5966087,-116.2911385
ID,I84,29,43.6622553,-116.66114845
ID,I84,38,43.59928885,-116.5130327
ID,I84,17,43.80635045,-116.75183655000001
ID,I84,25,43.7080586,-116.69995895
ID,I84,26,43.6904521,-116.69323779999999
ID,I84,27,43.68047455,-116.68852005
ID,I84,36,43.59888395,-116.5526207
ID,I84,228,42.515704299999996,-113.42242895
ID,I84,245,42.3277135,-113.2128985
ID,I84,237,42.41513875,-113.31921625000001
ID,I84,216,42.568811749999995,-113.6238714
ID,I84,254,42.241202400000006,-113.08972765
ID,I84,222,42.5667896,-113.51603735
ID,I84,120,42.961949,-115.313258
ID,I84,99,43.087605499999995,-115.61407399999999
ID,I84,121,42.960038,-115.29042845000001
ID,I84,90,43.174148,-115.749695
ID,I84,95,43.13929935,-115.6639303
ID,I84,125,42.973851499999995,-115.21452450000001
ID,I84,129,42.95388045,-115.1494897
ID,I84,112,42.958626,-115.463238
ID,I84,74,43.3445655,-115.953052
ID,I84,114,42.946139,-115.421121
ID,I84,141,42.9237051,-114.9340641
ID,I84,155,42.775252,-114.723633
ID,I84,157,42.7662415,-114.703881
ID,I84,147,42.858793,-114.8446285
ID,I84,137,42.938072500000004,-114.9926475
ID,I84,194,42.57609555,-114.06939355
ID,I84,173,42.6421115,-114.44558459999999
ID,I84,182,42.577523,-114.29520049999999
ID,I84,168,42.68890585,-114.51843704999999
ID,I84,188,42.576057,-114.171813
ID,I84,165,42.7239365,-114.546335
ID,I84,201,42.57657545,-113.93115435
ID,I84,208,42.5681599,-113.7925374
ID,I84,263,42.15158405,-112.9850589
ID,I84,211,42.56881115,-113.73170105
ID,I84,13,43.8666693,-116.77897555
ID,I84,3,43.9712433,-116.9140453
ID,I84,9,43.9072002,-116.8158607
ID,I84,33,43.612225699999996,-116.59974980000001
ID,I84,46,43.5955378,-116.3561117
ID,I84,28,43.6703134,-116.67690393333334
ID,I84,59B,43.5074124,-116.1430669
ID,I84,53,43.570789899999994,-116.2156461
ID,I86,61,42.912814999999995,-112.4666239
ID,I86,63,42.9124072,-112.447103
ID,I86,15,42.5989915,-113.229093
ID,I86,222,42.5694402,-113.5259929
ID,I86,33,42.711334,-112.9257175
ID,I86,58,42.91249305,-112.52933569999999
ID,I86,21,42.62105485,-113.1215085
ID,I86,36,42.74941235,-112.8796792
ID,I86,44,42.836477,-112.7692245
ID,I86,56,42.901855850000004,-112.57690785
ID,I86,52,42.88813035,-112.63390509999999
ID,I86,49,42.87195555,-112.6951163
ID,I86,40,42.7931828,-112.8278841
ID,I86,28,42.6683868,-112.9939167
ID,I86,1,42.5713924,-113.5119561
ID,I90,13,47.697428200000004,-116.7808127
ID,I90,12,47.698721,-116.79235489999999
ID,I90,6,47.712715,-116.924257
ID,I90,11,47.69998365,-116.80747009999999
ID,I90,5,47.713021350000005,-116.9479422
ID,I90,22,47.62399965,-116.6484337
ID,I90,28,47.62012665,-116.52785815
ID,I90,7,47.71075765,-116.89636775
ID,I90,34,47.575566550000005,-116.44241685
ID,I90,15,47.6741922,-116.7529049
ID,I90,2,47.7085085,-117.001825
ID,I90,14,47.6882157,-116.76448189999999
ID,I90,39,47.5498278,-116.35286239999999
ID,I90,60,47.49068975,-115.954948
ID,I90,62,47.473147499999996,-115.915617
ID,I90,64,47.472555,-115.86778104999999
ID,I90,68,47.4641591,-115.8033214
ID,I90,57,47.50852535,-115.99770095
ID,I90,54,47.527585,-116.0488091
ID,I90,65,47.467752149999995,-115.84817325
ID,I90,61,47.47787175,-115.93200945000001
ID,I90,67,47.4654401,-115.81363675
ID,I90,48,47.54662955,-116.1758325
ID,I90,69,47.4685037,-115.78535074999999
ID,I90,66,47.461899,-115.8279
ID,I90,0,47.45417625,-115.69462925
ID,I90,45,47.5460993,-116.22676179999999
ID,I90,43,47.5501439,-116.2713416
ID,I90,299,47.6968962,-117.0418126
ID,I90,17,47.656573550000005,-116.72482265
ID,I90,50,47.53920325,-116.12180599999999
ID,I90,49,47.545508999999996,-116.13326789999999
ID,I90,51,47.5395625,-116.1236948
ID,I90,40,47.547957800000006,-116.32620890000001
ID,I90,1,47.70166395,-117.01936574999999
IL,I24,16,37.41550765,-88.8705145
IL,I24,7,37.53328615,-88.92380495
IL,I24,14,37.44639215,-88.88690360000001
IL,I24,37,37.16123315,-88.682675
IL,I24,27,37.3007937,-88.75318795000001
IL,I24,44AB,37.6041408,-88.9952505
IL,I255,25B,38.67723415,-90.02985975
IL,I255,25A,38.6703239,-90.02950290000001
IL,I255,30,38.7490419,-90.0434178
IL,I255,24,38.65772685,-90.03168595
IL,I255,29,38.730317150000005,-90.03736425
IL,I255,26,38.69411915,-90.03071765
IL,I255,6,38.47818895,-90.23035585
IL,I255,9,38.507590949999994,-90.20584555
IL,I255,15,38.566099300000005,-90.12982275
IL,I255,10,38.526683500000004,-90.196046
IL,I255,19,38.604665600000004,-90.0844304
IL,I255,17A,38.580539099999996,-90.1105205
IL,I255,17B,38.584448550000005,-90.10476729999999
IL,I255,13,38.5521105,-90.160026
IL,I255,20,38.6210148,-90.07107385
IL,I270,12,38.7556515,-89.9564905
IL,I270,3,38.7662204,-90.1183387
IL,I270,7B,38.7571249,-90.0357784
IL,I270,9,38.7565853,-90.00958005
IL,I270,15A,38.7519586,-89.9140445
IL,I270,7A,38.7572516,-90.0437835
IL,I270,15B,38.75219155,-89.90372285000001
IL,I270,7,38.757251,-90.056302
IL,I270,6,38.7575001,-90.0723375
IL,I270,3B,38.766057,-90.123292
IL,I270,6B,38.757547,-90.060766
IL,I270,3A,38.7660787,-90.1303247
IL,I270,6A,38.75767,-90.0674722
IL,I270,4,38.7601289,-90.09420370000001
IL,I290,27C,41.875525249999995,-87.68740305
IL,I290,26B,41.8745327,-87.7066076
IL,I290,18B,41.871154000000004,-87.86136425000001
IL,I290,17,41.8719651,-87.89219299999999
IL,I290,16,41.8702362,-87.8913572
IL,I290,21B,41.8735767,-87.80392760000001
IL,I290,7,41.9637215,-88.0209448
IL,I290,15A,41.879204433333335,-87.91504003333334
IL,I290,12,41.914153,-87.93915465
IL,I290,13A,41.905395,-87.9249172
IL,I290,5,41.98426945,-88.0239755
IL,I290,15B,41.8749402,-87.9134897
IL,I290,28B,41.875778749999995,-87.66762145
IL,I290,29A,41.8755874,-87.6616866
IL,I290,21A,41.8721917,-87.8199855
IL,I290,23A,41.871161900000004,-87.77334085000001
IL,I290,23B,41.87113325,-87.76411975
IL,I290,1B,42.0313385,-88.0307461
IL,I290,4,42.001898249999996,-88.02631124999999
IL,I290,10A,41.92816515,-87.96987874999999
IL,I290,25,41.8740165,-87.7305035
IL,I290,19A,41.87106645,-87.8529737
IL,I290,20,41.87154675,-87.83387615000001
IL,I290,19B,41.8713552,-87.8398792
IL,I290,28A,41.87563095,-87.67652405
IL,I290,27B,41.8757578,-87.6887536
IL,I290,27A,41.8745121,-87.7042774
IL,I290,26A,41.873970549999996,-87.7205169
IL,I290,24A,41.8717375,-87.7500704
IL,I290,18A,41.871000699999996,-87.86699055
IL,I290,14B,41.8893698,-87.9206219
IL,I290,14A,41.8931786,-87.9205907
IL,I290,14,41.8850947,-87.9203234
IL,I290,10B,41.9272728,-87.96330535
IL,I290,24B,41.8714016,-87.7491437
IL,I290,13B,41.906807,-87.9238558
IL,I290,1A,42.0497335,-88.0294918
IL,I294,52,42.1490306,-87.8757561
IL,I294,160,41.5779318,-87.5412514
IL,I294,2AB,41.5793358,-87.6284954
IL,I294,40A,41.990038,-87.8677787
IL,I294,6AB,41.5904098,-87.68086120000001
IL,I294,39,41.9728098,-87.8693089
IL,I294,40,41.9781635,-87.8693906
IL,I294,33,41.9061056,-87.9201228
IL,I294,45,42.0606442,-87.8679242
IL,I294,0,41.5777804,-87.5932503
IL,I294,161,41.577754850000005,-87.56662965000001
IL,I294,5,41.58280555,-87.6752785
IL,I294,2BA,41.578076,-87.6456654
IL,I294,8,41.6317598,-87.6972476
IL,I294,12BA,41.6651352,-87.7478594
IL,I294,17A,41.7202779,-87.8074802
IL,I294,30B,41.8613083,-87.9184316
IL,I294,29,41.8387992,-87.9192302
IL,I294,27B,41.8202606,-87.914998
IL,I294,27A,41.81640635,-87.91393635
IL,I294,23B,41.7611627,-87.8932847
IL,I294,23A,41.7575227,-87.8818874
IL,I294,22,41.75523565,-87.87571265
IL,I294,17B,41.7211234,-87.8079218
IL,I294,17,41.7148954,-87.8027286
IL,I294,12B,41.6602078,-87.733184
IL,I294,12A,41.6587472,-87.7305756
IL,I294,48,42.1069094,-87.86914125
IL,I294,4,41.5813998,-87.6792299
IL,I294,42AB,41.9981729,-87.8656796
IL,I294,38B,41.9589591,-87.8788799
IL,I294,38A,41.9571381,-87.8800449
IL,I294,38B–A,41.9672953,-87.8731459
IL,I294,6BA,41.6085812,-87.6819708
IL,I294,44B,42.0382403,-87.8681265
IL,I294,44A,42.0361814,-87.867423
IL,I294,40B,41.9959098,-87.8658538
IL,I294,7BA,41.6243578,-87.6907495
IL,I294,30A,41.8594795,-87.9189622
IL,I294,7,41.6138352,-87.6844253
IL,I294,31,41.865682,-87.9170329
IL,I294,23,41.771645,-87.9072787
IL,I294,34,41.9210197,-87.9200676
IL,I35,,,
IL,I355,7,41.74479193333334,-88.01650066666667
IL,I355,15,41.7513405,-88.0353046
IL,I355,29,41.92752635,-88.03778585
IL,I355,18,41.7865836,-88.05527000000001
IL,I355,24,41.8589346,-88.03940030000001
IL,I355,19,41.8087994,-88.0520948
IL,I355,2022,41.8424641,-88.0293611
IL,I355,20A,41.7967834,-88.0567757
IL,I355,20B,41.7995001,-88.0567578
IL,I355,17,41.771879049999995,-88.045406
IL,I355,27,41.902992749999996,-88.03788465
IL,I355,31,41.9527581,-88.0318996
IL,I355,8,41.6574249,-88.01947555
IL,I355,4,41.59944385,-88.01110854999999
IL,I355,0A;0B,41.5419681,-87.9648696
IL,I355,1,41.5509083,-87.97812074999999
IL,I355,12B,41.710144799999995,-88.03190255000001
IL,I355,12A,41.704572600000006,-88.03095785
IL,I355,13,41.72958305,-88.03435255
IL,I355,22,41.8239771,-88.0282509
IL,I36,,,
IL,I39,1,42.490984600000004,-88.99401155000001
IL,I39,122A,42.240042,-88.9659193
IL,I39,8,41.511094825,-88.985892225
IL,I39,72,41.55433435,-89.06105925
IL,I39,59A,41.36405255,-89.05969
IL,I39,57,41.3364217,-89.0714665
IL,I39,59B,41.37134745,-89.05885185
IL,I39,97B,41.908391449999996,-89.0223551
IL,I39,104,42.007548,-89.0208379
IL,I39,111,42.10394945,-89.0228837
IL,I39,115,42.16596665,-89.02363715
IL,I39,5,40.60678165,-89.00034185
IL,I39,2,40.56087545,-89.0025008
IL,I39,119,42.2161184,-89.00366109999999
IL,I39,97A,41.9019104,-89.01928665
IL,I39,15,42.276331299999995,-88.96481399999999
IL,I39,17,42.2505359,-88.9633487
IL,I39,35,41.02823325,-89.05639099999999
IL,I39,41,41.11903825,-89.075354
IL,I39,48,41.22158,-89.0779045
IL,I39,51,41.264850499999994,-89.08123035
IL,I39,52,41.27602015,-89.081804
IL,I39,54,41.2951992,-89.08275455
IL,I39,66,41.470200250000005,-89.05002905
IL,I39,82,41.698710750000004,-89.03139730000001
IL,I39,87,41.76066225,-89.00960445000001
IL,I39,93,41.8509787,-89.0102071
IL,I39,99,41.93424995,-89.0241364
IL,I39,14,40.73374285,-89.03441705
IL,I39,22,40.85251265,-89.0363256
IL,I39,27,40.911168,-89.0566466
IL,I39,3,42.4565573,-88.99495855
IL,I39,12,42.31884725,-88.96456
IL,I474,6A,40.6565081,-89.6432327
IL,I474,99,40.6310169,-89.5111085
IL,I474,15,40.6320055,-89.5393169
IL,I474,6B,40.6535359,-89.6401682
IL,I474,6,40.6607678,-89.6492233
IL,I474,5,40.6712486,-89.66659145
IL,I474,3A,40.69681115,-89.67579724999999
IL,I474,0A,40.7364704,-89.6700523
IL,I474,0B,40.73724795,-89.66995295000001
IL,I474,9,40.6307624,-89.61212309999999
IL,I51,,,
IL,I55,276C,41.7585549,-87.9103392
IL,I55,277A,41.76006485,-87.9026356
IL,I55,290,41.83639975,-87.67706770000001
IL,I55,282,41.7966644,-87.81334
IL,I55,293A,41.8472169,-87.6360048
IL,I55,271B,41.7179339,-88.0047515
IL,I55,273A,41.7304399,-87.97576415
IL,I55,273B,41.7324162,-87.96999325
IL,I55,271A,41.7156887,-88.00897395
IL,I55,293C,41.8481291,-87.623007
IL,I55,248,41.456634199999996,-88.19594269999999
IL,I55,268,41.707573,-88.024859
IL,I55,261,41.6373111,-88.1593622
IL,I55,251,41.5024462,-88.19767064999999
IL,I55,250B,41.490501699999996,-88.1975891
IL,I55,224,41.4020586,-88.1933874
IL,I55,217,41.0938438,-88.45053555
IL,I55,105,39.907088349999995,-89.59516550000001
IL,I55,98B,39.80433875,-89.5945495
IL,I55,92AB,39.738896999999994,-89.6396636
IL,I55,88,39.68584075,-89.64309885
IL,I55,100B,39.83370395,-89.5933095
IL,I55,201,40.9186269,-88.6427291
IL,I55,244,41.3897207,-88.1927224
IL,I55,241,41.35482485,-88.19190375
IL,I55,227,41.1850252,-88.32179355
IL,I55,220,41.11725695,-88.41433305
IL,I55,197,40.87380175,-88.6714176
IL,I55,126,40.1630532,-89.41770645
IL,I55,123,40.11309175,-89.41648895
IL,I55,119,40.0740964,-89.4415178
IL,I55,133,40.1864105,-89.31420299999999
IL,I55,127,40.176900599999996,-89.41142975
IL,I55,140,40.2597495,-89.2199265
IL,I55,41,39.020889499999996,-89.750031
IL,I55,44,39.0722835,-89.755716
IL,I55,33,38.93154785,-89.80101235000001
IL,I55,17,38.7172385,-89.92071014999999
IL,I55,18,38.73232125,-89.9126015
IL,I55,11,38.67940845,-90.0133117
IL,I55,30,38.8890855,-89.8383215
IL,I55,37,38.968021,-89.75373450000001
IL,I55,9,38.6669262,-90.0504976
IL,I55,6,38.6627847,-90.09358245
IL,I55,10,38.67248745,-90.03096120000001
IL,I55,15A,38.7078003,-89.960939
IL,I55,15B,38.70839375,-89.9569652
IL,I55,23,38.79567215,-89.89522174999999
IL,I55,20B,38.754325050000006,-89.90657279999999
IL,I55,20A,38.7472859,-89.90849795
IL,I55,63,39.32225699999999,-89.64268100000001
IL,I55,52,39.175405600000005,-89.68099735
IL,I55,60,39.278178499999996,-89.64183249999999
IL,I55,72,39.447406,-89.6441049
IL,I55,1B,38.6212755,-90.1660708
IL,I55,1,38.617137299999996,-90.17136815
IL,I55,4B,38.6481472,-90.1244759
IL,I55,2B,38.6309473,-90.1537899
IL,I55,4,38.6404136,-90.1338459
IL,I55,4A,38.645073,-90.128944
IL,I55,3B,38.6359511,-90.1379318
IL,I55,3,38.6323951,-90.1481646
IL,I55,3A,38.6343565,-90.1404186
IL,I55,80,39.56699065,-89.64619915
IL,I55,98A,39.79932975,-89.59589869999999
IL,I55,83,39.6160267,-89.64693795
IL,I55,2A,38.6295818,-90.1581572
IL,I55,263,41.655561899999995,-88.12529079999999
IL,I55,257,41.583726150000004,-88.16886405
IL,I55,276A,41.755384500000005,-87.91896969999999
IL,I55,293D,41.847894,-87.6220761
IL,I55,293B,41.8473199,-87.6268182
IL,I55,154,40.4079859,-89.0542844
IL,I55,165B,40.5387884,-88.9958789
IL,I55,160,40.48511655,-89.0286175
IL,I55,145,40.31209495,-89.16482155
IL,I55,187,40.738229849999996,-88.73755475
IL,I55,178,40.644778099999996,-88.8094132
IL,I55,171,40.57171055,-88.9011434
IL,I55,164&165,40.5387548,-88.9858374
IL,I55,163,40.5338577,-89.02304749999999
IL,I55,165A,40.5388867,-89.0008054
IL,I55,164,40.5391906,-89.0180658
IL,I55,157,40.4513444,-89.0236519
IL,I55,157A;157B,40.4353199,-89.0283483
IL,I55,167,40.53949055,-88.94804875
IL,I55,287,41.823195999999996,-87.7238761
IL,I55,283,41.798793599999996,-87.80142169999999
IL,I55,274,41.7387756,-87.9511306
IL,I55,274AB,41.7447143,-87.9387764
IL,I55,40B,38.6189355,-90.1859962
IL,I55,2C,38.6312612,-90.1531202
IL,I55,279A,41.7609234,-87.873198
IL,I55,279B,41.7617061,-87.8671311
IL,I55,253,41.521537050000006,-88.188985
IL,I55,267,41.68574615,-88.06673425
IL,I55,288,41.8322873,-87.6954268
IL,I55,289,41.8292423,-87.7042159
IL,I55,286,41.8169223,-87.74371675
IL,I55,285,41.8108752,-87.76290695
IL,I55,282A,41.7898448,-87.8243743
IL,I55,282B,41.7937355,-87.8206179
IL,I55,279AB,41.7631224,-87.8583649
IL,I55,277B,41.7606754,-87.8959619
IL,I55,276B,41.7577191,-87.9134339
IL,I55,269,41.70360384999999,-88.03234090000001
IL,I55,247,41.43428405,-88.19499404999999
IL,I55,240,41.34422635,-88.19163375
IL,I55,236,41.2888394,-88.23131865
IL,I55,238,41.3123451,-88.1931148
IL,I55,233,41.259322999999995,-88.24653140000001
IL,I55,209,41.0059105,-88.5365821
IL,I55,109,39.956922399999996,-89.55397445
IL,I55,292,41.8474238,-87.630973
IL,I55,96B,39.78891055,-89.59868374999999
IL,I55,96A,39.78410125,-89.5999731
IL,I55,100A,39.8293066,-89.5929505
IL,I55,82,39.5933921,-89.646597
IL,I55,115,40.019843800000004,-89.49433955
IL,I55,250A,41.4803704,-88.1971343
IL,I55,94,39.7601676,-89.60548125
IL,I55,90,39.713862649999996,-89.6438359
IL,I55,292A,41.8418847,-87.6589639
IL,I55,292B,41.8454193,-87.6493876
IL,I57,335,41.4270794,-87.75943799999999
IL,I57,302,40.9998343,-87.9059355
IL,I57,235A,40.1174045,-88.3050279
IL,I57,240,40.1811589,-88.245407
IL,I57,238,40.1570187,-88.27144255
IL,I57,250,40.307987749999995,-88.1840013
IL,I57,220,39.9055973,-88.27971725
IL,I57,235B,40.1224507,-88.30506905
IL,I57,229,40.0253185,-88.3037175
IL,I57,237B,40.14807075,-88.28166025
IL,I57,237A,40.1442206,-88.28607170000001
IL,I57,63,41.720145,-87.6246836
IL,I57,190B,39.4869698,-88.32191230000001
IL,I57,184,39.42656675,-88.37796334999999
IL,I57,177,39.33073465,-88.4334666
IL,I57,203,39.6810119,-88.29223365
IL,I57,163,39.1543454,-88.5077636
IL,I57,151,38.99787725,-88.59015385000001
IL,I57,145,38.9334674,-88.6629598
IL,I57,159,39.120745549999995,-88.5685326
IL,I57,162,39.145707099999996,-88.52965305000001
IL,I57,160,39.1340582,-88.5619167
IL,I57,157,39.0914124,-88.5801251
IL,I57,135,38.839489549999996,-88.7853701
IL,I57,261,40.4551792,-88.1121754
IL,I57,65,37.897864049999995,-88.946096
IL,I57,77,38.0805673,-88.91599575000001
IL,I57,71,37.996751,-88.9338598
IL,I57,272,40.6043515,-88.0554472
IL,I57,293,40.8843713,-87.96769315
IL,I57,283,40.7513986,-88.0065232
IL,I57,280,40.71481425,-88.0280398
IL,I57,297,40.928770549999996,-87.92891850000001
IL,I57,83,38.154695000000004,-88.91343385
IL,I57,96,38.33547445,-88.9549219
IL,I57,103,38.43741595,-88.95185595000001
IL,I57,92,38.27102925,-88.93384125
IL,I57,95,38.3130355,-88.95197945000001
IL,I57,94,38.2995483,-88.9462716
IL,I57,40,37.555949,-89.0326705
IL,I57,312,41.118303600000004,-87.83564765
IL,I57,308,41.0766632,-87.8688108
IL,I57,116,38.62737235,-88.97231239999999
IL,I57,127,38.7588389,-88.8934016
IL,I57,109,38.519832199999996,-88.9619103
IL,I57,18,37.27169615,-89.1573804
IL,I57,8,37.1294602,-89.1794707
IL,I57,36,37.52336525,-89.0793139
IL,I57,30,37.448435950000004,-89.14401724999999
IL,I57,24,37.3701074,-89.15547480000001
IL,I57,25,37.375823,-89.1546541
IL,I57,54A,37.7354565,-88.9587382
IL,I57,45,37.6215416,-88.98763495
IL,I57,44,37.606786850000006,-88.99450920000001
IL,I57,59,37.81686425,-88.94593125
IL,I57,53,37.732618849999994,-88.9587913
IL,I57,327,41.3244086,-87.81988285
IL,I57,54,37.7531278,-88.9535894
IL,I57,353,41.6632467,-87.66256035
IL,I57,355,41.69076105,-87.6603608
IL,I57,357,41.714686650000004,-87.6417223
IL,I57,212,39.791608499999995,-88.2645446
IL,I57,190A,39.48180875,-88.321742
IL,I57,358,41.7187644,-87.6251399
IL,I57,345A,41.56334819999999,-87.74328080000001
IL,I57,345B,41.56900935,-87.74319925
IL,I57,354,41.678569100000004,-87.6620659
IL,I57,348AB,41.6023336,-87.70823565
IL,I57,346,41.5828555,-87.7335409
IL,I57,346AB,41.5924774,-87.7212917
IL,I57,342,41.5231511,-87.7423995
IL,I57,342B,41.5323838,-87.7428426
IL,I57,342A,41.5276256,-87.7427725
IL,I57,340B,41.5118554,-87.7426665
IL,I57,340,41.5016323,-87.742361
IL,I57,340A,41.5065156,-87.7426477
IL,I57,232,40.069767049999996,-88.3038511
IL,I57,192,39.521924299999995,-88.3143577
IL,I57,339,41.48413495,-87.74668765000001
IL,I57,322,41.2504122,-87.85227760000001
IL,I57,1,37.04488675,-89.20076230000001
IL,I57,315,41.16756025,-87.85185014999999
IL,I57,337,41.455193300000005,-87.7568157
IL,I57,349350,41.6100931,-87.6977821
IL,I57,54B,37.7409519,-88.9579007
IL,I57,318,41.2074901,-87.8669536
IL,I57,350,41.6288126,-87.673823
IL,I64,69,38.36194735,-89.0348262
IL,I64,80,38.273312950000005,-88.90440825
IL,I64,96,38.3304081,-88.9551544
IL,I64,95,38.3130355,-88.95197945000001
IL,I64,94,38.2995483,-88.9462716
IL,I64,78,38.2709034,-88.9248481
IL,I64,1B,38.6212755,-90.1660708
IL,I64,1,38.617137299999996,-90.17136815
IL,I64,6,38.62063915,-90.0935021
IL,I64,2B,38.6309473,-90.1537899
IL,I64,4B,38.6217204,-90.1219641
IL,I64,12,38.599154,-89.985126
IL,I64,19B,38.572113900000005,-89.8727307
IL,I64,3B,38.6294418,-90.1404002
IL,I64,19A,38.5738303,-89.87961405
IL,I64,27,38.5355791,-89.7291768
IL,I64,7,38.61928545,-90.06781835000001
IL,I64,23,38.55195655,-89.80692995000001
IL,I64,14,38.59221835,-89.94667104999999
IL,I64,3A,38.6292639,-90.1401846
IL,I64,4A,38.6237492,-90.1307336
IL,I64,3,38.63031235,-90.14373175
IL,I64,21,38.56563645,-89.84775685
IL,I64,16,38.57695785,-89.92818885
IL,I64,2A,38.6295818,-90.1581572
IL,I64,9,38.61577425,-90.0488617
IL,I64,41,38.43982965,-89.53036800000001
IL,I64,100,38.26785405,-88.5445852
IL,I64,110,38.2661206,-88.34749105
IL,I64,130,38.2349905,-88.0065735
IL,I64,117,38.25002105,-88.2300075
IL,I64,61,38.389464950000004,-89.170929
IL,I64,40B,38.6189355,-90.1859962
IL,I64,2C,38.6312612,-90.1531202
IL,I64,92,38.2760024,-88.9363478
IL,I64,89,38.275299399999994,-88.7427949
IL,I64,34,38.5002769,-89.6120312
IL,I64,50,38.3916475,-89.3708236
IL,I64,73,38.3386072,-88.9613369
IL,I70,45,38.872224599999996,-89.38245800000001
IL,I70,36,38.83121545,-89.54514119999999
IL,I70,41,38.852834,-89.45415249999999
IL,I70,52,38.9146401,-89.26958315
IL,I70,129,39.3210972,-87.98406725000001
IL,I70,136,39.35872745,-87.88214364999999
IL,I70,147,39.4215527,-87.69313869999999
IL,I70,154,39.42802695,-87.55994285
IL,I70,119,39.255525500000005,-88.153711
IL,I70,98,39.150512,-88.5015144
IL,I70,159,39.120745549999995,-88.5685326
IL,I70,105,39.16910265,-88.37938065
IL,I70,162,39.145707099999996,-88.52965305000001
IL,I70,160,39.1340582,-88.5619167
IL,I70,82,39.044965399999995,-88.74457509999999
IL,I70,92,39.0924833,-88.58719
IL,I70,61,38.96987375,-89.13291655
IL,I70,68,38.97427945,-89.00328495
IL,I70,76,39.011367500000006,-88.85728065
IL,I70,63,38.9782895,-89.0967763
IL,I70,17,38.7172385,-89.92071014999999
IL,I70,18,38.73232125,-89.9126015
IL,I70,11,38.67940845,-90.0133117
IL,I70,9,38.6669262,-90.0504976
IL,I70,6,38.6627847,-90.09358245
IL,I70,24,38.7764065,-89.742937
IL,I70,10,38.67248745,-90.03096120000001
IL,I70,21,38.762058999999994,-89.801008
IL,I70,15A,38.7078003,-89.960939
IL,I70,15B,38.70839375,-89.9569652
IL,I70,30,38.786649,-89.6310765
IL,I70,20A,38.742752,-89.909627
IL,I70,4B,38.6481472,-90.1244759
IL,I70,4,38.6404136,-90.1338459
IL,I70,4A,38.645073,-90.128944
IL,I70,3B,38.6359511,-90.1379318
IL,I70,3C,38.6354743,-90.1385471
IL,I70,2,38.643337700000004,-90.1556339
IL,I70,3,38.6367169,-90.1493444
IL,I72,92AB,39.7439294,-89.6352782
IL,I72,182A,40.12005725,-88.30860039999999
IL,I72,176,40.1204269,-88.40749374999999
IL,I72,182B,40.119888,-88.304379
IL,I72,144,39.9104235,-88.8894498
IL,I72,141A,39.90819235,-88.95850365000001
IL,I72,128,39.8346026,-89.156436
IL,I72,150,39.9554725,-88.82254035
IL,I72,156,40.016578550000006,-88.7450579
IL,I72,141B,39.9083981,-88.9518722
IL,I72,138,39.89644525,-89.00398795
IL,I72,133A–B,39.8357294,-89.0587505
IL,I72,133AB,39.8446889,-89.0469128
IL,I72,64,39.686554,-90.22892354999999
IL,I72,60A,39.680394199999995,-90.29875555
IL,I72,60B,39.6804165,-90.2904354
IL,I72,172,40.1056352,-88.49110435
IL,I72,166,40.05465905,-88.562986
IL,I72,164,40.035842349999996,-88.59675849999999
IL,I72,98A,39.79932975,-89.59589869999999
IL,I72,96,39.741924,-89.6709912
IL,I72,52,39.681212,-90.4563575
IL,I72,46,39.68518505,-90.5714241
IL,I72,169,40.081358550000004,-88.5277807
IL,I72,103A,39.8019884,-89.5959856
IL,I72,92A,39.7433775,-89.6385312
IL,I72,35,39.674044699999996,-90.7688438
IL,I72,1,39.7270113,-91.3384179
IL,I72,97B,39.7427324,-89.6438923
IL,I72,97A,39.7425814,-89.6515822
IL,I72,96B,39.78891055,-89.59868374999999
IL,I72,96A,39.78410125,-89.5999731
IL,I72,91,39.75198175,-89.75024735
IL,I72,82,39.740192949999994,-89.9239067
IL,I72,104,39.80673525,-89.57944145
IL,I72,103B,39.8024636,-89.5900708
IL,I72,68,39.72317135,-90.16780779999999
IL,I72,76,39.7369636,-90.0418542
IL,I72,93,39.74312005,-89.7050528
IL,I72,108,39.8376845,-89.52062295
IL,I72,114,39.838877,-89.40635975000001
IL,I72,122,39.8367348,-89.25481015
IL,I72,94,39.7601676,-89.60548125
IL,I72,10,39.718729350000004,-91.195076
IL,I72,31,39.6714665,-90.83805455000001
IL,I72,4,39.7492363,-91.29268189999999
IL,I72,20,39.7044851,-91.03939605
IL,I74,192,40.1203736,-88.04412345
IL,I74,172,40.1986345,-88.397805
IL,I74,185,40.12178595,-88.17085315
IL,I74,184,40.13359455,-88.19577635
IL,I74,183,40.13505325,-88.22022774999999
IL,I74,182,40.134804450000004,-88.242915
IL,I74,197,40.11993165,-87.9590523
IL,I74,181,40.135315399999996,-88.25813815
IL,I74,174,40.1873765,-88.365545
IL,I74,179,40.146658599999995,-88.28406939999999
IL,I74,159,40.2514499,-88.6250018
IL,I74,32,41.1773963,-90.33243295
IL,I74,24,41.29561785,-90.33405725
IL,I74,46B,40.98130705,-90.33645775
IL,I74,51,40.921812,-90.2960309
IL,I74,48,40.9487465,-90.3336139
IL,I74,46A,40.98596705,-90.33642055
IL,I74,71,40.8506163,-89.92870865
IL,I74,82,40.774351,-89.75321500000001
IL,I74,75,40.82755655,-89.8703737
IL,I74,166,40.21924255,-88.5000336
IL,I74,4B,41.4687665,-90.4949248
IL,I74,5A,41.45978075,-90.49279005
IL,I74,210,40.12240295,-87.70884799999999
IL,I74,200,40.123834900000006,-87.90235385
IL,I74,160,40.48511655,-89.0286175
IL,I74,142,40.3898226,-88.8759049
IL,I74,135,40.4360588,-88.99080860000001
IL,I74,149,40.3386775,-88.7651005
IL,I74,134A,40.4419869,-89.0181134
IL,I74,120,40.5823185,-89.1411655
IL,I74,127,40.5390304,-89.0394005
IL,I74,134B,40.439469349999996,-89.01715795
IL,I74,125,40.53998235,-89.06382805
IL,I74,152,40.31140005,-88.72667135
IL,I74,157,40.4513444,-89.0236519
IL,I74,163,40.5283981,-89.0274207
IL,I74,18B,41.4578888,-90.494967
IL,I74,54,40.91221565,-90.24996625
IL,I74,48A,40.9476298,-90.333375
IL,I74,48B,40.9431906,-90.3331675
IL,I74,99,40.635498999999996,-89.5220867
IL,I74,98,40.64320215,-89.54055285000001
IL,I74,112,40.6219811,-89.27544800000001
IL,I74,101,40.621426,-89.48750515
IL,I74,94,40.67977315,-89.5799507
IL,I74,4A,41.47359255,-90.4944112
IL,I74,3,41.492225250000004,-90.5039235
IL,I74,214,40.10481455,-87.64988435000001
IL,I74,215AB,40.10502565,-87.63626135
IL,I74,206,40.1268264,-87.7781952
IL,I74,220,40.117554150000004,-87.53519270000001
IL,I74,92A,40.70296395,-89.597498
IL,I74,93,40.6937998,-89.58686925
IL,I74,92B,40.701485899999994,-89.5945696
IL,I74,87B,40.741370700000004,-89.6648139
IL,I74,87A,40.7434495,-89.67311699999999
IL,I74,88,40.7360594,-89.6297483
IL,I74,89,40.732507350000006,-89.62166515
IL,I74,91,40.70768315,-89.61337925000001
IL,I74,90,40.71976705,-89.6206499
IL,I74,95A,40.6745895,-89.5769909
IL,I74,95B,40.6720561,-89.5751439
IL,I74,95,40.6672854,-89.5714033
IL,I74,96,40.6611927,-89.5670388
IL,I74,102,40.62178385,-89.46424479999999
IL,I74,216,40.11289345,-87.61048635
IL,I74,2,41.5013604,-90.5081055
IL,I74,1A,41.5147686,-90.510562
IL,I74,1B,41.5122218,-90.5098607
IL,I80,126A,41.4861243,-88.20175044999999
IL,I80,160,41.5779318,-87.5412514
IL,I80,2AB,41.5793358,-87.6284954
IL,I80,79B,41.3679111,-89.05439609999999
IL,I80,77,41.3718355,-89.09625795
IL,I80,9,41.4551815,-90.3364781
IL,I80,1,41.57235765,-90.35962065
IL,I80,70,41.3677395,-89.219075
IL,I80,56,41.39937035,-89.4689942
IL,I80,45,41.387092949999996,-89.68822764999999
IL,I80,61,41.40022035,-89.3812211
IL,I80,105,41.377145049999996,-88.5565708
IL,I80,112,41.38879455,-88.42211445
IL,I80,122,41.4622882,-88.27149505
IL,I80,27,41.4087311,-90.01587975
IL,I80,19,41.43042505,-90.1575721
IL,I80,33,41.404573850000006,-89.90506535
IL,I80,7,41.488473299999995,-90.33871975
IL,I80,90,41.3759776,-88.83594715000001
IL,I80,81,41.367662800000005,-89.00996955
IL,I80,75,41.3653099,-89.12570160000001
IL,I80,73,41.3648477,-89.15243770000001
IL,I80,0,41.5777804,-87.5932503
IL,I80,161,41.577754850000005,-87.56662965000001
IL,I80,4,41.5778687,-87.6705674
IL,I80,5,41.5782574,-87.6692045
IL,I80,155,41.5828686,-87.6865545
IL,I80,2BA,41.578076,-87.6456654
IL,I80,154,41.5829263,-87.6988371
IL,I80,151B,41.56693585,-87.74020665
IL,I80,151A,41.56488495,-87.7461389
IL,I80,148B,41.551065949999995,-87.78919235000001
IL,I80,148A,41.55095815,-87.79598565
IL,I80,140,41.538552550000006,-87.95968959999999
IL,I80,137,41.518299049999996,-87.99371325
IL,I80,133,41.51293045,-88.072731
IL,I80,131,41.51199325,-88.0976314
IL,I80,132A,41.5110882,-88.0863369
IL,I80,132,41.5117817,-88.0825869
IL,I80,132B,41.5117342,-88.0815584
IL,I80,134,41.5131455,-88.0428244
IL,I80,127,41.492100449999995,-88.1676423
IL,I80,130A,41.5110263,-88.1295591
IL,I80,130B,41.511548,-88.1195216
IL,I80,4B,41.533042,-90.34160505
IL,I80,4A,41.5390398,-90.3416149
IL,I80,79A,41.3684282,-89.06373959999999
IL,I80,126B,41.486454050000006,-88.19249965
IL,I80,93,41.3764531,-88.77830695
IL,I80,97,41.375442050000004,-88.7061018
IL,I80,145,41.5529583,-87.85406155
IL,I80,116,41.4208969,-88.3650555
IL,I88,117,41.7956289,-88.330518
IL,I88,15A,41.8738921,-87.9035913
IL,I88,139,41.8645023,-87.922937
IL,I88,131B,41.8266773,-88.0222371
IL,I88,91,41.90251125,-88.77607574999999
IL,I88,94,41.900451649999994,-88.7201611
IL,I88,114,41.7950131,-88.37093135
IL,I88,109,41.818841750000004,-88.4658394
IL,I88,54,41.8205576,-89.46650095
IL,I88,78A,41.90447045,-89.026452
IL,I88,2,41.536104,-90.32780645
IL,I88,1A,41.535981,-90.3421339
IL,I88,6,41.5567946,-90.24151459999999
IL,I88,10,41.608577100000005,-90.19324025
IL,I88,1B,41.53614575,-90.33446115000001
IL,I88,41,41.7514196,-89.69020845
IL,I88,36,41.7589556,-89.78114625
IL,I88,44,41.757917000000006,-89.63742415
IL,I88,123,41.803788100000006,-88.20258845000001
IL,I88,125,41.806268599999996,-88.16682705
IL,I88,127,41.80610335,-88.1249987
IL,I88,137,41.8447913,-87.9535847
IL,I88,134,41.83319445,-88.01136595
IL,I88,132,41.8103257,-88.0326865
IL,I88,138,41.8518469,-87.93623286666667
IL,I88,136,41.8442858,-87.9734104
IL,I88,131A,41.8229246,-88.0241093
IL,I88,113,41.794896,-88.3854412
IL,I88,18,41.68893935,-90.0971362
IL,I88,26,41.72227745,-89.96741845
IL,I88,76,41.8993196,-89.06912495
IL,I88,78B,41.90513645,-89.01598045
IL,I88,130,41.8102107,-88.0689371
IL,I88,131,41.8101405,-88.0616573
IL,I88,121,41.8007343,-88.2443124
IL,I88,119A,41.7985805,-88.2824703
IL,I88,119B,41.7989686,-88.2758938
IL,I88,119,41.7981329,-88.2869476
IL,I90,77,41.9883409,-87.863581
IL,I90,80,41.9834316,-87.8178229
IL,I90,50B,41.89292355,-87.65374969999999
IL,I90,51D,41.882185500000006,-87.64566685
IL,I90,53,41.8573672,-87.6443629
IL,I90,82A,41.9823451,-87.7928712
IL,I90,44A,41.9565397,-87.7362221
IL,I90,45A,41.945888350000004,-87.71901464999999
IL,I90,45B,41.940868550000005,-87.7118946
IL,I90,46A,41.9341552,-87.6995931
IL,I90,47A,41.92509665,-87.6829995
IL,I90,49A,41.90294375,-87.660728
IL,I90,48B,41.91052425,-87.66446640000001
IL,I90,47B,41.9210203,-87.6755072
IL,I90,46B,41.9296869,-87.6907743
IL,I90,45C,41.9374034,-87.7041107
IL,I90,44B,41.9503102,-87.7241978
IL,I90,43D,41.9570831,-87.7361499
IL,I90,43C,41.9587378,-87.7391157
IL,I90,43B,41.9609705,-87.7425892
IL,I90,83B,41.9723737,-87.7658349
IL,I90,82B,41.9814756,-87.7819797
IL,I90,81B,41.98256,-87.7960513
IL,I90,55A,41.8290491,-87.63061350000001
IL,I90,77A,41.9950583,-87.8740778
IL,I90,47,42.1208302,-88.42987195
IL,I90,1,42.490984600000004,-88.99401155000001
IL,I90,8,42.37152395,-88.96727585
IL,I90,77B,41.9902381,-87.8674923
IL,I90,25,42.23378985,-88.81228615
IL,I90,54A,42.069081600000004,-88.30059870000001
IL,I90,48A,41.9178225,-87.67089254999999
IL,I90,53B,41.8460662,-87.6371624
IL,I90,51C,41.883483049999995,-87.6457315
IL,I90,70,42.04049985,-87.98351765
IL,I90,84,41.967887399999995,-87.75588504999999
IL,I90,83A,41.974062,-87.7688869
IL,I90,81A,41.98251585,-87.80842104999999
IL,I90,82C,41.9813712,-87.7823282
IL,I90,76,42.0035765,-87.8895357
IL,I90,51B,41.8862613,-87.646315
IL,I90,51E,41.8829778,-87.6460107
IL,I90,50A,41.8975387,-87.6593842
IL,I90,59,42.06657885,-88.1928609
IL,I90,52B,41.8628891,-87.6443286
IL,I90,52C,41.8619363,-87.6445278
IL,I90,54,41.83844655,-87.6309268
IL,I90,55B,41.825249150000005,-87.63051835
IL,I90,56A,41.8162389,-87.6302389
IL,I90,100,41.774621,-87.620232
IL,I90,59A,41.78521575,-87.6312401
IL,I90,53C,41.8381869,-87.63053045
IL,I90,56B,41.807925100000006,-87.63087024999999
IL,I90,57,41.7942341,-87.63116465
IL,I90,58A,41.7836104,-87.6305988
IL,I90,58B,41.783322,-87.6315325
IL,I90,101,41.7657445,-87.6078483
IL,I90,102,41.7603064,-87.6002811
IL,I90,103,41.7465282,-87.5811363
IL,I90,104,41.7355078,-87.5659479
IL,I90,105,41.7316678,-87.5606393
IL,I90,107,41.709259,-87.5308537
IL,I90,52,42.0804429,-88.3348022
IL,I90,42,42.14402895,-88.51245850000001
IL,I90,54B,42.0667722,-88.28786769999999
IL,I90,15,42.276331299999995,-88.96481399999999
IL,I90,17,42.248861149999996,-88.9584957
IL,I90,56,42.06648415,-88.25730725
IL,I90,49B,41.8973077,-87.6588063
IL,I90,3,42.4565573,-88.99495855
IL,I90,12,42.31884725,-88.96456
IL,I90,65,42.06373335,-88.07838375
IL,I90,62,42.06658295,-88.1432693
IL,I90,58,42.0666636,-88.2138533
IL,I90,20,42.23317265,-88.8976311
IL,I90,51F,41.8808782,-87.64613
IL,I90,68AB,42.0597601,-88.046926
IL,I90,68BA,42.0560927,-88.0188227
IL,I90,79A,41.984626,-87.8558936
IL,I90,79C,41.9845398,-87.8263157
IL,I90,73,42.0174066,-87.9377924
IL,I90,52A,41.8730979,-87.645877
IL,I90,51I;51J,41.8772184,-87.6461067
IL,I90,67,42.0587767,-88.0370421
IL,I90,51IJ;51H,41.8781801,-87.6461633
IL,I90,51G,41.8795691,-87.6461454
IL,I90,53A,41.8507556,-87.644841
IL,I90,79B,41.9842201,-87.8367619
IL,I90,36,42.1762297,-88.61377745
IL,I90,51HI,41.8678449,-87.6445166
IL,I90,51FJ,41.881828,-87.6459726
IL,I94,50B,41.89292355,-87.65374969999999
IL,I94,51D,41.882185500000006,-87.64566685
IL,I94,53,41.8573672,-87.6443629
IL,I94,44A,41.9565397,-87.7362221
IL,I94,45A,41.945888350000004,-87.71901464999999
IL,I94,45B,41.940868550000005,-87.7118946
IL,I94,46A,41.9341552,-87.6995931
IL,I94,47A,41.92509665,-87.6829995
IL,I94,49A,41.90294375,-87.660728
IL,I94,48B,41.91052425,-87.66446640000001
IL,I94,47B,41.9210203,-87.6755072
IL,I94,46B,41.9296869,-87.6907743
IL,I94,45C,41.9374034,-87.7041107
IL,I94,44B,41.9503102,-87.7241978
IL,I94,43D,41.9570831,-87.7361499
IL,I94,43C,41.9587378,-87.7391157
IL,I94,43B,41.9609705,-87.7425892
IL,I94,37A,42.0424924,-87.76254755
IL,I94,39A,42.012963150000004,-87.75193285
IL,I94,160,41.5779318,-87.5412514
IL,I94,55A,41.8290491,-87.63061350000001
IL,I94,63,41.7168075,-87.61904525
IL,I94,39B,42.0089087,-87.74964425
IL,I94,43A,41.96467915,-87.7452266
IL,I94,42,41.9757239,-87.747426
IL,I94,19,42.23838395,-87.90138934999999
IL,I94,21,42.200396850000004,-87.88825170000001
IL,I94,2,42.4611989,-87.9622888
IL,I94,13,42.3122398,-87.90489615
IL,I94,24,42.15794855,-87.8740969
IL,I94,8B,42.380826,-87.947507
IL,I94,1,42.4839203,-87.9463352
IL,I94,11A,42.3419908,-87.9200572
IL,I94,1A,42.4921561,-87.9490523
IL,I94,8A,42.3867848,-87.9494347
IL,I94,8BA,42.3705512,-87.9421745
IL,I94,34B,42.0797223,-87.7585252
IL,I94,34C,42.0779899,-87.7585273
IL,I94,68A,41.66168955,-87.59026595
IL,I94,69,41.6487379,-87.5796513
IL,I94,71A,41.62457705,-87.57898275
IL,I94,73A,41.60258905,-87.58343615
IL,I94,161,41.5772537,-87.5743757
IL,I94,48A,41.9178225,-87.67089254999999
IL,I94,37B,42.03961275,-87.76403385
IL,I94,53B,41.8460662,-87.6371624
IL,I94,51C,41.883483049999995,-87.6457315
IL,I94,41B,41.9887756,-87.75133525
IL,I94,41A,41.9904901,-87.7511308
IL,I94,30B,42.1364062,-87.7869735
IL,I94,51B,41.8862613,-87.646315
IL,I94,51E,41.8829778,-87.6460107
IL,I94,41C,41.9834281,-87.7492182
IL,I94,50A,41.8975387,-87.6593842
IL,I94,52B,41.8628891,-87.6443286
IL,I94,52C,41.8619363,-87.6445278
IL,I94,74AB,41.5896749,-87.5836948
IL,I94,54,41.83844655,-87.6309268
IL,I94,55B,41.825249150000005,-87.63051835
IL,I94,56A,41.8162389,-87.6302389
IL,I94,59B,41.7661036,-87.625523
IL,I94,59A,41.78521575,-87.6312401
IL,I94,53C,41.8381869,-87.63053045
IL,I94,56B,41.807925100000006,-87.63087024999999
IL,I94,57,41.7942341,-87.63116465
IL,I94,58A,41.7836104,-87.6305988
IL,I94,58B,41.783322,-87.6315325
IL,I94,59C,41.76653425,-87.62611014999999
IL,I94,35,42.0635494,-87.75560734999999
IL,I94,34A,42.0883517,-87.7594045
IL,I94,33B,42.09969,-87.7664101
IL,I94,25A,42.1609631,-87.8744194
IL,I94,16,42.2804895,-87.9113622
IL,I94,60A,41.7646649,-87.6259408
IL,I94,60C,41.7510027,-87.62528785
IL,I94,61A,41.7500355,-87.6253754
IL,I94,61B,41.73602295,-87.62477494999999
IL,I94,62,41.7272568,-87.624773
IL,I94,65,41.70619475,-87.6003688
IL,I94,68B,41.6591888,-87.5881052
IL,I94,66B,41.68551895,-87.6010992
IL,I94,49B,41.8973077,-87.6588063
IL,I94,71B,41.62145325,-87.5789642
IL,I94,70B,41.6340137,-87.5785496
IL,I94,73B,41.59851835,-87.58359145
IL,I94,66A,41.6910121,-87.59892575
IL,I94,70A,41.6369495,-87.5785425
IL,I94,51F,41.8808782,-87.64613
IL,I94,52A,41.8730979,-87.645877
IL,I94,31,42.1183238,-87.7790589
IL,I94,30A,42.1382237,-87.7883399
IL,I94,29,42.1404066,-87.7900965
IL,I94,33A,42.1016549,-87.7676801
IL,I94,60B,41.7520351,-87.6250011
IL,I94,10,42.3624232,-87.9384989
IL,I94,11B,42.3448245,-87.9226464
IL,I94,51I;51J,41.8772184,-87.6461067
IL,I94,51IJ;51H,41.8781801,-87.6461633
IL,I94,51G,41.8795691,-87.6461454
IL,I94,53A,41.8507556,-87.644841
IL,I94,1B,42.4816524,-87.9476354
IL,I94,51HI,41.8678449,-87.6445166
IL,I94,51FJ,41.881828,-87.6459726
IL,US41,1,42.4839203,-87.9463352
IL,US41,1A,42.4921561,-87.9490523
IL,US41,30B,42.1364062,-87.7869735
IL,US41,34A,42.0883517,-87.7594045
IL,US41,33B,42.09969,-87.7664101
IL,US41,31,42.1183238,-87.7790589
IL,US41,30A,42.1382237,-87.7883399
IL,US41,29,42.1404066,-87.7900965
IL,US41,33A,42.1016549,-87.7676801
IL,US41,1B,42.4816524,-87.9476354
IL,US80,,,
IN,I275,16,39.1245695,-84.83360400000001
IN,I465,31,39.93030345,-86.15675985
IN,I465,17,39.8228596,-86.2756661
IN,I465,27,39.9237137,-86.22884305
IN,I465,42,39.8316238,-86.03544325
IN,I465,46,39.7754432,-86.0307074
IN,I465,11,39.7298631,-86.26450935
IN,I465,21,39.881243749999996,-86.26907560000001
IN,I465,12,39.747853750000004,-86.2645641
IN,I465,48,39.7379548,-86.0427181
IN,I465,2B,39.6995394,-86.15136335
IN,I465,8,39.70039735,-86.2590907
IN,I465,13,39.765251199999994,-86.2670685
IN,I465,14,39.7798318,-86.27034610000001
IN,I465,44A,39.7977749,-86.0349549
IN,I465,35,39.9115774,-86.0837616
IN,I465,33,39.9213596,-86.11211209999999
IN,I465,7,39.6922682,-86.2346323
IN,I465,19,39.8480472,-86.2760154
IN,I465,23,39.9113148,-86.26968325
IN,I465,44B,39.792751,-86.0353238
IN,I465,47,39.750438700000004,-86.0341669
IN,I465,49,39.7317397,-86.0449585
IN,I465,5,39.6934849,-86.2018395
IN,I465,4,39.6950066,-86.19265920000001
IN,I465,53B,39.7033037,-86.1056834
IN,I465,53A,39.70362795,-86.10622895
IN,I465,52,39.703784299999995,-86.08214895
IN,I465,2A,39.698684549999996,-86.14711735
IN,I465,9,39.7064244,-86.2642361
IN,I465,16A,39.795333,-86.2742343
IN,I465,40,39.85618555,-86.04449805
IN,I465,16AB,39.8133055,-86.2756759
IN,I465,9AB,39.7221943,-86.2646642
IN,I465,37A,39.9034517,-86.0673691
IN,I465,20,39.8607973,-86.2746488
IN,I465,37,39.8897408,-86.0486123
IN,I465,16B,39.7995767,-86.2750432
IN,I465,25,39.9274612,-86.2664045
IN,I465,44,39.803713,-86.0319887
IN,I469,13,40.992560600000004,-85.05714145
IN,I469,17,41.040334650000005,-85.0017112
IN,I469,19B,41.0690401,-84.9898773
IN,I469,1,40.959170799999995,-85.27349724999999
IN,I469,11,40.9834241,-85.0860684
IN,I469,29A,41.1596892,-85.0633299
IN,I469,31A,41.1682658,-85.0971719
IN,I469,315,41.16653315000001,-85.10511345
IN,I469,0A,40.9605041,-85.292154
IN,I469,15,41.019808600000005,-85.0247121
IN,I469,21,41.0836534,-84.9927394
IN,I469,25,41.13314095,-85.00680745
IN,I469,29,41.1575554,-85.0553681
IN,I469,29B,41.161255,-85.0685199
IN,I469,31BC,41.1684007,-85.1028857
IN,I469,0B,40.9612889,-85.2835392
IN,I469,2,40.95391295,-85.25705844999999
IN,I469,6,40.9545181,-85.16746284999999
IN,I469,9,40.96737565,-85.1231896
IN,I469,19,41.0580747,-84.9903696
IN,I469,19A,41.0629321,-84.9896699
IN,I469,21B,41.084533,-84.9927793
IN,I469,21A,41.0764229,-84.9909588
IN,I55,,,
IN,I64,92,38.2417789,-86.359389
IN,I64,63,38.2058012,-86.8661186
IN,I64,118,38.2874504,-85.91242270000001
IN,I64,123,38.28641455,-85.8303587
IN,I64,119,38.30366265,-85.8879145
IN,I64,121,38.300865099999996,-85.85066705
IN,I64,29A,38.1696863,-87.4733904
IN,I64,25B,38.16702815,-87.5462592
IN,I64,105,38.23943865,-86.12998200000001
IN,I64,72,38.225566900000004,-86.70066365
IN,I64,4,38.198163,-87.9170335
IN,I64,12,38.1839909,-87.78104569999999
IN,I64,18,38.1628439,-87.68342115
IN,I64,57A,38.194936,-86.98692729999999
IN,I64,57B,38.193965649999996,-86.97729355
IN,I64,25A,38.1670371,-87.5543316
IN,I64,39,38.194106149999996,-87.2945783
IN,I64,54,38.1972141,-87.03528595
IN,I64,29B,38.169679349999996,-87.4661681
IN,I64,113,38.2640674,-86.00222275
IN,I64,86,38.24098515,-86.4682224
IN,I64,79,38.2274204,-86.59211945
IN,I65,253,41.4718574,-87.32324235
IN,I65,259AB,41.5742154,-87.2965901
IN,I65,261,41.59205485,-87.30686845
IN,I65,259A,41.5564865,-87.3108617
IN,I65,172,40.41772005,-86.82091335000001
IN,I65,158,40.2613631,-86.65478490000001
IN,I65,90,39.48367725,-86.0140031
IN,I65,137,38.2614595,-85.7419674
IN,I65,76A,39.30300355,-85.9643109
IN,I65,168,40.3777322,-86.785045
IN,I65,175,40.4560686,-86.8476054
IN,I65,64,39.13416125,-85.95800585
IN,I65,76B,39.3064369,-85.96061645
IN,I65,133,39.981914833333335,-86.39641666666667
IN,I65,130,39.94717235,-86.35381415
IN,I65,141,40.065330849999995,-86.49509915
IN,I65,9,38.3945245,-85.76273655
IN,I65,19,38.5409818,-85.77764045
IN,I65,6A,38.34281335,-85.75398465
IN,I65,7,38.369500900000006,-85.7559334
IN,I65,16,38.49062515,-85.7715938
IN,I65,6B,38.349447,-85.7542915
IN,I65,5,38.32713875,-85.75348550000001
IN,I65,2,38.2940774,-85.75469075000001
IN,I65,1,38.283719,-85.75198689999999
IN,I65,55,39.026963800000004,-85.8898765
IN,I65,36,38.78333135,-85.82631165000001
IN,I65,41,38.84319235,-85.81519725
IN,I65,230,41.144107950000006,-87.26580715
IN,I65,215,40.940616649999996,-87.2208977
IN,I65,50B,38.960291999999995,-85.84346115
IN,I65,205,40.8094201,-87.15418015
IN,I65,201,40.7658796,-87.119723
IN,I65,50A,38.956161300000005,-85.8434738
IN,I65,220,41.01283685,-87.27049805
IN,I65,95,39.55065475,-86.04140975
IN,I65,240,41.28923675,-87.3009945
IN,I65,262,41.5905833,-87.3067393
IN,I65,121,39.84172195,-86.251815
IN,I65,115,39.7968306,-86.1658699
IN,I65,114,39.7854741,-86.16252195
IN,I65,101,39.636466549999994,-86.07421289999999
IN,I65,107,39.7157805,-86.1207345
IN,I65,117,39.8121115,-86.1796787
IN,I65,103,39.66540325,-86.08934629999999
IN,I65,106,39.703273949999996,-86.10819749999999
IN,I65,123,39.8653684,-86.27684500000001
IN,I65,110A,39.753443250000004,-86.14198185000001
IN,I65,110B,39.7522494,-86.14402915
IN,I65,124,39.879755599999996,-86.29206780000001
IN,I65,109,39.73766905,-86.13730975
IN,I65,112,39.7824846,-86.1486528
IN,I65,119,39.8233855,-86.2123129
IN,I65,34,38.7377036,-85.8165009
IN,I65,34A,38.74028,-85.818447
IN,I65,29B,38.688307,-85.788512
IN,I65,29A,38.6848987,-85.788178
IN,I65,34B,38.743127,-85.82018
IN,I65,29,38.682567,-85.787643
IN,I65,80,39.36226885,-85.9424566
IN,I65,193,40.66764835,-87.0409367
IN,I65,188,40.60532585,-86.97944670000001
IN,I65,99,39.6143732,-86.0731225
IN,I65,259B,41.5660153,-87.3034575
IN,I65,116,39.8027777,-86.1658607
IN,I65,146,40.126396299999996,-86.51766545000001
IN,I65,68,39.199956400000005,-85.9581235
IN,I65,255,41.507718499999996,-87.31983405
IN,I65,247,41.38954375,-87.3256256
IN,I65,178,40.49695125,-86.86924015
IN,I65,4,38.3198187,-85.75325455000001
IN,I65,129,39.9390899,-86.3460902
IN,I65,138,40.02562315,-86.44922460000001
IN,I65,139,40.033740550000005,-86.47063205
IN,I65,140,40.04667835,-86.48909570000001
IN,I65,111,39.773402399999995,-86.14436995
IN,I65,112A,39.773948,-86.1425708
IN,I65,113,39.7827167,-86.1633223
IN,I65,249,41.4204165,-87.3214611
IN,I65,258,41.55479855,-87.3086742
IN,I65,97,39.58705835,-86.0632294
IN,I65,0,38.2682097,-85.7448159
IN,I74,52,39.823085325,-86.35094325
IN,I74,169,39.27897065,-84.86162875
IN,I74,164,39.2783048,-84.959915
IN,I74,134A,39.3623535,-85.4826065
IN,I74,143,39.31673995,-85.32580675
IN,I74,132,39.3636014,-85.51392824999999
IN,I74,123,39.45328825,-85.62947825
IN,I74,15,40.12424235,-87.24351730000001
IN,I74,8,39.911186275,-86.82073547499999
IN,I74,149,39.3083174,-85.2162686
IN,I74,66,39.860271499999996,-86.39518045
IN,I74,61,39.879552149999995,-86.47245204999999
IN,I74,58,39.891321149999996,-86.53847984999999
IN,I74,68,39.840729749999994,-86.35529775
IN,I74,11,39.7298631,-86.26450935
IN,I74,12,39.747853750000004,-86.2645641
IN,I74,2B,39.6995394,-86.15136335
IN,I74,13,39.765251199999994,-86.2670685
IN,I74,14,39.7798318,-86.27034610000001
IN,I74,96,39.71542275,-86.00826090000001
IN,I74,99,39.681203100000005,-85.9708815
IN,I74,7,39.6922682,-86.2346323
IN,I74,25,40.1043886,-87.06874690000001
IN,I74,39,40.04708215,-86.81212155
IN,I74,34,40.08066865,-86.90833785000001
IN,I74,94,39.7323653,-86.0353554
IN,I74,73,39.8084328,-86.2803898
IN,I74,5,39.6934849,-86.2018395
IN,I74,4,39.907647275,-86.8233789
IN,I74,53B,39.7033037,-86.1056834
IN,I74,53A,39.70362795,-86.10622895
IN,I74,2A,39.698684549999996,-86.14711735
IN,I74,9,39.7064244,-86.2642361
IN,I74,49,39.7258649,-86.0467834
IN,I74,16A,39.795333,-86.2742343
IN,I74,156,39.280463999999995,-85.100707
IN,I74,103,39.6449068,-85.9129238
IN,I74,109,39.58446214999999,-85.8228967
IN,I74,101,39.662237899999994,-85.94290425
IN,I74,119,39.497215999999995,-85.69394
IN,I74,116,39.5249585,-85.733643
IN,I74,220,40.117266,-87.5373687
IN,I74,9AB,39.7221943,-86.2646642
IN,I74,134B,39.36235415,-85.47747340000001
IN,I74,16B,39.7995767,-86.2750432
IN,I74,113,39.55084255,-85.77529045
IN,I80,10,41.56745635,-87.3366089
IN,I80,11,41.5672317,-87.3181287
IN,I80,144,41.73557145,-84.99358480000001
IN,I80,23,41.5802018,-87.17788354999999
IN,I80,1213,41.5678998,-87.306758
IN,I80,9,41.5688167,-87.35625300000001
IN,I80,5,41.57077525,-87.42892040000001
IN,I80,3,41.5741302,-87.4623276
IN,I80,49,41.6661589,-86.73172245
IN,I80,39,41.589934,-86.90121305
IN,I80,1,41.5742952,-87.50821450000001
IN,I80,121,41.7537155,-85.43368975
IN,I80,31,41.57422205,-87.05235255
IN,I80,83,41.73133875,-86.14085994999999
IN,I80,77,41.7226074,-86.25819290000001
IN,I80,72,41.7304016,-86.3330924
IN,I80,2,41.5742148,-87.47991315
IN,I80,21,41.5916509,-87.2282324
IN,I80,16,41.5843786,-87.2356719
IN,I80,92,41.73097775,-85.96924820000001
IN,I80,107,41.7471332,-85.68732455
IN,I80,15A,41.5823219,-87.2427766
IN,I80,15B,41.5830349,-87.2400727
IN,I80,6,41.569884099999996,-87.40425855000001
IN,I80,96,41.73040415,-85.88568989999999
IN,I80,101,41.7350364,-85.79096305
IN,I80,12,41.5722084,-87.2850503
IN,I80,153,41.66599925,-84.85332869999999
IN,I90,144,41.73557145,-84.99358480000001
IN,I90,23,41.5802018,-87.17788354999999
IN,I90,17,41.5913341,-87.3035422
IN,I90,3,41.6611231,-87.5177046
IN,I90,5,41.63760795,-87.50607895
IN,I90,10,41.609457250000006,-87.4215977
IN,I90,14A,41.609042,-87.35960220000001
IN,I90,49,41.6661589,-86.73172245
IN,I90,39,41.589934,-86.90121305
IN,I90,121,41.7537155,-85.43368975
IN,I90,31,41.57422205,-87.05235255
IN,I90,83,41.73133875,-86.14085994999999
IN,I90,77,41.7226074,-86.25819290000001
IN,I90,72,41.7304016,-86.3330924
IN,I90,21,41.5921955,-87.23499165
IN,I90,14B,41.6048538,-87.33613455
IN,I90,92,41.73097775,-85.96924820000001
IN,I90,107,41.7471332,-85.68732455
IN,I90,0,41.6939505,-87.5218403
IN,I90,96,41.73040415,-85.88568989999999
IN,I90,101,41.7350364,-85.79096305
IN,I90,153,41.66599925,-84.85332869999999
IN,I94,10,41.56745635,-87.3366089
IN,I94,11,41.5672317,-87.3181287
IN,I94,40B,41.6961018,-86.80965265
IN,I94,40A,41.6910028,-86.81167155
IN,I94,34B,41.658214,-86.8904494
IN,I94,34A,41.65827525,-86.89762005
IN,I94,26B,41.62475785,-87.0416625
IN,I94,26A,41.62452215,-87.04959339999999
IN,I94,19,41.601955700000005,-87.17350809999999
IN,I94,1213,41.5678998,-87.306758
IN,I94,9,41.5688167,-87.35625300000001
IN,I94,5,41.57077525,-87.42892040000001
IN,I94,3,41.5741302,-87.4623276
IN,I94,1,41.5742952,-87.50821450000001
IN,I94,22A,41.60719575,-87.11130795
IN,I94,2,41.5742148,-87.47991315
IN,I94,16,41.586575100000005,-87.23104255
IN,I94,22B,41.607299049999995,-87.1041938
IN,I94,15A,41.5823219,-87.2427766
IN,I94,15B,41.5830349,-87.2400727
IN,I94,6,41.569884099999996,-87.40425855000001
IN,I94,12,41.5722084,-87.2850503
IN,RT2,,,
KS,I135,93,38.84186895,-97.6464714
KS,I135,92,38.8270002,-97.63970875000001
KS,I135,95A,38.8722437,-97.64549099999999
KS,I135,25,37.95571505,-97.32771600000001
KS,I135,40,38.144911300000004,-97.41759769999999
KS,I135,30,38.02681805,-97.3283551
KS,I135,31,38.04609915,-97.32280985
KS,I135,33,38.0612783,-97.3224608
KS,I135,34,38.08446155,-97.34604585
KS,I135,65,38.4493777,-97.62091885000001
KS,I135,60,38.37086625,-97.62065455
KS,I135,46,38.2029805,-97.48730105000001
KS,I135,48,38.230455,-97.518966
KS,I135,72,38.55086675,-97.6209361
KS,I135,58,38.34000785,-97.6213441
KS,I135,54,38.29131275,-97.59020975
KS,I135,82,38.68154295,-97.62169925
KS,I135,86,38.7400117,-97.61817515
KS,I135,89,38.783647,-97.6169055
KS,I135,7B,37.70018595,-97.3175297
KS,I135,16,37.825507,-97.32659190000001
KS,I135,13,37.7812457,-97.3255526
KS,I135,14,37.79569445,-97.32825325
KS,I135,6B,37.6847849,-97.3124378
KS,I135,88,38.76855155,-97.61800065
KS,I135,78,38.625465,-97.62144935
KS,I135,2,37.6297102,-97.31724615
KS,I135,4,37.662537400000005,-97.31248585
KS,I135,8,37.707872449999996,-97.31994875000001
KS,I135,19,37.86826485,-97.32646539999999
KS,I135,6C,37.6930383,-97.3155616
KS,I135,1A,37.60873325,-97.32588275
KS,I135,9,37.72230065,-97.31918495
KS,I135,1C,37.6162722,-97.32811615
KS,I135,3B,37.6494863,-97.31015020000001
KS,I135,7A,37.6969158,-97.3168171
KS,I135,11A,37.759908949999996,-97.3216643
KS,I135,10B,37.7394528,-97.3187544
KS,I135,17,37.8384225,-97.32740095
KS,I135,3A,37.6439931,-97.3086942
KS,I135,22,37.91192945,-97.3266504
KS,I135,6A,37.6835931,-97.3129654
KS,I135,5A,37.670997,-97.312845
KS,I135,11B,37.76291535,-97.32202004999999
KS,I135,10,37.7517725,-97.3198305
KS,I135,10A,37.7351951,-97.3170249
KS,I135,28,38.00030865,-97.32817435
KS,I135,90,38.79792085,-97.619201
KS,I229,,,
KS,I235,5,37.64886455,-97.3996245
KS,I235,13,37.7527344,-97.36677675000001
KS,I235,11,37.7315237,-97.3802517
KS,I235,10,37.712065100000004,-97.4016594
KS,I235,2,37.62792145,-97.35274745000001
KS,I235,8,37.6956555,-97.4091738
KS,I235,1B,37.622679500000004,-97.3395415
KS,I235,7,37.67264205,-97.4026572
KS,I235,4,37.6315535,-97.38914890000001
KS,I235,3,37.628512349999994,-97.3707153
KS,I235,15,37.756620749999996,-97.34088875
KS,I235,1A,37.6166554,-97.3334981
KS,I235,16B,37.758884,-97.325539
KS,I235,16A,37.7586041,-97.330506
KS,I235,16C,37.7599246,-97.322415
KS,I235,9,37.7019998,-97.4090898
KS,I315,,,
KS,I35,71,37.81995565,-96.9020601
KS,I35,92,38.051291649999996,-96.6339469
KS,I35,57,37.72005885,-97.11237055
KS,I35,155,38.42916655,-95.72862555
KS,I35,148,38.42686745,-95.8578473
KS,I35,198,38.70441625,-95.07502654999999
KS,I35,170,38.48989125,-95.47313555
KS,I35,182,38.57064135,-95.28630415
KS,I35,176,38.536416450000004,-95.3777311
KS,I35,187,38.62279095,-95.23225525000001
KS,I35,193,38.670207950000005,-95.15606975
KS,I35,185,38.5948363,-95.2342174
KS,I35,183,38.575368499999996,-95.26849035000001
KS,I35,215,38.855119200000004,-94.8158376
KS,I35,224,38.956853800000005,-94.73238705
KS,I35,207,38.78161695,-94.9274173
KS,I35,210,38.8106796,-94.88481935
KS,I35,218,38.883433600000004,-94.7913999
KS,I35,202,38.746162299999995,-95.00108495
KS,I35,222A,38.937343,-94.749196
KS,I35,222B,38.94176065,-94.7454243
KS,I35,220,38.9126007,-94.77167245
KS,I35,225A,38.975531,-94.7147702
KS,I35,229,39.023783699999996,-94.69140974999999
KS,I35,228B,39.014872,-94.6931918
KS,I35,227,38.9954346,-94.6961955
KS,I35,214,38.84115435,-94.8349439
KS,I35,205,38.75905229999999,-94.96472845
KS,I35,225B,38.9827367,-94.7078855
KS,I35,232A,39.044927799999996,-94.65616295000001
KS,I35,231A,39.0403261,-94.67331935
KS,I35,230,39.03424335,-94.68568415
KS,I35,231B,39.0412816,-94.6729097
KS,I35,138,38.4103252,-96.04239530000001
KS,I35,133,38.4113,-96.13844409999999
KS,I35,141,38.4082417,-95.9868583
KS,I35,128,38.421182099999996,-96.2171926
KS,I35,135,38.4104315,-96.09509080000001
KS,I35,127,38.412732,-96.2390831
KS,I35,127A,38.41560135,-96.22904145
KS,I35,160,38.44855935,-95.63696995000001
KS,I35,162,38.453042499999995,-95.599774
KS,I35,39,37.559174850000005,-97.32582110000001
KS,I35,50,37.6745575,-97.231048
KS,I35,53B,37.6889418,-97.1768395
KS,I35,53,37.6836501,-97.1857927
KS,I35,42,37.599631,-97.321382
KS,I35,45,37.627397099999996,-97.292334
KS,I35,53A,37.683182,-97.186682
KS,I35,4,37.05710635,-97.3383512
KS,I35,33,37.47242435,-97.3227974
KS,I35,19,37.2796148,-97.3402162
KS,I35,233A,39.0566929,-94.6290992
KS,I35,235,39.0749306,-94.6113202
KS,I35,233,39.0645708,-94.6235777
KS,I35,234,39.07012885,-94.61911710000001
KS,I35,130,38.42351135,-96.18252935
KS,I35,131,38.41336555,-96.16217565
KS,I35,76,37.8766569,-96.84659765
KS,I35,188,38.6391025,-95.2196257
KS,I35,217,38.870422,-94.7973231
KS,I35,232B,39.0475742,-94.6469369
KS,I35,225,38.9665765,-94.7230447
KS,I35,228A,39.00769205,-94.69390345
KS,I635,1B,39.045750999999996,-94.67747685
KS,I635,4B,39.10656315,-94.6797603
KS,I635,4A,39.1039496,-94.67986915
KS,I635,1C,39.053138849999996,-94.67929430000001
KS,I635,1A,39.041808,-94.6752249
KS,I635,2A,39.07325590000001,-94.68040775
KS,I635,2B,39.0814977,-94.6806742
KS,I635,3,39.09222695,-94.6806353
KS,I635,5,39.11627345,-94.68150800000001
KS,I635,6,39.12954465,-94.6767854
KS,I635,7,39.14181295,-94.6723368
KS,I635,8,39.14774965,-94.65800205
KS,I70,353,39.0504567,-95.81907570000001
KS,I70,356,39.05380825,-95.75977259999999
KS,I70,357A,39.060246199999995,-95.7432523
KS,I70,358,39.0646157,-95.7362371
KS,I70,359,39.0697259,-95.70617580000001
KS,I70,361A,39.0627005,-95.6804542
KS,I70,358B,39.0681302,-95.7175316
KS,I70,249,38.8770434,-97.66842835
KS,I70,362C,39.0432657,-95.6715186
KS,I70,362B,39.04789335,-95.6707623
KS,I70,362A,39.0508921,-95.6694176
KS,I70,244,38.878114749999995,-97.76179025
KS,I70,277,38.94389885,-97.16748285
KS,I70,275,38.940225999999996,-97.2140486
KS,I70,266,38.92882365,-97.37174245
KS,I70,281,38.958068850000004,-97.11175005
KS,I70,272,38.9349602,-97.2605775
KS,I70,286,38.9898482,-97.0249987
KS,I70,197,38.9966768,-95.3428443
KS,I70,157,38.9123349,-99.35455685
KS,I70,161,38.88179685,-99.28057960000001
KS,I70,153,38.92313745,-99.42855075
KS,I70,159,38.89841265,-99.3178443
KS,I70,145,38.9498055,-99.5600046
KS,I70,172,38.862602249999995,-99.07684760000001
KS,I70,209,38.848745300000004,-98.39298930000001
KS,I70,163,38.8783935,-99.24383435
KS,I70,206,38.84889855,-98.46757
KS,I70,221,38.848637249999996,-98.17111510000001
KS,I70,219,38.848166750000004,-98.22473205
KS,I70,225,38.85885685,-98.11036795000001
KS,I70,216,38.8493077,-98.28103205
KS,I70,168,38.8783301,-99.15097935
KS,I70,311,39.0658758,-96.5791355
KS,I70,316,39.066375550000004,-96.502501
KS,I70,303,39.05932885,-96.741802
KS,I70,304,39.061848350000005,-96.7225319
KS,I70,313,39.0627054,-96.5386509
KS,I70,296,39.0076974,-96.8351028
KS,I70,295,38.99947105,-96.8616083
KS,I70,290,38.9969478,-96.9448131
KS,I70,85,39.11160975,-100.62748859999999
KS,I70,307,39.0666509,-96.6571356
KS,I70,79,39.1124627,-100.73833475
KS,I70,76,39.1194252,-100.80802955
KS,I70,107,39.05789885,-100.24155015
KS,I70,212,39.04357985,-95.09315655
KS,I70,233,38.87833595,-97.96582054999999
KS,I70,175,38.863507049999996,-99.0213617
KS,I70,184,38.864079849999996,-98.8547548
KS,I70,180,38.86408375,-98.92849190000001
KS,I70,189,38.85687465,-98.78084815
KS,I70,193,38.857278300000004,-98.70740760000001
KS,I70,252,38.8763599,-97.61252794999999
KS,I70,253,38.8820604,-97.59364285000001
KS,I70,364B,39.03435605,-95.63819004999999
KS,I70,364A,39.035351750000004,-95.65147759999999
KS,I70,366,39.034318549999995,-95.60886145
KS,I70,346,39.05840685,-95.94712815
KS,I70,365,39.0342618,-95.626347
KS,I70,358A,39.0674134,-95.7278456
KS,I70,355,39.053565649999996,-95.772587
KS,I70,347,39.05826595,-95.91785150000001
KS,I70,27,39.329796,-101.5400938
KS,I70,9,39.3288962,-101.87483445000001
KS,I70,1,39.3294651,-102.02332000000001
KS,I70,12,39.32956925,-101.81944014999999
KS,I70,17,39.32836825,-101.72632965
KS,I70,19,39.32999185,-101.68909755
KS,I70,54,39.36365725,-101.03686845
KS,I70,53,39.364849250000006,-101.05509445
KS,I70,45,39.3660154,-101.20422174999999
KS,I70,62,39.27823335,-100.9419491
KS,I70,70,39.189345599999996,-100.8699149
KS,I70,36,39.339471200000006,-101.37225975
KS,I70,128,39.0108446,-99.87143225
KS,I70,140,38.967028,-99.65024715
KS,I70,115,39.0238296,-100.11162895
KS,I70,135,38.984729099999996,-99.74217275000001
KS,I70,127,39.01468225,-99.89021654999999
KS,I70,120,39.0230647,-100.0201179
KS,I70,330,39.06531965,-96.24207895
KS,I70,333,39.065517650000004,-96.19209565
KS,I70,328,39.06572615,-96.28889625
KS,I70,324,39.0655057,-96.3536979
KS,I70,341,39.05886795,-96.04027615
KS,I70,343,39.0585461,-96.00252415
KS,I70,322,39.065407199999996,-96.38193595
KS,I70,335,39.0582226,-96.15391755
KS,I70,332,39.06563895,-96.20588765
KS,I70,342,39.05881225,-96.0205661
KS,I70,338,39.058732449999994,-96.0949747
KS,I70,417,39.1056044,-94.71071725
KS,I70,414,39.1051466,-94.76080015
KS,I70,411B,39.1063414,-94.80776865
KS,I70,411A,39.106584,-94.81612855
KS,I70,420B,39.0946996,-94.6459844
KS,I70,419,39.1002393,-94.6699274
KS,I70,418A,39.1051611,-94.6859409
KS,I70,410,39.1060081,-94.83514650000001
KS,I70,418B,39.1050727,-94.6835312
KS,I70,420A,39.09653265,-94.6515804
KS,I70,421A,39.0927936,-94.6404389
KS,I70,421B,39.0919344,-94.6347378
KS,I70,418,39.0979357,-94.6621362
KS,I70,224,39.0940997,-94.8959078
KS,I70,183,39.0316874,-95.5845488
KS,I70,202,38.9901892,-95.25647570000001
KS,I70,204,38.9933439,-95.22916745
KS,I70,318,39.0657425,-96.45658825000001
KS,I70,357B,39.065502,-95.7344748
KS,I70,351,39.0578914,-95.8562114
KS,I70,350,39.05796325,-95.870591
KS,I70,363,39.03873155,-95.66569835
KS,I70,250B,38.87471495,-97.64204785000001
KS,I70,250A,38.87439675,-97.64838685000001
KS,I70,238,38.878984599999995,-97.87296275
KS,I70,260,38.9071254,-97.48268010000001
KS,I70,299,39.0268667,-96.7998666
KS,I70,415,39.10618875,-94.7392811
KS,I70,300,39.0315206,-96.78098209999999
KS,I70,301,39.03953765,-96.76621415
KS,I70,298,39.020475899999994,-96.8161382
KS,I70,199,38.856935500000006,-98.58338155
KS,I70,99,39.097254649999996,-100.37013395
KS,I70,95,39.1025385,-100.44332985
KS,I70,93,39.10946,-100.47889185
KS,I70,224A,39.0957333,-94.8880851
KS,I70,422A,39.091715,-94.6291625
KS,I70,422D,39.10269575,-94.62175454999999
KS,I70,423A,39.1072056,-94.6212081
KS,I70,423B,39.1100082,-94.6195005
KS,I70,422C,39.098939349999995,-94.6227897
KS,I70,423C,39.113835,-94.6156
KS,I70,423D,39.1131957,-94.614464
KS,I70,422B,39.0938629,-94.6264774
KS,I70,2A,39.1070156,-94.5968034
KY,I165,27,37.21477165,-86.7113164
KY,I165,26,37.20314775,-86.70135335
KY,I165,70AB,37.7380459,-87.069909
KY,I165,41B,37.387697849999995,-86.8109764
KY,I165,41A,37.38146065,-86.80730865
KY,I165,47,37.4530679,-86.8776567
KY,I165,48,37.4619898,-86.8865884
KY,I165,7,36.9925025,-86.50415935000001
KY,I165,5,36.9576305,-86.4970565
KY,I165,4,36.942446200000006,-86.48265219999999
KY,I165,1B,36.9115708,-86.43518795
KY,I165,1A,36.9099406,-86.4314832
KY,I165,34,37.2979691,-86.73919325
KY,I169,8,36.8449186,-87.4638504
KY,I169,9,36.86075945,-87.4718247
KY,I169,11,36.894672400000005,-87.4690402
KY,I169,7,36.830589,-87.474185
KY,I169,33,37.19244855,-87.44176784999999
KY,I169,34A,37.2072862,-87.4400613
KY,I169,30,37.15523,-87.4618224
KY,I169,106A;106B,37.2121421,-87.4413541
KY,I169,34C;34B,37.2127288,-87.4412795
KY,I169,6,36.8234343,-87.4791431
KY,I169,1,36.7492973,-87.509575
KY,I169,5,36.8092041,-87.4895769
KY,I169,5AB,36.8047585,-87.4915134
KY,I169,23,37.0504224,-87.46419829999999
KY,I169,106BA,37.2215278,-87.4438813
KY,I24,56,36.9666575,-87.87437835
KY,I24,73,36.81585855,-87.6338404
KY,I24,89,36.681941,-87.4045947
KY,I24,86,36.7027438,-87.45491025000001
KY,I24,81,36.742134050000004,-87.50796315
KY,I24,31,37.0403892,-88.268348
KY,I24,42,37.07103405,-88.08712575
KY,I24,40,37.0740014,-88.12181675
KY,I24,45,37.05672955,-88.03360265
KY,I24,3,37.0973752,-88.6881073
KY,I24,4,37.0782683,-88.68051955
KY,I24,7,37.05388915,-88.65347080000001
KY,I24,16,36.9947401,-88.50557235
KY,I24,11,37.0146332,-88.59210390000001
KY,I24,27,37.002969,-88.3247695
KY,I24,25A,36.9910259,-88.3452024
KY,I24,65,36.881934650000005,-87.7351334
KY,I24,25B,36.9910642,-88.34341
KY,I264,8B,38.1855457,-85.80989805
KY,I264,10,38.18989415,-85.7661214
KY,I264,19A,38.232661,-85.628129
KY,I264,17A,38.2201525,-85.6538123
KY,I264,5B,38.2085781,-85.8278093
KY,I264,5A,38.211325,-85.825507
KY,I264,18B,38.230388,-85.632762
KY,I264,12,38.1904604,-85.73377015
KY,I264,15,38.2012012,-85.6927138
KY,I264,11,38.190409700000004,-85.73936245
KY,I264,2,38.255078749999996,-85.80590855
KY,I264,0B;0A,38.2732432,-85.8085184
KY,I264,17B,38.2224039,-85.64887285
KY,I264,14,38.195416949999995,-85.70806479999999
KY,I264,22,38.27941695,-85.6359956
KY,I264,20,38.2484936,-85.62206409999999
KY,I264,15B,38.2020869,-85.688769
KY,I264,8A,38.18555035,-85.81473875
KY,I264,16,38.2110895,-85.67106150000001
KY,I264,19B,38.234919,-85.6249785
KY,I264,3,38.2395205,-85.815875
KY,I264,4,38.2229923,-85.8220824
KY,I264,9,38.188291199999995,-85.7843624
KY,I264,18,38.2249026,-85.6430547
KY,I264,15A,38.2027253,-85.6861565
KY,I264,1,38.2708374,-85.8085772
KY,I264,23B;23A,38.286077,-85.643163
KY,I264,21,38.265199749999994,-85.62484555
KY,I264,5,38.203163,-85.8273002
KY,I264,18A,38.2290952,-85.6350915
KY,I64,5A,38.2591117,-85.7236075
KY,I64,5B,38.2590741,-85.7505551
KY,I64,4,38.25934245,-85.7642798
KY,I64,121,38.1271505,-83.75108850000001
KY,I64,123,38.1397975,-83.72222450000001
KY,I64,181,38.3654374,-82.77625004999999
KY,I64,191,38.38039295,-82.60719739999999
KY,I64,185,38.36898245,-82.69860489999999
KY,I64,161,38.325843500000005,-83.1182295
KY,I64,156,38.3311915,-83.2091035
KY,I64,172,38.344986500000005,-82.9416485
KY,I64,179,38.36944885,-82.82097765
KY,I64,94,38.011128,-84.208577
KY,I64,96,38.011841000000004,-84.17368049999999
KY,I64,101,38.03529,-84.078091
KY,I64,98,38.017931,-84.153291
KY,I64,113,38.08404075,-84.179197
KY,I64,81,38.05678,-84.421881
KY,I64,115,38.0993505,-84.48484400000001
KY,I64,118,38.114839,-84.520567
KY,I64,75,38.115578,-84.524959
KY,I64,87,38.044788499999996,-84.323059
KY,I64,111,38.060978,-84.437521
KY,I64,53B,38.1583215,-84.88975500000001
KY,I64,53A,38.1584455,-84.8973185
KY,I64,58,38.1737665,-84.81147200000001
KY,I64,48,38.1451025,-84.98959099999999
KY,I64,3,38.27046785,-85.7826826
KY,I64,17,38.22364555,-85.54087720000001
KY,I64,15,38.225072999999995,-85.58262545
KY,I64,1,38.276183200000006,-85.80903144999999
KY,I64,8,38.24670825,-85.7012801
KY,I64,19,38.2228179,-85.5108328
KY,I64,7,38.2575017,-85.72308035
KY,I64,110,38.07784425,-83.94960599999999
KY,I64,137,38.192089499999994,-83.47887800000001
KY,I64,133,38.1829125,-83.5571065
KY,I64,69,38.157951,-84.61256800000001
KY,I64,32,38.19226475000001,-85.27153715
KY,I64,35,38.1846599,-85.2124359
KY,I64,43,38.154164,-85.070011
KY,I64,28,38.20769795,-85.34747465
KY,I64,65,38.15993055,-84.67724305
KY,I64,10,38.23614815,-85.65834885000001
KY,I64,12,38.23591265,-85.62497565
KY,I64,19A,38.2228605,-85.5062063
KY,I64,19B,38.2226598,-85.5000765
KY,I64,5,38.2586925,-85.7475908
KY,I64,6,38.2606916,-85.7358963
KY,I65,137,38.2567362,-85.74446789999999
KY,I65,48,37.0977845,-86.0541705
KY,I65,53,37.136167400000005,-85.97765534999999
KY,I65,43,37.057575,-86.1139225
KY,I65,121,37.5900093,-85.9894994
KY,I65,117,37.99451095,-85.7027446
KY,I65,116,37.97833435,-85.69774715
KY,I65,112,37.92486325,-85.68762205
KY,I65,105,37.83000005,-85.71967135
KY,I65,114,37.960956,-85.69316235
KY,I65,102,37.8059987,-85.7459812
KY,I65,91AB,37.665037,-85.853638
KY,I65,86,37.59489595,-85.86899805
KY,I65,93,37.7007745,-85.83498
KY,I65,94,37.7137065,-85.82937000000001
KY,I65,91CA,37.680851,-85.844584
KY,I65,81,37.521837500000004,-85.88482049999999
KY,I65,58,37.201564000000005,-85.9375655
KY,I65,71,37.3818165,-85.8876255
KY,I65,65,37.2960691,-85.90262770000001
KY,I65,131B,38.1926009,-85.73086140000001
KY,I65,128,38.15159665,-85.7140963
KY,I65,130,38.177600850000005,-85.72099045
KY,I65,125,38.122049,-85.70208
KY,I65,131A,38.18498085,-85.7262138
KY,I65,134B,38.2271787,-85.751508
KY,I65,136C,38.2513194,-85.7489289
KY,I65,125A,38.1091541,-85.7012126
KY,I65,135,38.23651515,-85.75202605
KY,I65,127,38.143682,-85.7105265
KY,I65,125B,38.1130676,-85.7013639
KY,I65,136A,38.2418244,-85.7527567
KY,I65,134A,38.2265431,-85.751497
KY,I65,132,38.20953215,-85.752682
KY,I65,134,38.224378,-85.751178
KY,I65,133,38.214585400000004,-85.7525679
KY,I65,76,37.458368,-85.88278
KY,I65,6,36.716168999999994,-86.52187599999999
KY,I65,2,36.665445,-86.556066
KY,I65,36,37.027865,-86.243844
KY,I65,38,37.041977,-86.209317
KY,I65,28,37.0070635,-86.3651005
KY,I65,22,36.9339495,-86.41850600000001
KY,I65,26,36.9770496,-86.39131305000001
KY,I65,30,37.011435750000004,-86.33050284999999
KY,I65,20,36.9180639,-86.4278952
KY,I65,20AB,36.9019623,-86.4365062
KY,I65,136B,38.2457378,-85.7521506
KY,I65,0,38.2682097,-85.7448159
KY,I69,81,37.1328455,-87.870632
KY,I69,79,37.122932,-87.8931225
KY,I69,2,36.519093549999994,-88.8716026
KY,I69,25,36.76650435,-88.64357955
KY,I69,27,36.889117525,-88.46054355
KY,I69,24,36.75682755,-88.65678625
KY,I69,22,36.73920335,-88.66754095
KY,I69,149,37.81171965,-87.5636616
KY,I69,140,37.690953050000005,-87.51407169999999
KY,I69,148,37.79866975,-87.5592734
KY,I69,151,37.83103615,-87.5661958
KY,I69,116,37.3529585,-87.486639
KY,I69,108,37.25380055,-87.45058845
KY,I69,125,37.488926,-87.47551
KY,I69,114,37.3272715,-87.4768335
KY,I69,111,37.2955645,-87.462482
KY,I69,120,37.416529499999996,-87.472745
KY,I69,117,37.356949,-87.488772
KY,I69,92,37.19814735,-87.68849705
KY,I69,31,37.0403892,-88.268348
KY,I69,42,37.072101,-88.093999
KY,I69,71,37.105077050000006,-88.03266694999999
KY,I69,40,37.0740014,-88.12181675
KY,I69,68A;68B,37.073637,-88.082262
KY,I69,47,36.92809080000001,-88.3464194
KY,I69,41,36.8501204,-88.3779382
KY,I69,51AB,36.979523,-88.34556
KY,I69,106BA,37.2215278,-87.4438813
KY,I69,134,37.610550849999996,-87.49901255
KY,I69,152,37.8457182,-87.5650085
KY,I69,43,36.86855385,-88.36461729999999
KY,I69,106AB,37.2125016,-87.4540877
KY,I69,21,36.7290302,-88.67011969999999
KY,I69,25A,36.9922568,-88.3362347
KY,I69,14,36.64449145,-88.7550687
KY,I69,1,36.5181392,-88.8854986
KY,I75,181,39.00140295,-84.6455227
KY,I75,173,38.87991585,-84.6253652
KY,I75,180A,38.9944965,-84.645688
KY,I75,182,39.0121428,-84.63216700000001
KY,I75,175,38.91765045,-84.62912445
KY,I75,178,38.956596649999994,-84.6346003
KY,I75,180,38.98503425,-84.6417455
KY,I75,113,38.079762,-84.45873
KY,I75,108,38.02165,-84.41151500000001
KY,I75,120,38.1471455,-84.5311775
KY,I75,115,38.0993505,-84.48484400000001
KY,I75,118,38.1180416,-84.52396809999999
KY,I75,99,37.893491,-84.35203625
KY,I75,110,38.040335,-84.42046020000001
KY,I75,111,38.0543315,-84.430511
KY,I75,104,37.962999499999995,-84.388724
KY,I75,159,38.68291725,-84.60179635
KY,I75,166,38.78765455,-84.6071443
KY,I75,154,38.6259695,-84.5740595
KY,I75,144,38.4896909,-84.5849779
KY,I75,156,38.6470506,-84.58566809999999
KY,I75,191,39.078080549999996,-84.521038
KY,I75,185,39.034635,-84.59951749999999
KY,I75,189,39.058738500000004,-84.537483
KY,I75,184,39.02813585,-84.60901315
KY,I75,192,39.075534,-84.519218
KY,I75,186,39.04662165,-84.57519085
KY,I75,49,37.2257446,-84.2144524
KY,I75,38,37.110386500000004,-84.102513
KY,I75,29,36.9774787,-84.1109069
KY,I75,41,37.146605449999996,-84.11116635
KY,I75,76,37.568470399999995,-84.31468585
KY,I75,95,37.843374,-84.327098
KY,I75,77,37.5975135,-84.31428249999999
KY,I75,90A,37.774473,-84.315878
KY,I75,97,37.875376,-84.3335835
KY,I75,90B,37.77998,-84.317879
KY,I75,87,37.73647750000001,-84.32298625
KY,I75,83,37.67430455,-84.31168655
KY,I75,90,37.768813,-84.316448
KY,I75,62,37.37800555,-84.32959205
KY,I75,59,37.3417908,-84.30718494999999
KY,I75,126,38.224257,-84.53801100000001
KY,I75,136,38.3801335,-84.5717615
KY,I75,129,38.27588,-84.5570825
KY,I75,127,38.24639825,-84.5465962
KY,I75,125,38.211449,-84.532368
KY,I75,15,36.79228995,-84.16966984999999
KY,I75,25,36.918727000000004,-84.129481
KY,I75,11,36.724483199999995,-84.16629309999999
KY,I75,188,39.05282364999999,-84.55183435000001
KY,I75,160,36.5795557,-84.1107178
KY,I75,171,38.85954725,-84.623047
KY,SR4,,,
KY,SR770,,,
KY,US231,16,37.734304,-87.083724
KY,US231,18,37.7614121,-87.068015
KY,US231,17,37.7391801,-87.07521315
KY,US231,21,37.79795545,-87.04816339999999
KY,US231,19,37.766299700000005,-87.065467
KY,US41,149,37.81171965,-87.5636616
KY,US41,15A,37.856087,-87.5720735
KY,US41,15B,37.858318499999996,-87.5743249
KY,US41,148,37.7999533,-87.5604516
KY,US41,151,37.83103615,-87.5661958
KY,US41,152,37.8457182,-87.5650085
KY,US79,,,
LA,I10,187,30.15316325,-90.80376115000001
LA,I10,182,30.1718678,-90.8766016
LA,I10,173,30.2693219,-90.98517795000001
LA,I10,87,30.2523338,-92.2695917
LA,I10,179,30.192486549999998,-90.92032950000001
LA,I10,177,30.21062215,-90.94726075
LA,I10,92,30.247720049999998,-92.19288225
LA,I10,76,30.2337563,-92.4638023
LA,I10,80,30.23563945,-92.3857099
LA,I10,23,30.217233,-93.325074
LA,I10,21,30.215880249999998,-93.35856415
LA,I10,33,30.245069049999998,-93.17947165
LA,I10,31A,30.23595735,-93.20378984999999
LA,I10,36,30.2446985,-93.12876750000001
LA,I10,4,30.15440075,-93.63865405
LA,I10,27,30.2371205,-93.26173075
LA,I10,43,30.249381,-93.0141115
LA,I10,30B,30.2359948,-93.2176784
LA,I10,26,30.235076499999998,-93.282589
LA,I10,34,30.24578965,-93.1613979
LA,I10,20,30.215806,-93.37464255
LA,I10,7,30.176434999999998,-93.5873125
LA,I10,25,30.22809395,-93.30162945000001
LA,I10,32,30.24191325,-93.18551345
LA,I10,1,30.1316551,-93.691846
LA,I10,29,30.237077,-93.232292
LA,I10,31B,30.2364811,-93.19380720000001
LA,I10,8,30.1852687,-93.56654065000001
LA,I10,30A,30.2366975,-93.2217029
LA,I10,159,30.4168538,-91.11527785
LA,I10,157B,30.42422295,-91.1511034
LA,I10,162A,30.3989351,-91.0907276
LA,I10,156B,30.4278818,-91.1701681
LA,I10,157A,30.4248093,-91.1575445
LA,I10,158,30.42143235,-91.13166735
LA,I10,139,30.4186165,-91.43411605
LA,I10,127,30.367585499999997,-91.63011259999999
LA,I10,135,30.40175675,-91.5033691
LA,I10,223A,30.008674,-90.2273565
LA,I10,225,30.0042546,-90.2068411
LA,I10,226,29.99906755,-90.18465225
LA,I10,228,29.997389849999998,-90.1538743
LA,I10,221,30.0068272,-90.2750627
LA,I10,48,30.2465635,-92.92921150000001
LA,I10,54,30.2468669,-92.82156735
LA,I10,64,30.2466561,-92.66385265
LA,I10,59,30.24772055,-92.740475
LA,I10,44,30.249420999999998,-92.9891733
LA,I10,224,30.0081447,-90.2191732
LA,I10,221B,30.0082288,-90.2608416
LA,I10,223AB,30.0092045,-90.244732
LA,I10,223B,30.009143,-90.234848
LA,I10,100,30.246958149999998,-92.06674075000001
LA,I10,103A,30.2584345,-92.01844745
LA,I10,101,30.251261,-92.036067
LA,I10,103B,30.2606002,-92.01308265
LA,I10,97,30.247206,-92.10785630000001
LA,I10,104,30.26809565,-91.99223665
LA,I10,236C,29.9754638,-90.0633585
LA,I10,246A,30.0569272,-89.9439486
LA,I10,248,30.07632305,-89.9229472
LA,I10,242,30.030181300000002,-89.99324419999999
LA,I10,235A,29.9646516,-90.07284425
LA,I10,254,30.15102345,-89.85733495
LA,I10,232,29.970842750000003,-90.1069832
LA,I10,237,29.980442500000002,-90.0577993
LA,I10,239,30.003757,-90.0314229
LA,I10,238A,29.9960746,-90.0460023
LA,I10,240B,30.01090285,-90.01377679999999
LA,I10,238B,29.9929525,-90.0487731
LA,I10,236A,29.9652759,-90.0722104
LA,I10,234A,29.9562146,-90.0876863
LA,I10,241,30.0262849,-90.00995985
LA,I10,244,30.03731395,-89.97628755
LA,I10,246B,30.0601558,-89.9388279
LA,I10,231A,29.982530699999998,-90.11427175
LA,I10,234B,29.9543097,-90.0867485
LA,I10,231B,29.9891618,-90.1161162
LA,I10,240A,30.0053211,-90.0239712
LA,I10,245,30.0461771,-89.9611625
LA,I10,246AB,30.0635859,-89.9344837
LA,I10,220,30.007254600000003,-90.2902875
LA,I10,194,30.12339575,-90.68193105
LA,I10,209,30.088628749999998,-90.44202920000001
LA,I10,206,30.1052077,-90.4972649
LA,I10,109,30.2950865,-91.9161375
LA,I10,115,30.31549945,-91.83062555000001
LA,I10,261,30.221400000000003,-89.78391199999999
LA,I10,263,30.24797,-89.76334349999999
LA,I10,266,30.285118500000003,-89.749446
LA,I10,267A,30.2999854,-89.7435799
LA,I10,267AB,30.3035766,-89.7314306
LA,I10,153,30.440305950000003,-91.2104535
LA,I10,230,29.9960953,-90.125928
LA,I10,239B,30.0009486,-90.0399063
LA,I10,235B,29.958067,-90.0787941
LA,I10,236B,29.9725313,-90.0657296
LA,I10,160,30.4076278,-91.10152575000001
LA,I10,151,30.447495,-91.24402764999999
LA,I10,155A,30.4390155,-91.1895912
LA,I10,162BA,30.3833998,-91.0675097
LA,I10,163,30.383629300000003,-91.06807535
LA,I10,155B,30.4390462,-91.182603
LA,I10,265,30.2700481,-89.75506315
LA,I10,155C,30.4309747,-91.1740899
LA,I10,162B,30.3937658,-91.0841125
LA,I10,166,30.34673635,-91.0298062
LA,I10,65,30.242846999999998,-92.6314964
LA,I10,72,30.231842049999997,-92.53076039999999
LA,I10,121,30.34174595,-91.7246982
LA,I10,82,30.23556755,-92.3627082
LA,I10,229,29.996811,-90.1359773
LA,I10,239A,29.9979994,-90.0437042
LA,I10,221A,30.0085605,-90.2564258
LA,I10,165,30.36857885,-91.04811165000001
LA,I220,13,32.557787649999995,-93.6785235
LA,I220,15,32.55804155,-93.6563228
LA,I220,17A,32.5501898,-93.63405665
LA,I220,17B,32.5440534,-93.6318154
LA,I220,1A,32.472825099999994,-93.83753060000001
LA,I220,7B,32.5554089,-93.77898375
LA,I220,2,32.4855205,-93.828238
LA,I220,1C,32.4559326,-93.8444364
LA,I220,7A,32.55260105,-93.78276455
LA,I220,5,32.52286065,-93.80702045000001
LA,I220,1B,32.464965,-93.843454
LA,I220,6,32.53823415,-93.7942909
LA,I220,12,32.55704435,-93.71036355
LA,I220,11,32.557929,-93.72702705
LA,I270,,,
LA,I310,2AB,29.9800116,-90.313464
LA,I310,10,29.91471905,-90.4051179
LA,I310,7,29.9320944,-90.3811993
LA,I310,1;1A,30.0019186,-90.2939544
LA,I310,6,29.95213465,-90.36843110000001
LA,I310,2BA,29.9703358,-90.3259237
LA,I49,46,30.865872449999998,-92.22794425000001
LA,I49,53,30.9514191,-92.27562385
LA,I49,205,32.481312700000004,-93.75512025
LA,I49,199,32.3980145,-93.75189585
LA,I49,202,32.442158500000005,-93.7563306
LA,I49,201,32.4181252,-93.75153535000001
LA,I49,203,32.4557382,-93.75666254999999
LA,I49,206,32.4897303,-93.7549958
LA,I49,191,32.281791999999996,-93.748184
LA,I49,186,32.2175125,-93.70635899999999
LA,I49,162,31.9627515,-93.449806
LA,I49,177,32.1197625,-93.6084005
LA,I49,169,32.0265475,-93.5351685
LA,I49,172,32.064026,-93.5627595
LA,I49,2,30.295959850000003,-92.0252665
LA,I49,4,30.322072249999998,-92.0340256
LA,I49,7,30.36395135,-92.04810205
LA,I49,1B,30.262166,-92.016234
LA,I49,1A,30.257235299999998,-92.0151301
LA,I49,1C,30.2740025,-92.01896099999999
LA,I49,119,31.52923285,-92.94510945
LA,I49,127,31.609399,-93.049792
LA,I49,142,31.786758499999998,-93.196957
LA,I49,148,31.838357000000002,-93.2771422
LA,I49,132,31.6649,-93.102015
LA,I49,138,31.7284495,-93.156226
LA,I49,113,31.494530150000003,-92.8615214
LA,I49,155,31.8864138,-93.3704347
LA,I49,103,31.409691549999998,-92.71714589999999
LA,I49,90,31.347388,-92.5188567
LA,I49,86,31.32257715,-92.4637194
LA,I49,23,30.584122,-92.0490394
LA,I49,40,30.7802404,-92.1897466
LA,I49,11,30.4161777,-92.0552529
LA,I49,19,30.5381349,-92.0630204
LA,I49,15,30.477873950000003,-92.07666695
LA,I49,25,30.6104925,-92.04650465
LA,I49,17,30.500082,-92.0718723
LA,I49,18,30.518478199999997,-92.068501
LA,I49,27,30.64187335,-92.050566
LA,I49,84,31.302969949999998,-92.4473713
LA,I49,80,31.24374165,-92.43395385
LA,I49,83,31.28632985,-92.44173125
LA,I49,81,31.2596591,-92.4359312
LA,I49,85B,31.3085068,-92.4504198
LA,I49,85A,31.309370350000002,-92.45162135
LA,I49,94,31.36207965,-92.58731195
LA,I49,98,31.3798747,-92.6506148
LA,I49,99,31.3804142,-92.66838365
LA,I49,107,31.45481895,-92.77395229999999
LA,I49,66,31.07163985,-92.4335474
LA,I49,61,31.0143945,-92.37563940000001
LA,I49,56,30.986645199999998,-92.30771039999999
LA,I49,73,31.16405745,-92.45948835
LA,I49,19B,30.5329548,-92.0650537
LA,I49,19A,30.5271871,-92.066375
LA,I49,228,32.7686955,-93.88803825
LA,I49,196,32.35589675,-93.7518049
LA,I49,221,32.6755376,-93.85047365
LA,I49,234,32.852109299999995,-93.8644605
LA,I49,237,32.8968237,-93.86234475
LA,I49,241,32.94287065,-93.8979135
LA,I49,245,32.9973429,-93.90888190000001
LA,I49,231,32.8146413,-93.8825475
LA,I49,223,32.70205095,-93.86141190000001
LA,I49,215,32.5962587,-93.8318649
LA,I49,211,32.5561437,-93.7937948
LA,I49,210AB,32.5468653,-93.7945091
LA,I55,7,30.1944101,-90.43545465
LA,I55,1,30.552087,-90.4716715
LA,I55,23,30.41102765,-90.4334736
LA,I55,46,30.72611925,-90.53281129999999
LA,I55,36,30.5771249,-90.50437170000001
LA,I55,41,30.641200750000003,-90.52561575
LA,I55,28,30.46798315,-90.4814051
LA,I55,26,30.43827335,-90.4604689
LA,I55,22,30.4033444,-90.4316612
LA,I55,50,30.780972900000002,-90.53297265
LA,I55,57,30.8724659,-90.53225094999999
LA,I55,15,30.297103,-90.40424519999999
LA,I55,29A,30.4774676,-90.4880818
LA,I55,29B,30.4805763,-90.4902525
LA,I55,31,30.50230585,-90.50363075
LA,I55,32,30.519057349999997,-90.5037746
LA,I55,61,30.93673185,-90.5243906
LA,I55,53,30.824753649999998,-90.53307029999999
LA,I59,3,30.353411,-89.740661
LA,I59,267B,30.3042687,-89.740746
LA,I59,11,30.460181499999997,-89.6974825
LA,I59,5B,30.389691,-89.731693
LA,I59,1A,30.3105094,-89.7401232
LA,I59,5A,30.3754,-89.741397
LA,I59,1B;1C,30.3061361,-89.7417515
LA,I59,267A,30.2999854,-89.7435799
MA,I190,17,42.489736,-71.7232665
MA,I190,101,42.5307478,-71.7360788
MA,I190,19,42.526587,-71.731678
MA,I190,19AB,42.516061,-71.723198
MA,I190,9,42.4036665,-71.798694
MA,I190,14,42.45784295,-71.74771949999999
MA,I190,4,42.336297099999996,-71.79855215
MA,I190,2,42.31362225,-71.80593625
MA,I190,1,42.297891500000006,-71.80288825
MA,I190,3,42.3300658,-71.8024728
MA,I495,41,42.064930000000004,-71.40080499999999
MA,I495,43,42.0906919,-71.4284174
MA,I495,58B,42.2625659,-71.5628959
MA,I495,54B,42.216390000000004,-71.54731050000001
MA,I495,54A,42.2119925,-71.5450405
MA,I495,58A,42.25569,-71.5593429
MA,I495,19B,41.9515645,-71.02817200000001
MA,I495,100B,42.68834955,-71.14222774999999
MA,I495,100A,42.6844402,-71.1440566
MA,I495,103BA,42.7175256,-71.1373617
MA,I495,80,42.5493205,-71.478217
MA,I495,78AB,42.5161548,-71.5130414
MA,I495,78A,42.5201339,-71.5092943
MA,I495,78B,42.524561,-71.505415
MA,I495,79,42.537629499999994,-71.49467050000001
MA,I495,91,42.618440750000005,-71.2892188
MA,I495,88,42.6051569,-71.3449212
MA,I495,89CBA,42.6102811,-71.311352
MA,I495,87,42.601189,-71.3592683
MA,I495,89ABC,42.6067657,-71.3357607
MA,I495,33A,42.02541025,-71.25443505
MA,I495,31,42.0009367,-71.211672
MA,I495,3130,42.0084171,-71.2275546
MA,I495,65B,42.364526850000004,-71.59182955
MA,I495,65A,42.360951650000004,-71.58810555
MA,I495,63A,42.3389705,-71.575417
MA,I495,63B,42.343444250000005,-71.57517535
MA,I495,62,42.32147085,-71.5714651
MA,I495,119,42.8457816,-70.9204921
MA,I495,118,42.840212300000005,-70.9341809
MA,I495,115,42.8298737,-70.99319489999999
MA,I495,105,42.7401821,-71.14108985
MA,I495,104,42.730035900000004,-71.13982985
MA,I495,8,41.846366,-70.84974199999999
MA,I495,12,41.88245155,-70.9210052
MA,I495,14,41.8984785,-70.9582705
MA,I495,15,41.902666499999995,-70.964822
MA,I495,50,42.166657799999996,-71.50869695
MA,I495,48,42.147627549999996,-71.48452384999999
MA,I495,33B,42.02787825,-71.25991715
MA,I495,97B,42.6657441,-71.1921888
MA,I495,99,42.6789402,-71.1533939
MA,I495,99A,42.677508,-71.1579712
MA,I495,97A,42.662313499999996,-71.196725
MA,I495,99B,42.6791827,-71.1517589
MA,I495,94,42.642605849999995,-71.23205594999999
MA,I495,102103,42.6985868,-71.1416126
MA,I495,101,42.694823,-71.142227
MA,I495,25,41.962522500000006,-71.123401
MA,I495,92,42.62885405,-71.2694915
MA,I495,27,41.9827685,-71.160054
MA,I495,2,41.8060537,-70.76969645
MA,I495,1,41.7851382,-70.7359021
MA,I495,67,42.392503000000005,-71.60636299999999
MA,I495,59B,42.290839950000006,-71.5671587
MA,I495,59A,42.2863923,-71.56680875
MA,I495,36B,42.03747905,-71.3097443
MA,I495,36A,42.03706005,-71.3033248
MA,I495,83,42.569411,-71.42556099999999
MA,I495,22,41.959031100000004,-71.06904610000001
MA,I495,19A,41.9440525,-71.018546
MA,I495,75,42.487007000000006,-71.54481
MA,I495,89,42.8612015,-70.8942344
MA,I495,46,42.1125926,-71.46442074999999
MA,I495,70,42.4308342,-71.59280685
MA,I495,38,42.04023855,-71.34437955
MA,I495,109B,42.801009,-71.09128
MA,I495,109A,42.798517,-71.096894
MA,I495,111,42.8025443,-71.05175940000001
MA,I495,107,42.770723,-71.119686
MA,I495,106,42.7602057,-71.12264995
MA,I495,108107,42.7872568,-71.1132044
MA,I495,108,42.774284,-71.11834
MA,I495,51,42.8033038,-71.0871957
MA,I495,102101,42.7123806,-71.1374221
MA,I495,58,42.264823750000005,-71.5636687
MA,I84,6A,42.11202005,-72.08139785
MA,I84,3,42.0710504,-72.10304365
MA,I84,6B,42.1174556,-72.0740591
MA,I84,5,42.093263,-72.0881555
MA,I84,74,42.0294612,-72.137535
MA,I91,43,42.5842594,-72.62082905
MA,I91,46,42.617253149999996,-72.59437034999999
MA,I91,30,42.39667,-72.628413
MA,I91,15B,42.2130502,-72.6326569
MA,I91,15A,42.207197,-72.637432
MA,I91,14,42.2001615,-72.638334
MA,I91,15,42.220255,-72.634917
MA,I91,12,42.1741684,-72.64364505
MA,I91,11,42.1627725,-72.6460975
MA,I91,9,42.13359525,-72.6102987
MA,I91,25,42.3305456,-72.6184469
MA,I91,26,42.3429911,-72.6414438
MA,I91,23,42.305475099999995,-72.62547825
MA,I91,50,42.6748181,-72.5427681
MA,I91,50B,42.6710453,-72.5428616
MA,I91,50A,42.6678761,-72.5433459
MA,I91,6,42.108854199999996,-72.60346150000001
MA,I91,4,42.0894179,-72.5815228
MA,I91,1,42.077329,-72.5804022
MA,I91,5,42.096103299999996,-72.5866686
MA,I91,8,42.1202843,-72.6090486
MA,I91,7AB,42.1055167,-72.6002999
MA,I91,3,42.0833045,-72.58032395000001
MA,I91,10B,42.1367039,-72.62912095
MA,I91,10A,42.1360293,-72.6223431
MA,I91,32,42.4358172,-72.6216747
MA,I91,35,42.46673545,-72.61650645
MA,I91,49,42.024108,-72.5896797
MA,I91,5B,42.1037355,-72.5978562
MA,I91,27,42.36077775,-72.6366781
MA,I91,36,42.4877086,-72.6161602
MA,I91,2,42.0761048,-72.5812302
MA,I93,1B1A,42.2048481,-71.1346904
MA,I93,19,42.3718656,-71.0670305
MA,I93,15A,42.3276385,-71.0585799
MA,I93,14,42.32123795,-71.0535697
MA,I93,13A,42.296841,-71.0465153
MA,I93,13B,42.3000766,-71.0482033
MA,I93,18,42.37397935,-71.06750095000001
MA,I93,15B,42.3310881,-71.0617939
MA,I93,17BA,42.3641377,-71.0584732
MA,I93,16,42.3335066,-71.0638574
MA,I93,16A,42.3559896,-71.0513608
MA,I93,24,42.43127055,-71.10313654999999
MA,I93,22,42.40877745,-71.10184835
MA,I93,21,42.3968123,-71.0897785
MA,I93,45,42.73173,-71.203815
MA,I93,43B,42.7043934,-71.210267
MA,I93,43,42.709855,-71.211128
MA,I93,4546,42.723488,-71.207566
MA,I93,46,42.7389157,-71.2056259
MA,I93,43A,42.70198,-71.209938
MA,I93,10,42.2641163,-71.0455434
MA,I93,3,42.2030554,-71.096405
MA,I93,11A,42.274165,-71.0506585
MA,I93,9,42.2540255,-71.0389908
MA,I93,11B,42.2772213,-71.0490123
MA,I93,38,42.62483615,-71.17786265000001
MA,I93,39,42.642632,-71.184321
MA,I93,40B,42.666623799999996,-71.19542465
MA,I93,42,42.690749,-71.206475
MA,I93,40A,42.66174,-71.19320400000001
MA,I93,39A,42.645277,-71.1858176
MA,I93,39B,42.64971,-71.187864
MA,I93,26,42.340511899999996,-71.1263621
MA,I93,25,42.4580936,-71.101925
MA,I93,28A,42.500216550000005,-71.11846704999999
MA,I93,20,42.38552955,-71.08050374999999
MA,I93,5B,42.20586245,-71.06260265
MA,I93,5A,42.20507015,-71.0673484
MA,I93,8,42.24188065,-71.02870345
MA,I93,4,42.2035707,-71.07909025000001
MA,I93,7,42.22791875,-71.02400405
MA,I93,28B,42.50426515,-71.1199735
MA,I93,33,42.5565977,-71.13974055
MA,I93,31,42.53722755,-71.13513839999999
MA,I93,35,42.583792200000005,-71.15767075
MA,I93,34,42.57543095,-71.15099839999999
MA,I93,30,42.5203456,-71.1327159
MA,I93,27,42.48049775,-71.11501705
MA,I93,6,42.2212219,-71.03404675
MA,I93,2A,42.203097150000005,-71.12272415000001
MA,I93,2B,42.2032571,-71.11677159999999
MA,I93,15,42.3391884,-71.0642125
MA,I93,23,42.422643,-71.1037015
MA,I93,11,42.2750249,-71.0501891
MA,I93,16B,42.3594327,-71.052305
MA,I93,17,42.358289,-71.0515094
MA,I93,12,42.2838784,-71.0439549
MA,I95,26,42.20486085,-71.1439549
MA,I95,78,42.712655,-70.962501
MA,I95,78A,42.704989,-70.965316
MA,I95,78B,42.7091346,-70.9635154
MA,I95,51A,42.48741015,-71.19319055
MA,I95,51B,42.49049255,-71.1892327
MA,I95,52,42.495648599999996,-71.17827675000001
MA,I95,50BA,42.4796338,-71.2096507
MA,I95,45A,42.4259332,-71.25815445
MA,I95,50AB,42.4746891,-71.2266637
MA,I95,49A,42.46876905,-71.24748085
MA,I95,49B,42.47119035,-71.2434403
MA,I95,45B,42.4302167,-71.25907330000001
MA,I95,46AB,42.4360442,-71.2595059
MA,I95,46B,42.4460081,-71.2562947
MA,I95,46A,42.4425971,-71.2576502
MA,I95,61,42.513872,-71.0280205
MA,I95,63A,42.516317,-71.004958
MA,I95,63B,42.516566,-70.999464
MA,I95,59,42.52543905,-71.06458625
MA,I95,12B,42.028687700000006,-71.254279
MA,I95,12A,42.02480935,-71.25974045
MA,I95,68,42.5725707,-70.9702863
MA,I95,67A,42.5569795,-70.9754716
MA,I95,70,42.5946711,-70.96348230000001
MA,I95,69,42.5794924,-70.9659618
MA,I95,67B,42.5614565,-70.9729215
MA,I95,1,41.89845,-71.3699714
MA,I95,2A,41.901626300000004,-71.3588143
MA,I95,6,41.95774205,-71.3025341
MA,I95,4A,41.9330928,-71.3205812
MA,I95,2B,41.9033209,-71.3530887
MA,I95,4,41.9295613,-71.3225636
MA,I95,4B,41.9372809,-71.3170679
MA,I95,31B,42.245709,-71.20517935000001
MA,I95,29B,42.229993050000004,-71.18362985
MA,I95,31A,42.2421765,-71.2015673
MA,I95,32,42.264448200000004,-71.2061475
MA,I95,27,42.2141407,-71.1517089
MA,I95,29A,42.227046,-71.17992
MA,I95,88A,42.8426142,-70.9044499
MA,I95,88B,42.8453499,-70.9024651
MA,I95,88,42.844186,-70.903636
MA,I95,83,42.7803193,-70.9263505
MA,I95,81,42.75641995,-70.94194075
MA,I95,86,42.817476,-70.9154655
MA,I95,38,42.3311261,-71.2541307
MA,I95,37A,42.3276803,-71.2514782
MA,I95,39AB,42.3326819,-71.2552533
MA,I95,3837B,42.3325276,-71.255441
MA,I95,17,42.09264905,-71.22444014999999
MA,I95,13A,42.04106055,-71.24425165
MA,I95,13B,42.04520665,-71.2417256
MA,I95,33,42.269767,-71.2003689
MA,I95,36A,42.315249300000005,-71.23281455
MA,I95,7,41.9715245,-71.29531940000001
MA,I95,57,42.516785150000004,-71.08935145000001
MA,I95,58,42.5247095,-71.0800592
MA,I95,60,42.5138247,-71.04128985
MA,I95,56B,42.504331300000004,-71.10005025000001
MA,I95,44,42.4170464,-71.2570806
MA,I95,43A,42.3970219,-71.2615863
MA,I95,41,42.3708374,-71.26898695
MA,I95,43AB,42.3916369,-71.2621816
MA,I95,44B,42.415711,-71.257059
MA,I95,44A,42.4124045,-71.2576729
MA,I95,43B,42.399501,-71.2604658
MA,I95,21,42.1516861,-71.1941704
MA,I95,23A,42.1689648,-71.1730277
MA,I95,23B,42.173080850000005,-71.16922
MA,I95,64,42.527588,-70.98315600000001
MA,I95,66,42.5460467,-70.9825514
MA,I95,63,42.5219237,-70.9872741
MA,I95,39B,42.3483186,-71.2627667
MA,I95,28,42.2233727,-71.17126415
MA,I95,55B,42.50189425,-71.11578225
MA,I95,55A,42.502644849999996,-71.1215723
MA,I95,56A,42.50288305,-71.10593775000001
MA,I95,74,42.651164449999996,-70.97702095
MA,I95,72,42.626526299999995,-70.97856365
MA,I95,76B,42.68554845,-70.9740295
MA,I95,76A,42.68100655,-70.97564080000001
MA,I95,53,42.499430000000004,-71.15706564999999
MA,I95,54,42.50262625,-71.1304453
MA,I95,90,42.8701498,-70.889053
MA,I95,89,42.8612015,-70.8942344
MA,I95,19,42.127545350000005,-71.2259411
MA,I95,39A,42.3438428,-71.2631808
MA,I95,36B,42.31824985,-71.23596764999999
MA,I95,35A,42.2909951,-71.2136735
MA,I95,35BC,42.2944733,-71.2171886
MA,I95,35CBA,42.3078413,-71.2277531
MA,I95,25,42.1883833,-71.1547581
MA,I95,37,42.3265984,-71.2503115
MA,SR3,,,
MA,US20,7B,42.111655,-72.606177
MA,US20,4,42.127289000000005,-72.565803
MA,US20,3,42.117839000000004,-72.5847275
MA,US20,2B,42.112347,-72.5937024
MA,US20,2A,42.1089882,-72.5981015
MA,US20,5A,42.14354,-72.549484
MA,US202,77,42.576959099999996,-72.17630439999999
MA,US202,75,42.5699568,-72.20331505
MA,US202,71,42.559436000000005,-72.28494549999999
MA,US202,79,42.571072,-72.1284254
MA,US3,51A,42.48741015,-71.19319055
MA,US3,72AB,42.481103,-71.2232183
MA,US3,50A,42.4777209,-71.2165909
MA,US3,50BA,42.4796338,-71.2096507
MA,US3,50B,42.4784797,-71.21317429999999
MA,US3,81CBA,42.6192628,-71.3368583
MA,US3,84,42.62232095,-71.36587270000001
MA,US3,79,42.58908205,-71.3130749
MA,US3,86,42.6316773,-71.40525339999999
MA,US3,8081A,42.5961481,-71.3185291
MA,US3,81BC,42.6017919,-71.3228905
MA,US3,90,42.68040975,-71.44122605
MA,US3,88,42.658755,-71.428258
MA,US3,91,42.6943008,-71.4459399
MA,US3,78,42.562231499999996,-71.298818
MA,US3,76,42.5403745,-71.2819535
MA,US3,73,42.5020521,-71.24328175
MD,I270,15A,39.1811582,-77.2515329
MD,I270,6,39.0915978,-77.17557475000001
MD,I270,5&4,39.0806029,-77.1711473
MD,I270,6BA,39.0900113,-77.1751736
MD,I270,6A,39.0831212,-77.1719876
MD,I270,16,39.1975174,-77.26391615
MD,I270,8,39.10687715,-77.186350725
MD,I270,15BA,39.1883889,-77.2581908
MD,I270,5,39.06952793333333,-77.16150370000001
MD,I270,1A,39.0299831,-77.122058
MD,I270,32,39.3904645,-77.4172016
MD,I270,26,39.323432749999995,-77.35682855
MD,I270,31,39.3790632,-77.4072906
MD,I270,4B,39.05843175,-77.15498655
MD,I270,4A,39.0545854,-77.15367665
MD,I270,11,39.1519403,-77.22099084999999
MD,I270,10,39.1407279,-77.2124044
MD,I270,9,39.1276786,-77.2031972
MD,I270,1,39.0324938,-77.1392912
MD,I270,1B,39.030856,-77.1271434
MD,I270,35,39.018521,-77.1023933
MD,I270,31A,39.3809958,-77.4091113
MD,I270,22,39.277798000000004,-77.32349765000001
MD,I270,18,39.23145845,-77.2849686
MD,I270,13B,39.1758692,-77.2472432
MD,I270,15B,39.1847785,-77.2548917
MD,I270,31B,39.3843005,-77.4120893
MD,I270,6B,39.0859946,-77.1730674
MD,I270,13A,39.1725255,-77.2449831
MD,I270,9A;9B,39.1180921,-77.1950604
MD,I270,9&10,39.1083635,-77.1849826
MD,I270,101112,39.1366682,-77.2104645
MD,I270,12,39.1571224,-77.2266185
MD,I495,31,39.0134433,-77.037834
MD,I495,39,38.989615400000005,-77.1586849
MD,I495,41,38.97384705,-77.17866455000001
MD,I495,28B,39.01951805,-76.97911815
MD,I495,29,39.015948699999996,-77.00487805
MD,I495,36,39.015620999999996,-77.11910065000001
MD,I495,30A,39.0158055,-77.0173714
MD,I495,28A,39.018762100000004,-76.97323915
MD,I495,38,39.0070358,-77.1529253
MD,I495,33,39.00581335,-77.07631545000001
MD,I495,30B,39.0160858,-77.0201743
MD,I495,19A,38.947961199999995,-76.8598589
MD,I495,27,39.0189547,-76.9600101
MD,I495,19B,38.9474271,-76.8593934
MD,I495,15A,38.8917651,-76.8471494
MD,I495,22B,38.9934416,-76.88760694999999
MD,I495,11A,38.8374843,-76.86841005
MD,I495,11B,38.841441849999995,-76.86557155
MD,I495,9,38.8236857,-76.88590035
MD,I495,25,39.0185094,-76.9212299
MD,I495,4B,38.8102617,-76.9666387
MD,I495,23,39.00192025,-76.8944996
MD,I495,13,38.8698387,-76.8452072
MD,I495,25BA,39.0212323,-76.9455219
MD,I495,7A;7B,38.8191229,-76.914945
MD,I495,3B,38.8032949,-76.9980346
MD,I495,35,39.018521,-77.1023933
MD,I495,34,39.016671,-77.10352685
MD,I495,40,38.9903681,-77.1573017
MD,I495,31A,39.0133005,-77.0415569
MD,I495,31B,39.0134057,-77.0461217
MD,I495,7A,38.819543,-76.9268635
MD,I495,3,38.799523750000006,-77.00855394999999
MD,I495,2A,38.7949325,-77.0172794
MD,I495,2AB,38.79294,-77.0239492
MD,I495,2B,38.7976472,-77.0105565
MD,I495,3A,38.7934911,-77.0197334
MD,I495,17,38.9135684,-76.8503394
MD,I495,16,38.9033024,-76.8503236
MD,I495,1716,38.9248363,-76.8539603
MD,I495,15B,38.8962299,-76.8488733
MD,I495,22A,38.98981215,-76.8844264
MD,I495,20A,38.9573728,-76.8648963
MD,I495,24,39.016887,-76.9116823
MD,I495,20B,38.9593208,-76.8659149
MD,I495,20BA,38.9633567,-76.8673575
MD,I495,7B,38.819327,-76.9185822
MD,I495,4A,38.80788995,-76.97527135
MD,I495,15,38.8891515,-76.8457776
MD,I495,30,39.0159875,-77.0164381
MD,I68,43A,39.648184099999995,-78.7692653
MD,I68,50,39.69288965,-78.65075235
MD,I68,46,39.6732995,-78.72614095
MD,I68,43C,39.64920575,-78.75972445
MD,I68,72,39.70552085,-78.3288748
MD,I68,34,39.6335635,-78.91685290000001
MD,I68,40,39.63522185,-78.83144275000001
MD,I68,44,39.6567189,-78.74846945
MD,I68,39,39.6350587,-78.8335945
MD,I68,33,39.6385348,-78.94727775
MD,I68,52,39.704752,-78.6274413
MD,I68,47,39.6704514,-78.7073523
MD,I68,45,39.666022,-78.7379632
MD,I68,62,39.67513185,-78.4598997
MD,I68,56,39.705880699999994,-78.5721294
MD,I68,68,39.700022849999996,-78.38048885
MD,I68,42,39.6435405,-78.79053404999999
MD,I68,64,39.667561199999994,-78.4431056
MD,I68,41,39.6406147,-78.8019376
MD,I68,24,39.6833576,-79.07331545
MD,I68,14A,39.692019900000005,-79.2541516
MD,I68,14B,39.6865369,-79.24504945
MD,I68,19,39.6927249,-79.1600055
MD,I68,22,39.68853715,-79.10179755
MD,I68,29,39.68374755,-78.9713821
MD,I68,4,39.6616963,-79.41362025000001
MD,I68,77,39.6998306,-78.24622625
MD,I68,82C,39.7130713,-78.1919995
MD,I68,82B–A,39.7129517,-78.1898872
MD,I68,43B,39.649079799999996,-78.76155055
MD,I68,74,39.7116451,-78.3035641
MD,I68,43D,39.6501382,-78.75529449999999
MD,I70,53,39.3979229,-77.4283237
MD,I70,73,39.3427641,-77.07148645
MD,I70,76,39.326580050000004,-77.0160405
MD,I70,80,39.3090394,-76.95247805
MD,I70,87B,39.2965215,-76.82242049999999
MD,I70,87A,39.2964889,-76.82473949999999
MD,I70,83,39.3054498,-76.8935768
MD,I70,55,39.4044188,-77.39024075
MD,I70,53B,39.3980602,-77.4202772
MD,I70,68,39.359833949999995,-77.1653681
MD,I70,62,39.3808643,-77.25986345
MD,I70,56,39.4037825,-77.3785703
MD,I70,48,39.4321381,-77.4896984
MD,I70,26,39.616999449999994,-77.78590255
MD,I70,18,39.651480649999996,-77.92299205
MD,I70,42,39.4960545,-77.56801245
MD,I70,32B,39.6002242,-77.6792806
MD,I70,12,39.6276575,-78.01576205
MD,I70,29,39.6056628,-77.725625
MD,I70,35,39.585527150000004,-77.63911265
MD,I70,5,39.68534725,-78.11209135
MD,I70,1A,39.7145227,-78.18749985
MD,I70,1B,39.709568000000004,-78.18421855
MD,I70,24,39.6303878,-77.8094215
MD,I70,3,39.6957849,-78.14933345
MD,I70,168,39.7551362,-78.1864314
MD,I70,52A,39.4014124,-77.4458532
MD,I70,9,39.6563653,-78.0534112
MD,I70,32A,39.5998681,-77.68543274999999
MD,I70,54,39.4012383,-77.40425995000001
MD,I70,29A,39.605107,-77.7350936
MD,I70,28,39.606186050000005,-77.75365275
MD,I70,91BA,39.3069099,-76.7526375
MD,I70,59,39.395125199999995,-77.32814875
MD,I70,49,39.4185907,-77.4805875
MD,I70,29B,39.6053333,-77.7283935
MD,I70,82,39.303873,-76.9145983
MD,I70,52B,39.3990567,-77.4402647
MD,I70,52,39.3984897,-77.4349115
MD,I70,53A,39.3990441,-77.427693
MD,I81,4,39.61784275,-77.78671545
MD,I81,10B,39.70210925,-77.74053724999999
MD,I81,9,39.689393550000005,-77.7336017
MD,I81,10A,39.698911100000004,-77.7381816
MD,I81,7A,39.662268749999996,-77.74111125
MD,I81,6A,39.651627899999994,-77.7513894
MD,I81,6B,39.654932099999996,-77.74807419999999
MD,I81,1,39.63230926666667,-77.78853936666667
MD,I81,8,39.6680614,-77.7368344
MD,I81,7B,39.664499750000004,-77.73917065
MD,I81,5B,39.629027,-77.7742124
MD,I81,5A,39.6268638,-77.7753117
MD,I81,2,39.605411149999995,-77.8031735
MD,I83,8,39.3219964,-76.6315288
MD,I83,17,39.4548161,-76.6466924
MD,I83,16,39.4407974,-76.6346017
MD,I83,27,39.5908488,-76.6735178
MD,I83,31,39.63344325,-76.6703197
MD,I83,23A;23B,39.4143915,-76.6617755
MD,I83,24,39.5056918,-76.65917093333333
MD,I83,16A,39.4350362,-76.633355
MD,I83,36,39.70527905,-76.64311885000001
MD,I83,10B,39.3610144,-76.6502034
MD,I83,10A,39.3567677,-76.6497867
MD,I83,9A,39.3409711,-76.6473518
MD,I83,9B,39.3426981,-76.6472168
MD,I83,10A;10B,39.3644749,-76.6502332
MD,I83,7,39.3208033,-76.6310237
MD,I83,5,39.3084643,-76.6190489
MD,I83,6,39.3140601,-76.6271623
MD,I83,1,39.2911799,-76.6072547
MD,I83,9A9B,39.34882,-76.646516
MD,I83,16B,39.4393312,-76.6339699
MD,I83,18,39.4668181,-76.6615644
MD,I83,20AB,39.4879831,-76.6661417
MD,I83,3,39.30072705,-76.611322
MD,I83,4,39.3071565,-76.6168541
MD,I83,33,39.6573298,-76.65572815
MD,I83,23AB,39.4158624,-76.6592069
MD,I83,20A,39.4944813,-76.667392
MD,I83,20B,39.4990049,-76.6678972
MD,I83,6;7AB,39.3100729,-76.6215798
MD,I83,12,39.3981396,-76.664807
MD,I83,37,39.720871,-76.6547394
MD,I95,43A,39.194913,-76.76892505
MD,I95,57,39.27838285,-76.55066585
MD,I95,35A,39.12533705,-76.86495915
MD,I95,41AB,39.1827174,-76.7831111
MD,I95,43B,39.198997250000005,-76.76353365
MD,I95,35B,39.131978000000004,-76.8587106
MD,I95,46,39.2207663,-76.7231599
MD,I95,38B,39.15885395,-76.8245813
MD,I95,38A,39.157381900000004,-76.83061509999999
MD,I95,47AB,39.234035500000005,-76.71002519999999
MD,I95,49B,39.25316565,-76.678167
MD,I95,49A,39.24943065,-76.68279335
MD,I95,67,39.37885905,-76.44930135
MD,I95,59,39.28877595,-76.53364175
MD,I95,53,39.2683146,-76.62582710000001
MD,I95,52,39.26875389999999,-76.63004335
MD,I95,51,39.2712923,-76.6536603
MD,I95,19A,38.947961199999995,-76.8598589
MD,I95,19B,38.9474271,-76.8593934
MD,I95,15A,38.8917651,-76.8471494
MD,I95,22B,38.9934416,-76.88760694999999
MD,I95,11A,38.8374843,-76.86841005
MD,I95,27,39.034566,-76.9418281
MD,I95,11B,38.841441849999995,-76.86557155
MD,I95,9,38.8236857,-76.88590035
MD,I95,29A,39.0490544,-76.9316054
MD,I95,25,39.0185094,-76.9212299
MD,I95,4B,38.8102617,-76.9666387
MD,I95,23,39.00192025,-76.8944996
MD,I95,13,38.8698387,-76.8452072
MD,I95,7A;7B,38.8191229,-76.914945
MD,I95,3B,38.8032949,-76.9980346
MD,I95,31;32;33,39.0641681,-76.9126886
MD,I95,29AB,39.0442254,-76.9336729
MD,I95,100,39.6289257,-75.9621952
MD,I95,100BA,39.6367245,-75.948206
MD,I95,109A;109B,39.6418387,-75.8080995
MD,I95,93,39.59485215,-76.06278805
MD,I95,109B;109A,39.6401324,-75.7966162
MD,I95,80,39.4842859,-76.25210215
MD,I95,89,39.5709519,-76.13666625
MD,I95,74,39.4421575,-76.34897635
MD,I95,85,39.52546375,-76.19029485
MD,I95,50BA,39.2709146,-76.6557568
MD,I95,7A,38.819543,-76.9268635
MD,I95,60,39.2980708,-76.5306207
MD,I95,61,39.3053366,-76.5305679
MD,I95,3,38.799523750000006,-77.00855394999999
MD,I95,56,39.2678629,-76.560634
MD,I95,33A;33B,39.1063752,-76.8851438
MD,I95,29B,39.0556266,-76.9285861
MD,I95,55,39.26607635,-76.6032177
MD,I95,2A,38.7949325,-77.0172794
MD,I95,2AB,38.79294,-77.0239492
MD,I95,2B,38.7976472,-77.0105565
MD,I95,3A,38.7934911,-77.0197334
MD,I95,17,38.9135684,-76.8503394
MD,I95,16,38.9033024,-76.8503236
MD,I95,1716,38.9248363,-76.8539603
MD,I95,15B,38.8962299,-76.8488733
MD,I95,62,39.3265158,-76.5263567
MD,I95,64,39.35193445,-76.49529749999999
MD,I95,22A,38.98981215,-76.8844264
MD,I95,20A,38.9573728,-76.8648963
MD,I95,24,39.016887,-76.9116823
MD,I95,20B,38.9593208,-76.8659149
MD,I95,20BA,38.9633567,-76.8673575
MD,I95,7B,38.819327,-76.9185822
MD,I95,41B;41A,39.1726937,-76.7980984
MD,I95,58,39.2843535,-76.5445333
MD,I95,54,39.2671814,-76.6188268
MD,I95,77A,39.4527793,-76.3177343
MD,I95,77B,39.4540096,-76.3155942
MD,I95,31B,39.0824889,-76.8993628
MD,I95,77BA,39.4605977,-76.3018543
MD,I95,4A,38.80788995,-76.97527135
MD,I95,15,38.8891515,-76.8457776
MD,I95,3231A,39.098356,-76.8904104
MD,I95,50AB,39.2611238,-76.673186
MD,I97,13,39.14239585,-76.64449385
MD,I97,14BA,39.1614711,-76.6444865
MD,I97,15,39.1734254,-76.6384002
MD,I97,16,39.17810445,-76.6350208
MD,I97,15B,39.1667797,-76.6415957
MD,I97,17A,39.194514,-76.6322663
MD,I97,15A,39.162069,-76.6438137
MD,I97,14AB,39.1471485,-76.6448043
MD,I97,12,39.12548365,-76.63999279999999
MD,I97,10,39.0881354,-76.624822
MD,I97,10B,39.0998158,-76.6285194
MD,I97,10A,39.0953095,-76.6272194
MD,I97,7,39.06569385,-76.63060010000001
MD,I97,5,39.0475902,-76.6222997
MD,SR100,,,
ME,I395,2,44.786871000000005,-68.79279185
ME,I395,3,44.7844867,-68.7760732
ME,I395,1B,44.78668155,-68.8055109
ME,I395,1A,44.787199799999996,-68.81044815000001
ME,I395,3AB,44.7874118,-68.7852549
ME,I395,5,44.779248550000005,-68.75619420000001
ME,I395,4,44.7831998,-68.7678373
ME,I395,6A,44.7682194,-68.7276064
ME,I395,6B,44.771455,-68.7203395
ME,I95,75,44.0373469,-70.2699805
ME,I95,80,44.07178785,-70.18418155
ME,I95,86,44.1005229,-70.08637
ME,I95,276,46.006390350000004,-68.2834997
ME,I95,291,46.14392625,-68.06034994999999
ME,I95,302,46.1396221,-67.8397411
ME,I95,47,43.66455,-70.33164174999999
ME,I95,305,46.1327214,-67.7867142
ME,I95,42,43.605669250000005,-70.3717834
ME,I95,45,43.631600750000004,-70.3447736
ME,I95,264,45.8729455,-68.4131865
ME,I95,53,43.7311044,-70.3025848
ME,I95,46,43.647353499999994,-70.33186599999999
ME,I95,48,43.6797689,-70.325591
ME,I95,63,43.88141565,-70.33489159999999
ME,I95,286,46.1096445,-68.1611975
ME,I95,44,43.6232667,-70.3533042
ME,I95,182B,44.7900724,-68.80613095
ME,I95,132,44.5942475,-69.615384
ME,I95,133,44.601752250000004,-69.59870825
ME,I95,32,43.480878700000005,-70.49919605
ME,I95,7,43.15634645,-70.6662891
ME,I95,3,43.1041931,-70.7479561
ME,I95,25,43.4108729,-70.55931545
ME,I95,35,43.5175084,-70.465978
ME,I95,36,43.5234426,-70.4576808
ME,I95,19,43.3269168,-70.606108
ME,I95,36AND35,43.5341915,-70.4460585
ME,I95,2,43.104853250000005,-70.7472688
ME,I95,182A,44.7852664,-68.80972750000001
ME,I95,180,44.7734756,-68.8599267
ME,I95,174,44.759081699999996,-68.97404155000001
ME,I95,183,44.79839305,-68.8020059
ME,I95,184,44.809301500000004,-68.79309085
ME,I95,185,44.819548350000005,-68.77342920000001
ME,I95,186,44.825305549999996,-68.75478525
ME,I95,187,44.8324515,-68.74212800000001
ME,I95,191,44.87296235,-68.70261740000001
ME,I95,193,44.90339535,-68.6923032
ME,I95,197,44.95929735,-68.70733075
ME,I95,199,44.990503,-68.7023704
ME,I95,217,45.23635675,-68.67716
ME,I95,227,45.37624025,-68.6050848
ME,I95,244,45.6071442,-68.5221104
ME,I95,259,45.795394,-68.4274543
ME,I95,102,44.2095524,-69.8315439
ME,I95,103,44.2243936,-69.8178542
ME,I95,109,44.3105033,-69.8086149
ME,I95,109B,44.319409,-69.8132059
ME,I95,112A,44.3435894,-69.799111
ME,I95,112B,44.3464737,-69.7937062
ME,I95,112,44.3478499,-69.7914627
ME,I95,113,44.35625605,-69.78182085
ME,I95,120,44.453178199999996,-69.7161537
ME,I95,127,44.5454401,-69.67991190000001
ME,I95,130,44.572301949999996,-69.64116824999999
ME,I95,138,44.6395366,-69.5281947
ME,I95,150,44.785876200000004,-69.40331445000001
ME,I95,157,44.8337631,-69.29262385
ME,I95,159,44.8170707,-69.2558203
ME,I95,161,44.8039711,-69.22301304999999
ME,I95,167,44.78425585,-69.10210405
ME,I95,52,43.71956555,-70.3053422
ME,I95,1,43.0986672,-70.7556208
ME,I95,124,44.506714,-69.70343969999999
ME,I95,109A,44.3126379,-69.8098352
MI,I175,,,
MI,I196,41,42.6823455,-86.17005180000001
MI,I196,22,42.4261594,-86.2521187
MI,I196,49,42.743859900000004,-86.07191685000001
MI,I196,34,42.438020333333334,-86.27054120000001
MI,I196,30,42.53068955,-86.218599
MI,I196,36,42.6234575,-86.21179244999999
MI,I196,26,42.48372535,-86.22219805
MI,I196,44,42.729171,-86.1481357
MI,I196,4,42.18897565,-86.37619355
MI,I196,1,42.14932325,-86.3685234
MI,I196,7,42.22924865,-86.36503785
MI,I196,67,42.8854964,-85.77911635000001
MI,I196,72,42.9296816,-85.737169
MI,I196,70B,42.9146129,-85.7648093
MI,I196,75,42.96524195,-85.70552055
MI,I196,77C,42.97192535,-85.66819244999999
MI,I196,76,42.9726546,-85.6923305
MI,I196,79,42.97343225,-85.63913740000001
MI,I196,69A,42.9044224,-85.7810428
MI,I196,73,42.94415,-85.71181305
MI,I196,70,42.9200091,-85.7602133
MI,I196,77A,42.9726575,-85.6750788
MI,I196,70A,42.9121781,-85.7678655
MI,I196,55,42.8111018,-85.9812182
MI,I196,62,42.849300400000004,-85.86101535
MI,I196,52,42.78334985,-86.02661855
MI,I196,64,42.86220445,-85.81972365
MI,I196,13,42.3019533,-86.30861525
MI,I196,20,42.4091145,-86.2526086
MI,I196,18,42.365543,-86.2684511
MI,I196,20A,42.3983666,-86.252237
MI,I196,69B,42.9064264,-85.7800152
MI,I196,69C,42.908599,-85.7763834
MI,I196,78,42.9722879,-85.6580716
MI,I196,69,42.8990119,-85.780788
MI,I196,77A;77B,42.9732139,-85.6802209
MI,I196,20B,42.403757,-86.2522039
MI,I196,38,42.9766454,-85.610685
MI,I475,6,43.010751299999995,-83.68040505
MI,I475,4,42.97778705,-83.6823361
MI,I475,2,42.9438264,-83.68170710000001
MI,I475,11,43.07545915,-83.6844031
MI,I475,13,43.098110950000006,-83.6948297
MI,I475,8A,43.02560435,-83.68129669999999
MI,I475,7,43.01507695,-83.68162534999999
MI,I475,125,43.1059256,-83.7634497
MI,I475,8B,43.03408425,-83.67760235
MI,I475,5,42.9925968,-83.6811841
MI,I475,9,43.0547094,-83.67429935
MI,I475,15,43.09704,-83.7337265
MI,I475,111,42.9181331,-83.6769908
MI,I496,95,42.7289117,-84.668783
MI,I496,1A,42.719888,-84.643005
MI,I496,1B,42.719899,-84.635359
MI,I496,1,42.7195896,-84.6490749
MI,I496,3,42.7217631,-84.60281615
MI,I496,7,42.72598495,-84.54004165
MI,I496,73A,42.680377,-84.4994958
MI,I496,5,42.7260284,-84.56760555
MI,I496,4,42.7261525,-84.5803837
MI,I496,73B,42.67775935,-84.49737125
MI,I496,6,42.72598805,-84.5597598
MI,I496,8,42.7234348,-84.5125259
MI,I496,9,42.720712750000004,-84.5085482
MI,I496,11,42.6920419,-84.50313969999999
MI,I496,7A,42.7257741,-84.5384569
MI,I69,138,43.01221495,-83.65319685
MI,I69,131,42.97311875,-83.7653236
MI,I69,136,43.00753415,-83.68449269999999
MI,I69,145,43.011507300000005,-83.517567
MI,I69,141,43.01959935,-83.5952905
MI,I69,139,43.013696949999996,-83.6346281
MI,I69,123,42.9642536,-83.9288562
MI,I69,128,42.96535745,-83.83073540000001
MI,I69,135,42.99681425,-83.7048316
MI,I69,133,42.98419135,-83.73406285
MI,I69,129,42.9655685,-83.805807
MI,I69,137,43.00891985,-83.677659
MI,I69,143,43.0165277,-83.55596919999999
MI,I69,3,41.7964228,-84.9948712
MI,I69,16,41.98547725,-84.9720278
MI,I69,10,41.89808215,-84.9905411
MI,I69,13,41.93927495,-84.9731573
MI,I69,42,42.34998265,-84.981427
MI,I69,32,42.20296625,-84.98261554999999
MI,I69,23,42.07803915,-84.98946055
MI,I69,38,42.2975318,-84.9966635
MI,I69,36,42.2703171,-84.9910289
MI,I69,25,42.1063093,-84.99611215
MI,I69,87,42.8175545,-84.542271
MI,I69,92,42.7975648,-84.44866145
MI,I69,89BA,42.8025827,-84.496587
MI,I69,81,42.7931354,-84.6518562
MI,I69,94,42.7824033,-84.40561325
MI,I69,84,42.807602599999996,-84.60370814999999
MI,I69,85,42.8152618,-84.57185335
MI,I69,89AB,42.8128969,-84.5183301
MI,I69,93B,42.7377529,-84.6682735
MI,I69,93A,42.74432985,-84.66800935
MI,I69,95,42.719342749999996,-84.66900620000001
MI,I69,72,42.6863578,-84.6734983
MI,I69,48,42.43639325,-84.9533376
MI,I69,70,42.659654700000004,-84.68478010000001
MI,I69,61,42.574835050000004,-84.81950929999999
MI,I69,60,42.55323695,-84.82094095
MI,I69,57,42.515886800000004,-84.83572425
MI,I69,51,42.4587671,-84.92809349999999
MI,I69,66,42.62045945,-84.73927875
MI,I69,97,42.69437,-84.6690666
MI,I69,149,43.0153945,-83.43986255
MI,I69,153,43.0312217,-83.36172615000001
MI,I69,159,43.0100633,-83.24317375
MI,I69,155,43.02464745,-83.3217555
MI,I69,168,43.000694800000005,-83.0714488
MI,I69,163,43.0086627,-83.16546285
MI,I69,275,42.994475449999996,-82.4487887
MI,I69,194,42.9873525,-82.58477
MI,I69,196,42.979266,-82.541314
MI,I69,180,42.98034725,-82.8428807
MI,I69,271,42.9794671,-82.475787
MI,I69,184,42.97964025,-82.76553165
MI,I69,176,42.98723595,-82.92748130000001
MI,I69,189,42.971828349999996,-82.67961305
MI,I69,199,42.9734486,-82.4834482
MI,I69,98,42.79985505,-84.34917974999999
MI,I69,113,42.894723049999996,-84.092922
MI,I69,118,42.9273652,-84.0001345
MI,I69,105,42.8397332,-84.2199942
MI,I69,198,42.9726972,-82.4965009
MI,I69,274AB,42.9899421,-82.4654458
MI,I69,91,42.7725166,-84.6691174
MI,I69,274,42.9939589,-82.4469083
MI,I696,22,42.49028615,-83.0460113
MI,I696,17,42.4757598,-83.1345868
MI,I696,18B,42.4918251,-83.2854984
MI,I696,12,42.48760225,-83.22155269999999
MI,I696,11,42.487141300000005,-83.24266785
MI,I696,1,42.4909977,-83.4191209
MI,I696,5,42.495997349999996,-83.35852829999999
MI,I696,14,42.4756651,-83.1908724
MI,I696,23,42.4916305,-83.02881310000001
MI,I696,8,42.4927625,-83.302123
MI,I696,13,42.4795177,-83.20096575
MI,I696,163,42.485507,-83.4597098
MI,I696,20,42.483752949999996,-83.08518545
MI,I696,7,42.491369,-83.3074151
MI,I696,24,42.49204555,-83.0059597
MI,I696,21,42.4912375,-83.0690029
MI,I696,26,42.493452000000005,-82.97229195
MI,I696,28,42.4945867,-82.929106
MI,I696,27,42.4946437,-82.93899445
MI,I696,19,42.4770419,-83.0996212
MI,I696,18,42.4760117,-83.118277
MI,I696,16,42.4744117,-83.156172
MI,I75,2,41.76246595,-83.48082855
MI,I75,188,43.9445188,-84.01502865
MI,I75,126,43.119160300000004,-83.76343465
MI,I75,116,42.9688954,-83.7255023
MI,I75,122,43.0604125,-83.76165750000001
MI,I75,125,43.0989622,-83.76317675
MI,I75,118,43.003911599999995,-83.74936120000001
MI,I75,117BA,42.995151,-83.7477951
MI,I75,117B,42.9850669,-83.7334659
MI,I75,116A,42.9724345,-83.7258803
MI,I75,108,42.89597305,-83.6346605
MI,I75,116B,42.9780169,-83.7268963
MI,I75,131,43.17815625,-83.76877055
MI,I75,109,42.90644575,-83.65419059999999
MI,I75,117A,42.9749883,-83.7257816
MI,I75,115,42.9560237,-83.7252393
MI,I75,111,42.9181331,-83.6769908
MI,I75,84,42.7051383,-83.3153602
MI,I75,81,42.6929005,-83.2531718
MI,I75,79,42.66241575,-83.24018115000001
MI,I75,63,42.505258749999996,-83.11571945
MI,I75,69,42.5631094,-83.15421045
MI,I75,83A,42.700615,-83.2825336
MI,I75,77B,42.6447494,-83.23832809999999
MI,I75,67,42.5589308,-83.1296679
MI,I75,60,42.4611516,-83.1025278
MI,I75,72,42.59868605,-83.1623075
MI,I75,74,42.60765955,-83.21251415
MI,I75,61,42.47693185,-83.1118122
MI,I75,62,42.48665375,-83.11465824999999
MI,I75,101,42.815315299999995,-83.5692833
MI,I75,98,42.78021375,-83.53274285
MI,I75,91,42.74654795,-83.4200881
MI,I75,83,42.6996546,-83.2798148
MI,I75,78,42.6534403,-83.2391348
MI,I75,93,42.73939375,-83.4528643
MI,I75,89,42.7385227,-83.3839942
MI,I75,83B,42.7024589,-83.2863714
MI,I75,89A,42.7339239,-83.3760573
MI,I75,84B,42.7054218,-83.3073387
MI,I75,84A,42.7054912,-83.2985549
MI,I75,65,42.53375415,-83.11607575
MI,I75,75,42.615169,-83.22919544999999
MI,I75,59,42.446386,-83.09513625
MI,I75,56B,42.41076195,-83.08120615
MI,I75,37,42.2100679,-83.22601345
MI,I75,50,42.33695365,-83.06004275000001
MI,I75,56A,42.407321249999995,-83.07705
MI,I75,51B,42.342705800000005,-83.04775095
MI,I75,51C,42.343949800000004,-83.04530575
MI,I75,40,42.24278525,-83.19585835000001
MI,I75,49,42.3312818,-83.084855
MI,I75,36,42.1977313,-83.2385765
MI,I75,29B,42.1002726,-83.2417704
MI,I75,27,42.0730913,-83.25004525
MI,I75,34A,42.1693168,-83.243291
MI,I75,49A,42.3345914,-83.0682851
MI,I75,58,42.4324077,-83.09464679999999
MI,I75,57,42.41847875,-83.08812465
MI,I75,49B,42.3365359,-83.0595991
MI,I75,42,42.2650591,-83.1720904
MI,I75,48,42.3252648,-83.08144515000001
MI,I75,29A,42.0949985,-83.2418324
MI,I75,41,42.25222545,-83.1860692
MI,I75,53B,42.36747065,-83.057189
MI,I75,35,42.1845469,-83.2432632
MI,I75,45,42.30160015,-83.1184015
MI,I75,34B,42.176713,-83.243555
MI,I75,47A,42.3115782,-83.0950842
MI,I75,28,42.0780498,-83.2458768
MI,I75,43,42.2754607,-83.160232
MI,I75,32BA,42.1453855,-83.2420385
MI,I75,44,42.2903571,-83.1307989
MI,I75,46,42.304739,-83.1107533
MI,I75,47C,42.3202834,-83.0819697
MI,I75,202,44.131170499999996,-84.131125
MI,I75,195,44.0330205,-84.057804
MI,I75,190,43.9829879,-84.01676685
MI,I75,162B,43.5982141,-83.94817205
MI,I75,162A,43.59357385,-83.94834159999999
MI,I75,181,43.8539985,-84.02056300000001
MI,I75,168,43.66760795,-84.01034759999999
MI,I75,173,43.7390389,-84.01647489999999
MI,I75,160,43.55941985,-83.94776015
MI,I75,164,43.620400599999996,-83.9533522
MI,I75,310,45.40119265,-84.60695849999999
MI,I75,379,46.29368405,-84.48018590000001
MI,I75,313,45.448242449999995,-84.60931385
MI,I75,373,46.23011245,-84.56106845
MI,I75,301,45.272493350000005,-84.59228569999999
MI,I75,394,46.49092075,-84.37195335
MI,I75,392,46.4623515,-84.38338995000001
MI,I75,326,45.63630205,-84.6347393
MI,I75,322,45.57683925,-84.6207883
MI,I75,337,45.7604434,-84.7293503
MI,I75,386,46.37458135,-84.41416515
MI,I75,259,44.7152471,-84.6999515
MI,I75,251,44.598277949999996,-84.709015
MI,I75,256,44.6746039,-84.6959524
MI,I75,264,44.78531095,-84.71477095
MI,I75,244,44.511256,-84.661136
MI,I75,254,44.6416495,-84.707024
MI,I75,249,44.5866904,-84.7097218
MI,I75,338,45.7770563,-84.73378115
MI,I75,339,45.78411815,-84.7327193
MI,I75,344,45.8614504,-84.7318782
MI,I75,348,45.9089244,-84.74075504999999
MI,I75,359,46.056672000000006,-84.68366370000001
MI,I75,352,45.9642293,-84.751773
MI,I75,345,45.8696289,-84.7360445
MI,I75,15,41.927294,-83.3598188
MI,I75,11,41.8765195,-83.396052
MI,I75,21,42.003360799999996,-83.3161537
MI,I75,6,41.80897075,-83.45054995000001
MI,I75,26,42.060742,-83.2600715
MI,I75,18,41.96426525,-83.35035905
MI,I75,14,41.9051154,-83.3694878
MI,I75,20,41.98892735,-83.32957775
MI,I75,13,41.90071315,-83.37276975
MI,I75,9,41.840109,-83.42238499999999
MI,I75,5,41.7944659,-83.46206375
MI,I75,212,44.2450615,-84.226373
MI,I75,215,44.275828000000004,-84.281647
MI,I75,290,45.1494871,-84.66958765
MI,I75,282,45.027673300000004,-84.6880151
MI,I75,279,44.987539999999996,-84.6770692
MI,I75,270,44.87481235,-84.68936145
MI,I75,227,44.3146075,-84.50085999999999
MI,I75,239,44.457539249999996,-84.60472485
MI,I75,136,43.2504105,-83.77542650000001
MI,I75,155,43.5016502,-83.93125524999999
MI,I75,154,43.49018735,-83.92557395
MI,I75,153,43.4721227,-83.89881435
MI,I75,149B,43.41752985,-83.89087705
MI,I75,150,43.4312539,-83.89078905
MI,I75,222,44.3114817,-84.40981165
MI,I75,151,43.4505918,-83.8908352
MI,I75,144B,43.3509341,-83.8644984
MI,I75,144,43.3599004,-83.867417
MI,I75,77A,42.6383414,-83.23851785
MI,I75,344A,45.8530141,-84.7247859
MI,I75,344B,45.8573592,-84.7278169
MI,I75,43A,42.2773435,-83.1562591
MI,I75,378,46.2770022,-84.5057997
MI,I75,47BC,42.325451,-83.0843869
MI,I75,43B,42.278342,-83.1534387
MI,I75,32AB,42.1314475,-83.2413094
MI,I75,336,45.7363691,-84.7287586
MI,I75,34,42.1615768,-83.2426324
MI,I75,53A,42.360271100000006,-83.0536563
MI,I75,52,42.351479499999996,-83.0481506
MI,I75,47B,42.3160513,-83.084707
MI,I75,55,42.391956500000006,-83.068459
MI,I75,54,42.378814399999996,-83.06304815
MI,I75,29,42.0906215,-83.2416264
MI,I75,46B,42.3123454,-83.0945295
MI,I75,89B,42.7366789,-83.3805072
MI,I75,46A,42.3084273,-83.1031069
MI,I75,144A,43.3455062,-83.8633749
MI,I75,343,45.8499803,-84.7241264
MI,I76,,,
MI,I94,74B,42.23797595,-85.63276265
MI,I94,78,42.24526145,-85.55942060000001
MI,I94,85,42.27344065,-85.42975165
MI,I94,16,41.930294700000005,-86.57137595
MI,I94,12,41.88544715,-86.60109335
MI,I94,4A,41.79745695,-86.70848045
MI,I94,88,42.281767099999996,-85.37648225000001
MI,I94,248,42.720385949999994,-82.75338155
MI,I94,241,42.6450613,-82.84069675
MI,I94,236,42.57189185,-82.85849045
MI,I94,225,42.4478942,-82.91932120000001
MI,I94,237,42.59337855,-82.85708685
MI,I94,227,42.4655998,-82.92091505
MI,I94,243,42.672966,-82.8211379
MI,I94,247,42.7042523,-82.7778301
MI,I94,240B,42.6296426,-82.8498869
MI,I94,234B,42.55332185,-82.8685188
MI,I94,240A,42.6267806,-82.8516286
MI,I94,234A,42.55236855,-82.8742771
MI,I94,240,42.6358194,-82.846507
MI,I94,235,42.5563878,-82.860163
MI,I94,228,42.48111405,-82.91696575
MI,I94,231,42.5189716,-82.9169843
MI,I94,181A,42.2243478,-83.650338
MI,I94,167,42.298526100000004,-83.87742655
MI,I94,159,42.294603300000006,-84.02720355
MI,I94,183,42.22882615,-83.61664925
MI,I94,180B,42.2248042,-83.6762729
MI,I94,156,42.29720655,-84.09488999999999
MI,I94,162,42.297826349999994,-83.9752335
MI,I94,180A,42.2262588,-83.6868918
MI,I94,172,42.2824533,-83.790648
MI,I94,181B,42.2242401,-83.6432379
MI,I94,180AB,42.2288863,-83.6927915
MI,I94,175,42.2455238,-83.7633714
MI,I94,157,42.2922499,-84.07070709999999
MI,I94,177,42.2369948,-83.74002675
MI,I94,187,42.2183013,-83.54478925000001
MI,I94,169,42.29135345,-83.8386192
MI,I94,181,42.2243969,-83.6620765
MI,I94,186,42.2179082,-83.5523661
MI,I94,171,42.2884023,-83.808256
MI,I94,185,42.2314893,-83.5844485
MI,I94,220A,42.3921205,-83.0000433
MI,I94,217A,42.372185,-83.0520566
MI,I94,210,42.3189109,-83.1666031
MI,I94,202,42.264837850000006,-83.27004685
MI,I94,213B,42.34977245,-83.10045765
MI,I94,216A,42.368752099999995,-83.0584702
MI,I94,220B,42.3966504,-82.9874404
MI,I94,194A,42.2209687,-83.419117
MI,I94,223,42.41688285,-82.93739769999999
MI,I94,210A,42.3288593,-83.1568714
MI,I94,224B,42.43323345,-82.92291165
MI,I94,204,42.26761765,-83.22767329999999
MI,I94,206A,42.2846693,-83.1970414
MI,I94,192,42.220774500000005,-83.4393477
MI,I94,212B,42.3415254,-83.1169143
MI,I94,196,42.22806085,-83.38624155
MI,I94,206B,42.2881176,-83.19409
MI,I94,206,42.2810281,-83.1993498
MI,I94,190,42.219759100000005,-83.4859951
MI,I94,208,42.30092995,-83.18237485
MI,I94,200,42.253930249999996,-83.30097814999999
MI,I94,214A,42.3496411,-83.1006468
MI,I94,194AB,42.2249323,-83.3996399
MI,I94,217,42.3810374,-83.0320135
MI,I94,198199,42.2359816,-83.353195
MI,I94,198;199,42.2458929,-83.3152676
MI,I94,217B,42.3766781,-83.0400052
MI,I94,218,42.386630350000004,-83.0197234
MI,I94,222B,42.4075288,-82.9511533
MI,I94,224A,42.42457095,-82.92871925
MI,I94,197,42.232439299999996,-83.36842945000001
MI,I94,222A,42.40411095,-82.9636956
MI,I94,215B,42.3592844,-83.07605205
MI,I94,215C,42.365443799999994,-83.0646752
MI,I94,39,42.17597805,-86.3026566
MI,I94,23A,42.0279251,-86.5196236
MI,I94,23B,42.0308772,-86.514116
MI,I94,97,42.26227695,-85.1985201
MI,I94,110,42.293834849999996,-84.9646252
MI,I94,6,41.8279682,-86.67379015
MI,I94,95,42.265156250000004,-85.23740875
MI,I94,41,42.1783556,-86.2592607
MI,I94,100,42.281334,-85.1562002
MI,I94,98B,42.26963765,-85.1762032
MI,I94,104,42.299886650000005,-85.07956535
MI,I94,121,42.26417305,-84.75935495
MI,I94,23,42.0363071,-86.5062971
MI,I94,98A,42.26671845,-85.18116115
MI,I94,33B,42.1186213,-86.3909244
MI,I94,22,42.010467399999996,-86.5330956
MI,I94,108,42.2973273,-84.9961578
MI,I94,29,42.079964000000004,-86.4172198
MI,I94,4B,41.800602,-86.70607964999999
MI,I94,112,42.2824329,-84.93117605
MI,I94,30,42.0908935,-86.40907035000001
MI,I94,34,42.133692499999995,-86.36984385
MI,I94,119,42.2835917,-84.80108935
MI,I94,115,42.2831344,-84.8632773
MI,I94,27,42.05927685,-86.45716970000001
MI,I94,1,41.7748222,-86.73051045
MI,I94,92,42.27213235,-85.2933926
MI,I94,133,42.2690841,-84.53854225
MI,I94,136,42.2690073,-84.4749845
MI,I94,147,42.2913683,-84.2601215
MI,I94,153,42.2962302,-84.1462095
MI,I94,127,42.2622029,-84.6461704
MI,I94,141,42.275387699999996,-84.38291265000001
MI,I94,150,42.2912008,-84.2046784
MI,I94,138,42.27159325,-84.42706824999999
MI,I94,137,42.2690006,-84.45162325
MI,I94,130,42.269149850000005,-84.59979175000001
MI,I94,128,42.2658762,-84.62044195
MI,I94,145,42.28011615,-84.3064072
MI,I94,142,42.27688515,-84.36148295000001
MI,I94,124,42.2628858,-84.70846005
MI,I94,139,42.272508200000004,-84.4001333
MI,I94,74A,42.23800285,-85.642289
MI,I94,75,42.2378557,-85.613871
MI,I94,72,42.23765935,-85.6785324
MI,I94,80,42.259613849999994,-85.5302854
MI,I94,76,42.237181750000005,-85.5910276
MI,I94,81,42.2695519,-85.5112352
MI,I94,275,42.994475449999996,-82.4487887
MI,I94,266,42.9074121,-82.50528955
MI,I94,257,42.813001150000005,-82.62836185
MI,I94,271,42.97319245,-82.48268655
MI,I94,269,42.9512365,-82.501507
MI,I94,262,42.86308175,-82.55655045
MI,I94,46,42.1926115,-86.16392725
MI,I94,52,42.1966343,-86.05364069999999
MI,I94,66,42.22277325,-85.78573175
MI,I94,60,42.20620055,-85.89032435
MI,I94,56,42.198632950000004,-85.9684169
MI,I94,232,42.52749115,-82.9090639
MI,I94,274AB,42.9899421,-82.4654458
MI,I94,219,42.3912539,-83.00654265
MI,I94,230,42.510500300000004,-82.9183332
MI,I94,229,42.4954157,-82.9175851
MI,I94,214B,42.3547302,-83.0844457
MI,I94,211B,42.3352402,-83.1305379
MI,I94,212,42.3385507,-83.1222223
MI,I94,209,42.3148002,-83.1701181
MI,I94,211A,42.3317942,-83.142484
MI,I94,212A,42.3355711,-83.1293178
MI,I94,213A,42.3482835,-83.1055088
MI,I94,210B,42.330929,-83.1477524
MI,I94,215A,42.359100999999995,-83.07635875
MI,I94,216B,42.3680336,-83.0587784
MI,I94,28,42.06833675,-86.43649995
MI,I94,194B,42.2219542,-83.4126882
MI,I94,214,42.3532675,-83.0896115
MI,I94,33A,42.11386635,-86.39464294999999
MI,I94,274,42.9939589,-82.4469083
MI,I96,,,
MI,US10,132,43.596957849999995,-84.08970655
MI,US10,134,43.5967166,-84.0656718
MI,US10,137,43.5959832,-83.99227555
MI,US10,140B,43.5957216,-83.9486069
MI,US10,129,43.6013893,-84.1569121
MI,US10,130,43.597659750000005,-84.14154565000001
MI,US10,140A,43.5956192,-83.95080494999999
MI,US10,128,43.6088078,-84.1637256
MI,US10,89,43.8799303,-84.784734
MI,US10,82,43.8649039,-84.9099322
MI,US10,85,43.8698439,-84.862589
MI,US10,162,43.8654267,-84.7781037
MI,US10,160,43.8428165,-84.76745935
MI,US10,158,43.8283904,-84.750673
MI,US10,98,43.79932815,-84.66713285
MI,US10,95,43.8085831,-84.7173217
MI,US10,116,43.683974000000006,-84.36434055000001
MI,US10,114,43.6882217,-84.3933564
MI,US10,109,43.729992249999995,-84.48778945000001
MI,US10,103,43.768294999999995,-84.58678055
MI,US10,122,43.65603955,-84.2518422
MI,US10,126,43.643762,-84.189899
MI,US10,119,43.6566419,-84.31250785
MI,US12,181A,42.2243478,-83.650338
MI,US12,183,42.22882615,-83.61664925
MI,US12,181B,42.2242401,-83.6432379
MI,US12,185,42.2314893,-83.5844485
MI,US127,176,44.07326225,-84.7898911
MI,US127,162,43.8752556,-84.77845160000001
MI,US127,168,43.9568976,-84.77702655
MI,US127,170,43.99073935,-84.77646490000001
MI,US127,160,43.8428165,-84.76745935
MI,US127,82BA,42.8189703,-84.5136181
MI,US127,86,42.85978775,-84.5187474
MI,US127,82AB,42.7947206,-84.5123777
MI,US127,91,42.92933905,-84.51873105
MI,US127,99,43.02942305,-84.56005035000001
MI,US127,158,43.8283904,-84.750673
MI,US127,206,44.515707199999994,-84.77535615
MI,US127,249,44.5866904,-84.7097218
MI,US127,123,43.3790168,-84.6029365
MI,US127,124,43.38252635,-84.6081329
MI,US127,127B,43.4124024,-84.669365
MI,US127,117,43.2937872,-84.58303215000001
MI,US127,119,43.320823000000004,-84.60166315000001
MI,US127,127A,43.4078831,-84.6613752
MI,US127,109,43.17355775,-84.56382500000001
MI,US127,127,43.4053528,-84.6562605
MI,US127,56,42.45117895,-84.44359385
MI,US127,61,42.524167649999995,-84.44333950000001
MI,US127,64,42.5677327,-84.45006624999999
MI,US127,73A,42.67532225,-84.4947703
MI,US127,79,42.76093805,-84.50967829999999
MI,US127,75,42.7258303,-84.5100302
MI,US127,70,42.64023695,-84.47780449999999
MI,US127,73B,42.67775935,-84.49737125
MI,US127,66,42.5918695,-84.46391165
MI,US127,76,42.7267599,-84.5100304
MI,US127,11,42.6920419,-84.50313969999999
MI,US127,78,42.741683300000005,-84.50918254999999
MI,US127,8,42.7228089,-84.5054118
MI,US127,135,43.523943,-84.6767794
MI,US127,149,43.698225750000006,-84.7585439
MI,US127,139,42.70268003333334,-84.51129996666667
MI,US127,143,43.61351975,-84.73946015
MI,US127,38,42.23986575,-84.35592745
MI,US127,51,42.378585,-84.4289845
MI,US127,43B,42.2749823,-84.4293307
MI,US127,34,42.195266849999996,-84.3696415
MI,US127,45,42.289433,-84.4327765
MI,US127,141,42.275387699999996,-84.38291265000001
MI,US127,138,42.272736,-84.4207438
MI,US127,36,42.2222578,-84.36251575
MI,US127,44,42.28034865,-84.43228325
MI,US127,39,42.25806475,-84.35703415
MI,US127,144,43.6258082,-84.7589881
MI,US127,156,43.7980764,-84.7585004
MI,US127,142,42.2767762,-84.3633762
MI,US127,46,42.292575,-84.432662
MI,US127,40,42.2734335,-84.3582779
MI,US127,189,44.2696919,-84.80192165
MI,US127,194B,44.3404472,-84.8076496
MI,US127,194A,44.3353638,-84.8075662
MI,US127,201,44.43563,-84.78909970000001
MI,US127,194,44.3313277,-84.8071302
MI,US127,77,42.7312565,-84.5106447
MI,US127,96,43.0002115,-84.5188714
MI,US127,9,42.7174742,-84.5047765
MI,US131,34B,42.2385341,-85.6374685
MI,US131,34A,42.2324816,-85.638089
MI,US131,64,42.674213249999994,-85.66122490000001
MI,US131,61,42.63034265,-85.6623012
MI,US131,68,42.724297050000004,-85.67158755
MI,US131,49A,42.446597999999994,-85.6574425
MI,US131,49B,42.45134425,-85.65525445
MI,US131,50,42.46715,-85.653018
MI,US131,59,42.5944638,-85.66219395
MI,US131,55,42.5371425,-85.66007400000001
MI,US131,34,42.2447553,-85.6404987
MI,US131,31,42.1989388,-85.64563480000001
MI,US131,41,42.3331893,-85.6656139
MI,US131,38B,42.296367,-85.6636354
MI,US131,38A,42.2913779,-85.6629514
MI,US131,44,42.37642485,-85.6565535
MI,US131,36,42.26728905,-85.6534451
MI,US131,82B,42.93158065,-85.68116425
MI,US131,74,42.812039,-85.6688527
MI,US131,38,42.3008354,-85.6639661
MI,US131,101,43.17586635,-85.57560305
MI,US131,76,42.8482827,-85.6786835
MI,US131,78,42.8661083,-85.6800222
MI,US131,85A,42.9617209,-85.6774847
MI,US131,83B,42.94844175,-85.67480714999999
MI,US131,110,43.2938216,-85.54196415000001
MI,US131,87,42.98530185,-85.6772393
MI,US131,97,43.11709055,-85.606736
MI,US131,91,43.044125550000004,-85.6624161
MI,US131,83A,42.94058885,-85.67816930000001
MI,US131,104,43.2194537,-85.57482935
MI,US131,84B,42.953992,-85.6717847
MI,US131,81,42.913835,-85.6784099
MI,US131,95,43.089763149999996,-85.63160995
MI,US131,84A,42.956849250000005,-85.6719955
MI,US131,89B,43.024921,-85.6664183
MI,US131,80,42.89847865,-85.6779093
MI,US131,75,42.82685945,-85.6722966
MI,US131,85B,42.967976449999995,-85.67825845
MI,US131,86B,42.973339749999994,-85.6780823
MI,US131,86A,42.972387,-85.67820245
MI,US131,82A,42.9265734,-85.681953
MI,US131,88,43.0000387,-85.67600525
MI,US131,77,42.8597538,-85.6792438
MI,US131,72,42.782359299999996,-85.66864720000001
MI,US131,89A,43.0192032,-85.6699613
MI,US131,7677,42.8342806,-85.67604
MI,US131,79,42.88453495,-85.68061424999999
MI,US131,139,43.686780299999995,-85.52200275
MI,US131,125,43.48982775,-85.48408265
MI,US131,131,43.58356365,-85.48923815
MI,US131,142,43.74314785,-85.53120405
MI,US131,118,43.3958708,-85.5140059
MI,US131,120,43.425287850000004,-85.49669825
MI,US131,114,43.337706299999994,-85.51197454999999
MI,US131,168,44.102862,-85.473231
MI,US131,162,44.01708235,-85.4998661
MI,US131,153,43.88778905,-85.52779895
MI,US131,177,44.21980055,-85.39502515000001
MI,US131,176,44.205068600000004,-85.4120664
MI,US131,180,44.25197905,-85.37337535
MI,US131,183,44.28434115,-85.3886049
MI,US131,191,44.406668999999994,-85.3810724
MI,US131,159,43.97373305,-85.5130556
MI,US23,188,43.9434866,-84.0150303
MI,US23,126,43.119160300000004,-83.76343465
MI,US23,90,42.9441544,-83.72398659999999
MI,US23,88,42.9150037,-83.72605999999999
MI,US23,116,42.9688954,-83.7255023
MI,US23,122,43.0604125,-83.76165750000001
MI,US23,125,43.0989622,-83.76317675
MI,US23,54,42.446645,-83.752807
MI,US23,75,42.736824999999996,-83.7639416
MI,US23,70,42.676928000000004,-83.759895
MI,US23,84,42.8637296,-83.7397625
MI,US23,118,43.003911599999995,-83.74936120000001
MI,US23,77,42.7705265,-83.75113999999999
MI,US23,78,42.7895566,-83.73878625
MI,US23,53,42.429299549999996,-83.76564214999999
MI,US23,80,42.8066671,-83.7263552
MI,US23,55,42.4667095,-83.755799
MI,US23,60B,42.5263511,-83.75363625
MI,US23,117BA,42.995151,-83.7477951
MI,US23,60A,42.52306145,-83.75542970000001
MI,US23,117B,42.9850669,-83.7334659
MI,US23,116A,42.9724345,-83.7258803
MI,US23,79,42.8019759,-83.72948345
MI,US23,116B,42.9780169,-83.7268963
MI,US23,131,43.17815625,-83.76877055
MI,US23,117A,42.9749883,-83.7257816
MI,US23,67,42.6332887,-83.74994625
MI,US23,58,42.5072765,-83.7581555
MI,US23,115,42.9560237,-83.7252393
MI,US23,31,42.156055249999994,-83.68402435
MI,US23,45,42.3222535,-83.73719034999999
MI,US23,37A,42.252052649999996,-83.6837737
MI,US23,35,42.22664365,-83.68544159999999
MI,US23,49,42.3795623,-83.75707084999999
MI,US23,41,42.306539099999995,-83.68731410000001
MI,US23,34,42.205889,-83.684978
MI,US23,27,42.09908,-83.6772455
MI,US23,37B,42.25713565,-83.68382969999999
MI,US23,39,42.2749116,-83.67614764999999
MI,US23,50,42.3946655,-83.76319899999999
MI,US23,52,42.420532,-83.767448
MI,US23,42,42.321366499999996,-83.6924205
MI,US23,162B,43.5982141,-83.94817205
MI,US23,162A,43.59357385,-83.94834159999999
MI,US23,181,43.8539985,-84.02056300000001
MI,US23,168,43.66760795,-84.01034759999999
MI,US23,173,43.7390389,-84.01647489999999
MI,US23,160,43.55941985,-83.94776015
MI,US23,164,43.620400599999996,-83.9533522
MI,US23,338,45.7781827,-84.7336752
MI,US23,1,41.74749995,-83.69418205
MI,US23,3,41.769127,-83.69508350000001
MI,US23,13,41.909652,-83.661918
MI,US23,17,41.9594783,-83.6723303
MI,US23,22,42.03296055,-83.6763396
MI,US23,25,42.0794145,-83.67089515
MI,US23,9,41.8462105,-83.666792
MI,US23,15,41.9389946,-83.6626262
MI,US23,5,41.7985001,-83.68813385
MI,US23,136,43.2504105,-83.77542650000001
MI,US23,155,43.5016502,-83.93125524999999
MI,US23,154,43.49018735,-83.92557395
MI,US23,153,43.4721227,-83.89881435
MI,US23,149B,43.41752985,-83.89087705
MI,US23,150,43.4312539,-83.89078905
MI,US23,151,43.4505918,-83.8908352
MI,US23,144B,43.3509341,-83.8644984
MI,US23,144,43.3599004,-83.867417
MI,US23,144A,43.3455062,-83.8633749
MI,US23,54A,42.4391752,-83.7562217
MI,US24,,,
MN,HWY23,,,
MN,I194,,,
MN,I35,129,45.25043465,-93.02456815
MN,I35,127,45.2223648,-93.0291119
MN,I35,216,46.4528198,-92.7302574
MN,I35,227,46.577139599999995,-92.5853616
MN,I35,214,46.4361753,-92.74538175
MN,I35,139,45.3969091,-92.9944359
MN,I35,152,45.57813525,-92.99255790000001
MN,I35,147,45.5099903,-92.9931398
MN,I35,135,45.336432450000004,-93.0046206
MN,I35,159,45.68403225,-92.99040654999999
MN,I35,86,44.71649015,-93.2828603
MN,I35,87,44.7269817,-93.2822827
MN,I35,84,44.68125405,-93.2934401
MN,I35,81,44.64272625,-93.29653535
MN,I35,85,44.6973559,-93.28852674999999
MN,I35,18,43.762853699999994,-93.3144869
MN,I35,13A,43.6814466,-93.3215653
MN,I35,2,43.53581145,-93.35486265
MN,I35,5,43.575236149999995,-93.35870589999999
MN,I35,22,43.8181421,-93.28886274999999
MN,I35,8,43.614063650000006,-93.34015305
MN,I35,11,43.659163,-93.320569
MN,I35,13B,43.6864537,-93.3205288
MN,I35,12,43.6753421,-93.3230533
MN,I35,191,46.12468775,-92.88783225
MN,I35,205,46.316964049999996,-92.82756040000001
MN,I35,195,46.1795582,-92.8569163
MN,I35,180,45.97606625,-92.95587665
MN,I35,165,45.766662600000004,-92.9899027
MN,I35,175,45.90399585,-92.9668726
MN,I35,209,46.3749919,-92.79003325
MN,I35,169,45.821781849999994,-92.9837071
MN,I35,59,44.31948035,-93.3022189
MN,I35,69,44.47198095,-93.2921724
MN,I35,56,44.28953885,-93.30893985
MN,I35,55,44.2715771,-93.2965456
MN,I35,66,44.4287492,-93.29253105000001
MN,I35,48,44.17317625,-93.25845735
MN,I35,26,43.8700306,-93.27702389999999
MN,I35,41,44.08442005,-93.2466677
MN,I35,40A,44.05585965,-93.2500007
MN,I35,43,44.109518699999995,-93.24605879999999
MN,I35,42A&B,44.0923059,-93.2445576
MN,I35,32,43.9572541,-93.25988824999999
MN,I35,45,44.13842715,-93.25013494999999
MN,I35,42B,44.0985907,-93.2453459
MN,I35,42A,44.0946431,-93.2450384
MN,I35,88A,44.7369061,-93.283168
MN,I35,76,44.57354825,-93.2983255
MN,I35,251B,46.7362622,-92.171585
MN,I35,253B,46.74742565,-92.14821015
MN,I35,253A,46.7441013,-92.1528288
MN,I35,252,46.7364127,-92.1671829
MN,I35,251A,46.7361379,-92.1918094
MN,I35,254,46.75913745,-92.12904
MN,I35,249,46.726132,-92.21710494999999
MN,I35,250,46.7324373,-92.2011819
MN,I35,256A,46.7738342,-92.112753
MN,I35,256B,46.784901250000004,-92.0989318
MN,I35,258,46.8003967,-92.0740914
MN,I35,259,46.8080672,-92.0611108
MN,I35,242,46.6968126,-92.3664799
MN,I35,235,46.66363835,-92.47700705
MN,I35,245,46.70322045,-92.30186044999999
MN,I35,246,46.70814695,-92.27909
MN,I35,220,46.5053884,-92.67517889999999
MN,I35,237,46.6889017,-92.45480265
MN,I35,239,46.699611000000004,-92.4241206
MN,I35,183,46.011182399999996,-92.93186865000001
MN,I35,143,45.4515488,-92.99063865
MN,I35,171,45.8474547,-92.97563395
MN,I35,131,45.2799474,-93.0039451
MN,I35,132,45.2858552,-93.0029286
MN,I35,40B,44.06221775,-93.2508218
MN,I494,8,44.85955865,-93.3620604
MN,I494,5B,44.861852150000004,-93.3037705
MN,I494,22,45.0104427,-93.45711415
MN,I494,21,44.9966785,-93.45821810000001
MN,I494,3,44.8619778,-93.26327805
MN,I494,16A,44.92228515,-93.4512575
MN,I494,13,44.891361950000004,-93.44347575
MN,I494,10A,44.859578549999995,-93.39530825
MN,I494,2C,44.8622005,-93.24953500000001
MN,I494,17,44.94312735,-93.4565417
MN,I494,5C,44.8619192,-93.3016202
MN,I494,11B,44.86340435,-93.42683495
MN,I494,70,44.861999350000005,-93.14652285
MN,I494,65,44.8746121,-93.04119075
MN,I494,67,44.8717002,-93.07800094999999
MN,I494,66,44.87334705,-93.06607775
MN,I494,71,44.8611887,-93.16396065
MN,I494,64B,44.8752384,-93.03342255
MN,I494,64A,44.88125015,-93.02125795
MN,I494,63A,44.888481150000004,-93.00263515
MN,I494,60,44.91391065,-92.98171995
MN,I494,59,44.9253701,-92.96923195
MN,I494,63C,44.8829269,-93.0156563
MN,I494,63B,44.887083000000004,-93.00500805
MN,I494,2A,44.8621768,-93.23695635
MN,I494,11C,44.867106,-93.4314278
MN,I494,1A,44.862158,-93.2204586
MN,I494,69,44.86262345,-93.12469064999999
MN,I494,1AB,44.8624571,-93.2045354
MN,I494,1B,44.8620392,-93.2272163
MN,I494,2B,44.86217335,-93.23982035
MN,I494,11A,44.8593724,-93.4099143
MN,I494,12,44.8736479,-93.4350373
MN,I494,7B,44.8590094,-93.35315005
MN,I494,6A,44.8616149,-93.3139319
MN,I494,5A,44.8618241,-93.29561445
MN,I494,4B,44.8618771,-93.28839385
MN,I494,4A,44.861793000000006,-93.2786659
MN,I494,23,45.028637,-93.45303955
MN,I494,26,45.06701895,-93.44775375
MN,I494,27,45.0866485,-93.4467604
MN,I494,6B,44.8592928,-93.32905600000001
MN,I494,19B,44.9733546,-93.46032485
MN,I494,19A,44.968517,-93.46036050000001
MN,I494,20,44.98346135,-93.45983749999999
MN,I494,16B,44.927621450000004,-93.45214519999999
MN,I494,10B,44.859164,-93.4088595
MN,I494,7A,44.85874665,-93.34862
MN,I494,58C,44.9387095,-92.9599488
MN,I494,58B,44.946135,-92.9590632
MN,I694,28,45.08913075,-93.42786000000001
MN,I694,31,45.0779313,-93.37095435
MN,I694,51,45.03420235,-92.9837589
MN,I694,50,45.03722535,-93.01808854999999
MN,I694,42C,45.0596162,-93.14708915
MN,I694,45,45.04402566666667,-93.10467496666666
MN,I694,43,45.056019649999996,-93.13068225
MN,I694,55,44.99776515,-92.9592874
MN,I694,57,44.962571249999996,-92.95837125
MN,I694,58A,44.95064445,-92.95877
MN,I694,52A,45.03125715,-92.9649218
MN,I694,29A,45.084228350000004,-93.4059115
MN,I694,27,45.091311,-93.4411387
MN,I694,48,45.03748135,-93.0425972
MN,I694,47,45.0373544,-93.0619495
MN,I694,29B,45.0821673,-93.3993359
MN,I694,30,45.0792126,-93.38941155
MN,I694,35B,45.07151005,-93.3009531
MN,I694,33,45.0757922,-93.33164655
MN,I694,34,45.0707838,-93.3060993
MN,I694,35A,45.0699235,-93.292644
MN,I694,46,45.0366384,-93.08848675
MN,I694,35C,45.06948250000001,-93.2838793
MN,I694,36,45.0691039,-93.27605815
MN,I694,37,45.06862649999999,-93.26325084999999
MN,I694,38,45.067479,-93.24750359999999
MN,I694,39,45.064535,-93.2181674
MN,I694,40,45.065564249999994,-93.20187920000001
MN,I694,41A,45.06692945,-93.18950874999999
MN,I694,41B,45.067078800000004,-93.18276545
MN,I694,42B–C,45.0665041,-93.1693832
MN,I694,42A,45.0605513,-93.1508134
MN,I694,52B,45.0275104,-92.96083544999999
MN,I75,,,
MN,I90,113,43.666335450000005,-94.2276781
MN,I90,119,43.659969000000004,-94.09789825
MN,I90,138,43.657925,-93.728311
MN,I90,128,43.65239,-93.927044
MN,I90,134,43.6503535,-93.8078155
MN,I90,146,43.665995499999994,-93.5776415
MN,I90,163,43.66536105,-93.24838395
MN,I90,166,43.6604082,-93.19362484999999
MN,I90,157,43.6878155,-93.3590355
MN,I90,159B,43.683021350000004,-93.31757935
MN,I90,154,43.688232850000006,-93.4176356
MN,I90,159A,43.684365,-93.32474155
MN,I90,57,43.6365242,-95.31466900000001
MN,I90,64,43.6388527,-95.17454265
MN,I90,73,43.6403236,-94.9950495
MN,I90,80,43.65263315,-94.87507629999999
MN,I90,107,43.66996605,-94.3478732
MN,I90,93,43.6811071,-94.61490375
MN,I90,87,43.665574050000004,-94.72965385
MN,I90,99,43.67963875,-94.4923915
MN,I90,102,43.6792657,-94.44418335
MN,I90,180B,43.67404225,-92.9390988
MN,I90,181,43.673566550000004,-92.92950354999999
MN,I90,193,43.710554,-92.70034415
MN,I90,189,43.6759313,-92.74999535
MN,I90,179,43.676104699999996,-92.95562555
MN,I90,178A,43.680669300000005,-92.97970145
MN,I90,178B,43.6802993,-92.9675628
MN,I90,180A,43.6740922,-92.9398492
MN,I90,26,43.64355855,-95.9330852
MN,I90,42,43.637794,-95.62279
MN,I90,47,43.6376,-95.517916
MN,I90,50,43.6380039,-95.4545394
MN,I90,43,43.6378829,-95.5936631
MN,I90,33,43.63759695,-95.79356329999999
MN,I90,45,43.63765935,-95.5689239
MN,I90,218,43.95172515,-92.35531069999999
MN,I90,224,43.9553615,-92.2391375
MN,I90,205,43.8413751,-92.5446168
MN,I90,3,43.6084397,-96.3825972
MN,I90,12,43.63905785,-96.2131061
MN,I90,271,43.9107791,-91.3587161
MN,I90,267,43.9261117,-91.43860649999999
MN,I90,252,43.95621785,-91.68561445
MN,I90,249,43.94097035,-91.73992559999999
MN,I90,233,43.952364349999996,-92.06508794999999
MN,I90,273B,43.8877132,-91.3392961
MN,I90,273B&A,43.8841848,-91.3343999
MN,I90,270,43.9126278,-91.3612339
MN,I90,273A,43.8938756,-91.344256
MN,I90,209B,43.885928750000005,-92.48559325
MN,I90,209A,43.88420655,-92.4911055
MN,I90,18,43.637711350000004,-96.0934186
MN,I90,276,43.861325949999994,-91.30636115
MN,I90,175,43.66680375,-93.01979929999999
MN,I90,177,43.68050085,-92.99361145
MN,I90,258,43.9155116,-91.6021154
MN,I90,257,43.9145425,-91.591736
MN,I90,242,43.9322571,-91.8803873
MN,I90,229,43.9549083,-92.13905325
MN,I90,183,43.6714899,-92.86944235
MN,I90,187,43.673628199999996,-92.79410805
MN,I90,5,43.60853,-96.35279905
MN,I90,1,43.60888035,-96.43228794999999
MN,I94,207AB,45.1939892,-93.55205265000001
MN,I94,215,45.1046961,-93.46112185
MN,I94,28,45.08913075,-93.42786000000001
MN,I94,229,44.9994868,-93.2836516
MN,I94,216,45.0947974,-93.4495052
MN,I94,31,45.0779313,-93.37095435
MN,I94,1A,46.8470686,-96.76855945
MN,I94,22,46.6781917,-96.4202392
MN,I94,6,46.845873499999996,-96.64962750000001
MN,I94,15,46.75471315,-96.52190279999999
MN,I94,114,45.832957300000004,-95.1562502
MN,I94,103,45.8442117,-95.38833115
MN,I94,90,45.9465701,-95.60366450000001
MN,I94,82,45.99898295,-95.73002965
MN,I94,97,45.88123265,-95.48992584999999
MN,I94,77,46.03584935,-95.83211435
MN,I94,38,46.4827959,-96.28072205000001
MN,I94,55,46.268719250000004,-96.1024102
MN,I94,61,46.208228899999995,-96.0191178
MN,I94,57,46.2489973,-96.07177229999999
MN,I94,67,46.1462708,-95.936607
MN,I94,54,46.289646950000005,-96.1204121
MN,I94,50,46.3395738,-96.13122014999999
MN,I94,240,44.9517455,-93.12766450000001
MN,I94,246CB,44.9484898,-92.987527
MN,I94,245,44.9513818,-93.02514085
MN,I94,247,44.94846155,-92.98600880000001
MN,I94,239A,44.9518574,-93.151182
MN,I94,239B,44.9517637,-93.14743165
MN,I94,243,44.952929299999994,-93.07094015
MN,I94,246B,44.9506774,-93.008484
MN,I94,246A,44.9514359,-93.0196856
MN,I94,244,44.952169850000004,-93.0420372
MN,I94,246C,44.950204,-93.0050405
MN,I94,242D,44.9534084,-93.0801392
MN,I94,160,45.558073300000004,-94.33960365
MN,I94,135,45.667035799999994,-94.81159945
MN,I94,137,45.664566449999995,-94.75216625
MN,I94,156,45.6010057,-94.389172
MN,I94,127,45.72051485,-94.95275405000001
MN,I94,158,45.5871805,-94.3664074
MN,I94,131,45.6956289,-94.87990195
MN,I94,153,45.60372565,-94.45160594999999
MN,I94,167B,45.4982898,-94.2317871
MN,I94,140,45.66096965,-94.69082725000001
MN,I94,171,45.4922342,-94.1549768
MN,I94,173,45.46475785,-94.13064875
MN,I94,119,45.78939325,-95.08370435
MN,I94,250,44.9485986,-92.93454695
MN,I94,251,44.94857655,-92.90235
MN,I94,253,44.94865,-92.86231125
MN,I94,32,46.55865905,-96.316321
MN,I94,193,45.298507400000005,-93.79920085
MN,I94,178,45.41178515,-94.05753865
MN,I94,202201,45.2328602,-93.6406437
MN,I94,258,44.961302149999995,-92.7726369
MN,I94,230,44.9895162,-93.28504335
MN,I94,124,45.7491524,-94.9935987
MN,I94,2A,46.8471178,-96.7306212
MN,I94,1B,46.8470223,-96.7537688
MN,I94,29A,45.084228350000004,-93.4059115
MN,I94,231A,44.9730525,-93.2873503
MN,I94,213,45.1250452,-93.48417005
MN,I94,205B,45.2149956,-93.5906541
MN,I94,205AB,45.220609,-93.6003192
MN,I94,194,45.290427449999996,-93.76768735
MN,I94,183,45.36797505,-93.97349825
MN,I94,167AB,45.4979241,-94.2562304
MN,I94,164A,45.5173128,-94.28708904999999
MN,I94,164B,45.5129603,-94.28155285
MN,I94,147,45.6270917,-94.57664
MN,I94,100,45.85962335,-95.4287674
MN,I94,27,45.091311,-93.4411387
MN,I94,24,46.65939385,-96.3946806
MN,I94,231AB,44.9861008,-93.2885718
MN,I94,231B,44.9653276,-93.2816824
MN,I94,233B,44.96639125,-93.2660807
MN,I94,233C,44.9654495,-93.2662497
MN,I94,233A,44.966024,-93.2644423
MN,I94,234B,44.9657415,-93.2469996
MN,I94,234A,44.9654544,-93.2572635
MN,I94,234C,44.964799,-93.2443753
MN,I94,235A,44.9645672,-93.2353176
MN,I94,235B,44.9665434,-93.22295224999999
MN,I94,236,44.9596977,-93.20317754999999
MN,I94,228,45.02346165,-93.2845211
MN,I94,249,44.9485765,-92.9592986
MN,I94,29B,45.0821673,-93.3993359
MN,I94,30,45.0792126,-93.38941155
MN,I94,35B,45.0733685,-93.3163212
MN,I94,33,45.0757922,-93.33164655
MN,I94,34,45.0707679,-93.30676795
MN,I94,226,45.04747505,-93.28602799999999
MN,I94,225,45.0645089,-93.2857089
MN,I94,35C36,45.06886,-93.2978699
MN,I94,237,44.9567,-93.1937005
MN,I94,238,44.9518348,-93.16625235000001
MN,I94,241A,44.95122155,-93.11225375
MN,I94,241B,44.9509705,-93.1144936
MN,I94,242B,44.95267685,-93.0915308
MN,I94,241C,44.9510809,-93.0994802
MN,I94,242C,44.9535954,-93.0901691
MN,I94,242A,44.9540434,-93.0896487
MN,I94,2B,46.8471315,-96.7188079
MN,I94,2,46.8473434,-96.7122849
MN,I94,210,45.15810305,-93.513288
MN,I94,205A,45.21823,-93.595996
MN,I94,212,45.1443184,-93.4987778
MN,I94,201;202,45.2444444,-93.6730707
MN,I94,167A,45.4981552,-94.2400207
MN,SR19,,,
MN,US52,122,44.83570025,-93.05963125
MN,US52,124,44.8633874,-93.05958770000001
MN,US52,127,44.89970595,-93.065935
MN,US52,125A,44.8742579,-93.060842
MN,US52,125B,44.877708850000005,-93.06076225000001
MN,US52,126,44.8842214,-93.06327830000001
MN,US52,128,44.912569500000004,-93.06463174999999
MN,US52,123,44.847934800000004,-93.059678
MN,US52,121,44.8205099,-93.0523327
MN,US52,76,44.26763135,-92.6526141
MN,US52,78,44.292823999999996,-92.6841079
MN,US52,77,44.28157645,-92.67009265
MN,US52,71,44.20482045,-92.63371365
MN,US52,98,44.509026750000004,-92.919667
MN,US52,50,43.974124950000004,-92.43753925
MN,US52,54B,44.0108477,-92.4836723
MN,US52,58,44.0637035,-92.4993829
MN,US52,61,44.107992550000006,-92.51530205
MN,US52,64,44.1443775,-92.5281029
MN,US52,55B,44.021253,-92.4879768
MN,US52,59,44.079501300000004,-92.50805589999999
MN,US52,54A,44.007457,-92.4823035
MN,US52,53,43.99961245,-92.48417275
MN,US52,51,43.97670595,-92.4621212
MN,US52,55A,44.0139962,-92.4855615
MN,US52,56B,44.0321314,-92.4881548
MN,US52,56A,44.0291558,-92.48821219999999
MN,US52,29A,45.0832205,-93.4022071
MN,US52,56C,44.04299135,-92.48882295
MN,US52,129A,44.92661295,-93.06914535
MN,US52,130,44.9383118,-93.07475790000001
MN,US52,129B,44.9394054,-93.0754082
MN,US52,60,44.096017950000004,-92.5120526
MN,US52,29B,45.0828873,-93.4019443
MN,US52,47,43.9586207,-92.37906495
MN,US52,242D,44.9519233,-93.08647
MN,US52,68,44.183018649999994,-92.57701485000001
MN,US52,96,44.48208625,-92.9079946
MN,US52,89,44.3992042,-92.84378855
MN,US52,100,44.543075099999996,-92.94143675
MN,US52,205A,45.21823,-93.595996
MN,US52,46,43.9526764,-92.3616181
MN,US52,86,44.36354865,-92.79682585
MN,US63,54B,44.0108477,-92.4836723
MN,US63,58,44.0637035,-92.4993829
MN,US63,55B,44.021253,-92.4879768
MN,US63,59,44.079501300000004,-92.50805589999999
MN,US63,54A,44.007457,-92.4823035
MN,US63,53,43.99961245,-92.48417275
MN,US63,51,43.9781017,-92.4681161
MN,US63,55A,44.0139962,-92.4855615
MN,US63,56B,44.0321314,-92.4881548
MN,US63,56A,44.0291558,-92.48821219999999
MN,US63,56C,44.04299135,-92.48882295
MN,US63,60,44.096017950000004,-92.5120526
MN,US63,61,44.1022662,-92.513057
MO,I270,34,38.766650600000006,-90.1826522
MO,I270,25,38.77834285,-90.35934315
MO,I270,31B,38.7707592,-90.234422
MO,I270,16A,38.697546,-90.4507848
MO,I270,23,38.77752255,-90.3899982
MO,I270,33,38.76746965,-90.2030793
MO,I270,16B,38.7024055,-90.4503208
MO,I270,17,38.71482855,-90.44736865
MO,I270,14,38.67346695,-90.44925515
MO,I270,26A,38.7760271,-90.33965635
MO,I270,22B;22A,38.7673774,-90.4121248
MO,I270,1A,38.50532915,-90.34414785
MO,I270,3,38.5259739,-90.3997609
MO,I270,16,38.6937067,-90.4503784
MO,I270,20A,38.74509515,-90.43624695
MO,I270,20B,38.7566351,-90.43270369999999
MO,I270,22,38.7729306,-90.4003344
MO,I270,31A,38.770720499999996,-90.24147515
MO,I270,32,38.770221,-90.2228473
MO,I270,12,38.63869975,-90.449679
MO,I270,13,38.655614,-90.44825979999999
MO,I270,5B,38.550654,-90.42889685
MO,I270,2,38.51316715,-90.3715858
MO,I270,7,38.5706227,-90.440809
MO,I270,8,38.5819956,-90.44768350000001
MO,I270,9,38.60436045,-90.4507412
MO,I270,26B,38.77539745,-90.33432805
MO,I270,27,38.7745387,-90.3259234
MO,I270,28,38.7725827,-90.30500079999999
MO,I270,29,38.7724138,-90.3052335
MO,I270,30,38.7710053,-90.26552955
MO,I270,5A,38.5465491,-90.4251338
MO,I29,56A,39.88427765,-94.85424420000001
MO,I29,56B,39.88828525,-94.85980095
MO,I29,60,39.915530950000004,-94.9037366
MO,I29,53,39.858205,-94.81095834999999
MO,I29,65,39.9681906,-94.97561999999999
MO,I29,116,40.47739285,-95.59267505
MO,I29,110,40.40775075,-95.55569425
MO,I29,107,40.3690665,-95.53224555
MO,I29,46A,39.74706655,-94.78924939999999
MO,I29,44,39.723848000000004,-94.7885915
MO,I29,50,39.814757650000004,-94.803586
MO,I29,46B,39.75162855,-94.7899328
MO,I29,35,39.599282,-94.7886663
MO,I29,47,39.77680599999999,-94.79365275
MO,I29,1C,39.17939895,-94.57337195
MO,I29,2A,39.181939650000004,-94.5889444
MO,I29,6,39.184974374999996,-94.606234425
MO,I29,8A,39.164346550000005,-94.55935955000001
MO,I29,2B,39.1847524,-94.5960127
MO,I29,1A,39.173334100000005,-94.55995295
MO,I29,1E,39.179812549999994,-94.58237055000001
MO,I29,1B,39.1767032,-94.5627786
MO,I29,1D,39.179447,-94.581194
MO,I29,8B,39.1675847,-94.5582042
MO,I29,75,40.0447285,-95.13789299999999
MO,I29,92,40.193855150000005,-95.36038529999999
MO,I29,84,40.13271655,-95.2378464
MO,I29,79,40.07418105,-95.19260015
MO,I29,67,39.97483285,-95.01530325
MO,I29,99,40.2635849,-95.45529595
MO,I29,4A,39.1118868,-94.5648865
MO,I29,3C,39.1909748,-94.6153395
MO,I29,5,39.18369273333334,-94.61510723333333
MO,I29,25,39.450557849999996,-94.7886825
MO,I29,8,39.247835300000006,-94.6583889
MO,I29,3A,39.1878588,-94.6020027
MO,I29,13,39.3102958,-94.68815105
MO,I29,9,39.2412192,-94.6583066
MO,I29,30,39.51659665,-94.78682755
MO,I29,15,39.3304471,-94.7146496
MO,I29,4,39.1565819,-94.59273335
MO,I29,18,39.3532847,-94.7614706
MO,I29,10,39.273208249999996,-94.66928435
MO,I29,20,39.38501285,-94.78857185
MO,I29,14,39.3255931,-94.7056508
MO,I29,17,39.3457901,-94.7493532
MO,I29,12,39.29639075,-94.6851167
MO,I29,3B,39.1913883,-94.61449565000001
MO,I29,19,39.37088035,-94.7744238
MO,I29,9B,39.2595799,-94.6597437
MO,I29,9A,39.2535664,-94.6584734
MO,I29,5B,39.134654,-94.5678134
MO,I29,5A,39.1262533,-94.567088
MO,I29,4B,39.1208442,-94.5648494
MO,I29,43,39.707093,-94.78839925
MO,I29,3,39.1068034,-94.5700508
MO,I35,12,39.2079045,-94.4875438
MO,I35,8C,39.172897500000005,-94.548663
MO,I35,12A,39.2050762,-94.4968539
MO,I35,9,39.1744575,-94.5370975
MO,I35,10,39.180795,-94.525641
MO,I35,11,39.1863936,-94.51778594999999
MO,I35,6,39.1449731,-94.56218799999999
MO,I35,17,39.2649745,-94.44554600000001
MO,I35,8A,39.164346550000005,-94.55935955000001
MO,I35,8B,39.1698708,-94.5562932
MO,I35,40,39.5524959,-94.26955960000001
MO,I35,16,39.244512400000005,-94.4560482
MO,I35,26,39.368097500000005,-94.372213
MO,I35,52,39.7321959,-94.2204858
MO,I35,20,39.2846459,-94.41782524999999
MO,I35,33,39.4600638,-94.32077185
MO,I35,48,39.6646851,-94.236357
MO,I35,14,39.2247455,-94.4697516
MO,I35,13,39.2127727,-94.4791474
MO,I35,78,40.076405,-94.0934235
MO,I35,68,39.9445275,-94.117485
MO,I35,80,40.1050325,-94.0712015
MO,I35,72,39.9965155,-94.0957105
MO,I35,64,39.8996545,-94.15146200000001
MO,I35,61,39.853814,-94.176688
MO,I35,54,39.7536105,-94.21980930000001
MO,I35,114,40.5734595,-93.93924200000001
MO,I35,106,40.46647805,-93.976969
MO,I35,84,40.15433055,-94.0334807
MO,I35,93,40.27983795,-94.01248045
MO,I35,88,40.21061055,-94.01353925000001
MO,I35,92,40.26529825,-94.01278015
MO,I35,99,40.3744247,-94.00293980000001
MO,I35,2E,39.1066477,-94.5805595
MO,I35,2W,39.1005421,-94.59318185000001
MO,I35,2X,39.1038436,-94.5931959
MO,I35,2V,39.096395,-94.591084
MO,I35,2F,39.1066236,-94.5741537
MO,I35,235,39.0762487,-94.6060594
MO,I35,2U,39.09555795,-94.5916267
MO,I35,1B,39.0812259,-94.5936867
MO,I35,1C,39.0855816,-94.5922689
MO,I35,2A,39.1070094,-94.5879488
MO,I35,4A,39.1118868,-94.5648865
MO,I35,2GH,39.1063438,-94.5732081
MO,I35,2Y,39.1047129,-94.5928646
MO,I35,5B,39.134654,-94.5678134
MO,I35,1D,39.0925781,-94.590996
MO,I35,2C,39.1069587,-94.5855798
MO,I35,4,39.1165081,-94.5644887
MO,I35,5A,39.1262533,-94.567088
MO,I35,5,39.1301826,-94.5680748
MO,I35,2Z,39.1066372,-94.5911876
MO,I35,1A,39.0791255,-94.5943575
MO,I35,12B,39.2061266,-94.4923786
MO,I35,4B,39.1208442,-94.5648494
MO,I35,2D,39.10681805,-94.58316765000001
MO,I35,2H,39.1062868,-94.5722577
MO,I35,3,39.1068034,-94.5700508
MO,I435,55,39.15906995,-94.49728305
MO,I435,45,39.2982374,-94.51017335
MO,I435,59,39.10423215,-94.486324
MO,I435,75B,38.938427,-94.6038629
MO,I435,70,38.95254655,-94.5300796
MO,I435,61,39.0819799,-94.49011780000001
MO,I435,60,39.0942489,-94.48738625
MO,I435,74,38.940507749999995,-94.58280345
MO,I435,75A,38.9401555,-94.59602975
MO,I435,57,39.1306409,-94.49852275
MO,I435,71A,38.944559850000005,-94.53717675
MO,I435,63,39.0678794,-94.4881353
MO,I435,29,39.31020925,-94.7583607
MO,I435,15,39.3304471,-94.7146496
MO,I435,14,39.3255931,-94.7056508
MO,I435,17,39.3422669,-94.7414139
MO,I435,36,39.31068455,-94.67134515000001
MO,I435,73,38.9397147,-94.56365
MO,I435,51,39.22467295,-94.49980485
MO,I435,71B,38.9413092,-94.5365038
MO,I435,63A,39.0556983,-94.4937005
MO,I435,63B,39.0489205,-94.4993728
MO,I435,65,39.0313939,-94.5004683
MO,I435,66,39.0201517,-94.5011112
MO,I435,66A,39.0159699,-94.4972946
MO,I435,67,38.9950716,-94.5023829
MO,I435,66B,39.008151,-94.5005963
MO,I435,69,38.96770885,-94.5195947
MO,I435,37,39.3074594,-94.6495546
MO,I435,40,39.307438149999996,-94.6024495
MO,I435,41A,39.3091385,-94.5879836
MO,I435,41B,39.310301949999996,-94.58040965
MO,I435,42,39.3112863,-94.55648740000001
MO,I435,46,39.285623900000004,-94.51023385
MO,I435,47,39.267539850000006,-94.51028790000001
MO,I435,49A,39.2468825,-94.50800125
MO,I435,49B,39.24017765000001,-94.50688210000001
MO,I435,52,39.211156,-94.4919633
MO,I435,52B,39.2010498,-94.4925214
MO,I435,52A,39.2000657,-94.4925397
MO,I435,54,39.1746511,-94.49357605
MO,I435,31,39.341687,-94.749851
MO,I435,24,39.246166650000006,-94.75526915
MO,I435,22,39.224850700000005,-94.76190729999999
MO,I44,286,38.61835895,-90.2884525
MO,I44,289,38.6135723,-90.22111425
MO,I44,285,38.6154215,-90.297787
MO,I44,284,38.607082750000004,-90.30683435
MO,I44,288,38.615989299999995,-90.23759695
MO,I44,290B,38.611922050000004,-90.2102017
MO,I44,214,38.11969980000001,-91.31531025
MO,I44,203,38.0443343,-91.48691565
MO,I44,218,38.15474275,-91.2505144
MO,I44,242,38.383570750000004,-90.96076965
MO,I44,257,38.4849918,-90.7560383
MO,I44,225,38.2118848,-91.1717042
MO,I44,239,38.34416125,-90.99361680000001
MO,I44,230,38.2752714,-91.10699455
MO,I44,251,38.475710250000006,-90.8493341
MO,I44,253,38.4840105,-90.82213095
MO,I44,247,38.439478199999996,-90.90926685
MO,I44,240,38.36234545,-90.97855705
MO,I44,75,37.24573195,-93.3485828
MO,I44,70,37.20050915,-93.4232758
MO,I44,61,37.18596375,-93.56924355000001
MO,I44,67,37.1889194,-93.47840124999999
MO,I44,69,37.19554225,-93.44684795
MO,I44,88,37.27249855,-93.1140503
MO,I44,72,37.212920600000004,-93.3848097
MO,I44,84,37.25074535,-93.18345984999999
MO,I44,77,37.25031585,-93.3108646
MO,I44,29,37.078280500000005,-94.10591500000001
MO,I44,15,37.0822956,-94.358962
MO,I44,18A,37.081868,-94.31491650000001
MO,I44,22,37.0813555,-94.23984659999999
MO,I44,18B,37.081834,-94.3093455
MO,I44,11,37.063816,-94.420441
MO,I44,11A,37.059305,-94.432945
MO,I44,26,37.0797611,-94.1676763
MO,I44,11B,37.061683,-94.425836
MO,I44,129,37.66978885,-92.6499491
MO,I44,127,37.6479609,-92.66821920000001
MO,I44,140,37.75593945,-92.5059023
MO,I44,113,37.50398895,-92.8418112
MO,I44,123,37.5996445,-92.715315
MO,I44,118,37.558621,-92.790182
MO,I44,130,37.6830915,-92.6388485
MO,I44,135,37.744339999999994,-92.5863775
MO,I44,145,37.768364000000005,-92.4082943
MO,I44,44,37.086114499999994,-93.8481425
MO,I44,49,37.115815,-93.7616235
MO,I44,58,37.187606,-93.6294365
MO,I44,46,37.093126749999996,-93.8042193
MO,I44,33,37.076654500000004,-94.040367
MO,I44,38,37.0749261,-93.9500264
MO,I44,57,37.187989,-93.635617
MO,I44,1,36.99782415,-94.61295395
MO,I44,8,37.046576849999994,-94.47831525000001
MO,I44,6,37.036695699999996,-94.5144064
MO,I44,4,37.0105213,-94.54783040000001
MO,I44,184,37.94440195,-91.7937053
MO,I44,189,37.9792009,-91.71890049999999
MO,I44,172,37.907740000000004,-91.986218
MO,I44,179,37.945092,-91.883128
MO,I44,176,37.943720150000004,-91.93638949999999
MO,I44,195,38.00466595,-91.619128
MO,I44,185,37.9560723,-91.78220395
MO,I44,169,37.869375000000005,-92.0201605
MO,I44,150,37.7790315,-92.318951
MO,I44,163,37.8347185,-92.0991765
MO,I44,159,37.824691,-92.1678457
MO,I44,153,37.784435,-92.27004
MO,I44,156,37.804880499999996,-92.221228
MO,I44,161,37.8234559,-92.1428578
MO,I44,278,38.567936,-90.3936601
MO,I44,261,38.505354100000005,-90.67712940000001
MO,I44,266,38.50505205,-90.58592955
MO,I44,277,38.5600433,-90.4034076
MO,I44,279,38.5770174,-90.3737457
MO,I44,280,38.58079205,-90.359477
MO,I44,274B,38.5428732,-90.4672033
MO,I44,96,37.3025995,-92.9992565
MO,I44,107,37.427153000000004,-92.881068
MO,I44,100,37.3424435,-92.930995
MO,I44,269,38.51679985,-90.54839075
MO,I44,291A,38.6181174,-90.1908578
MO,I44,290C,38.614069900000004,-90.19711525
MO,I44,291B,38.619203,-90.1901877
MO,I44,290A,38.61146125,-90.2114392
MO,I44,287,38.6183169,-90.2564251
MO,I44,287A,38.6184475,-90.2702935
MO,I44,287B,38.6183956,-90.2644531
MO,I44,282,38.5917102,-90.3352386
MO,I44,277B,38.5583654,-90.4098702
MO,I44,276,38.54984415,-90.4241202
MO,I44,272,38.53908595,-90.4911292
MO,I44,265,38.5042491,-90.6106015
MO,I44,274,38.5429879,-90.4554232
MO,I44,274A,38.5415222,-90.4745525
MO,I44,186,37.962201750000006,-91.76657335
MO,I44,208,38.07311215,-91.4061543
MO,I44,210,38.09315075,-91.36923254999999
MO,I44,226,38.22478945,-91.15571704999999
MO,I44,264,38.5062372,-90.62357335
MO,I44,283,38.5950487,-90.3263068
MO,I44,292B,38.6418796,-90.1885289
MO,I44,80,37.25027565,-93.2632164
MO,I44,277A,38.5466622,-90.4288593
MO,I44,256,38.4870089,-90.7743477
MO,I44,293,38.6422345,-90.1882897
MO,I44,249A,38.6451915,-90.1902671
MO,I44,292,38.6271052,-90.1863265
MO,I44,82B,37.250240950000006,-93.22191695
MO,I44,82A,37.25025105,-93.2272482
MO,I44,13,37.06930165,-94.4037463
MO,I44,275,38.5486626,-90.4270063
MO,I44,292A,38.6353364,-90.1861955
MO,I44,103,37.364882300000005,-92.90838565
MO,I55,290B,38.611238,-90.2043179
MO,I55,203,38.5631539,-90.24641985
MO,I55,99,37.34901309999999,-89.60178005
MO,I55,117,37.57719415,-89.7594822
MO,I55,96,37.302863450000004,-89.57990430000001
MO,I55,105,37.42914025,-89.6398492
MO,I55,93A,37.2586345,-89.5671541
MO,I55,93B,37.2633947,-89.5672653
MO,I55,95,37.28392205,-89.5709152
MO,I55,111,37.50102365,-89.68265210000001
MO,I55,190,38.4161294,-90.38820475
MO,I55,175,38.21328335,-90.40557015
MO,I55,178,38.255079050000006,-90.4025892
MO,I55,170,38.158028200000004,-90.35778475000001
MO,I55,180,38.287577299999995,-90.4036745
MO,I55,174A,38.1935762,-90.3967548
MO,I55,185,38.34866135,-90.39512425000001
MO,I55,186,38.369825899999995,-90.38284125
MO,I55,32,36.424625000000006,-89.68543095
MO,I55,58,36.759269,-89.53800100000001
MO,I55,44,36.5724305,-89.5774165
MO,I55,40,36.51884355,-89.60090890000001
MO,I55,52,36.671455699999996,-89.53834814999999
MO,I55,49,36.636084499999996,-89.5451345
MO,I55,14,36.17108615,-89.7534289
MO,I55,19,36.231653,-89.732377
MO,I55,1,36.016369999999995,-89.87483115
MO,I55,17B,36.21919805,-89.74531195
MO,I55,4,36.05374315,-89.83943115
MO,I55,8,36.0904606,-89.79506535
MO,I55,27,36.349819499999995,-89.70142365000001
MO,I55,17A,36.215598,-89.748786
MO,I55,123,37.6384317,-89.8356287
MO,I55,129,37.70966060000001,-89.89190020000001
MO,I55,135,37.7835384,-89.93848385000001
MO,I55,154,37.974208000000004,-90.1901095
MO,I55,162,38.0538535,-90.274395
MO,I55,141,37.847098700000004,-90.00240980000001
MO,I55,157,38.0057335,-90.2226225
MO,I55,143,37.8752205,-90.0336815
MO,I55,150,37.9359645,-90.1221085
MO,I55,201A,38.5469797,-90.29038125
MO,I55,199,38.5329118,-90.31160415
MO,I55,69,36.9202135,-89.5337395
MO,I55,66A,36.8706862,-89.53302555
MO,I55,89,37.2162389,-89.5457224
MO,I55,67,36.890601149999995,-89.53329835
MO,I55,66B,36.87677965,-89.53311105
MO,I55,91,37.24024045,-89.56695095
MO,I55,80,37.087835,-89.536159
MO,I55,87,37.18277995,-89.5376331
MO,I55,206C,38.59642215,-90.2157165
MO,I55,202C,38.556340250000005,-90.26009815
MO,I55,291A,38.6181174,-90.1908578
MO,I55,290C,38.614069900000004,-90.19711525
MO,I55,40B,38.6189355,-90.1859962
MO,I55,207B,38.6084252,-90.2123307
MO,I55,207A,38.6062918,-90.2134764
MO,I55,206A,38.5854877,-90.2171081
MO,I55,205,38.5815926,-90.2240336
MO,I55,204,38.574178450000005,-90.2339144
MO,I55,202A,38.5526979,-90.2747548
MO,I55,202B,38.5535319,-90.2670697
MO,I55,201B,38.5526384,-90.2772681
MO,I55,197,38.50934575,-90.33683285000001
MO,I55,72,35.9931222,-89.8745942
MO,I55,165,38.095547,-90.3017365
MO,I55,174B,38.2008613,-90.4029605
MO,I55,191,38.44232625,-90.37995955
MO,I55,193,38.46138995,-90.3738974
MO,I55,195,38.48541535,-90.3558185
MO,I55,196,38.4980488,-90.3433167
MO,I55,200,38.5441621,-90.2963905
MO,I55,93,37.2686438,-89.5676823
MO,I55,102,37.38197285,-89.61743615
MO,I55,206B,38.5907122,-90.2139494
MO,I57,12,36.92042205,-89.31921925
MO,I57,4,36.9008721,-89.45612625
MO,I57,10,36.9059317,-89.35249585
MO,I57,1B,36.87455035,-89.53030385
MO,I57,1A,36.873396,-89.533907
MO,I71,,,
MO,SR370,,,
MO,US59,56A,39.88427765,-94.85424420000001
MO,US59,65,39.9688522,-94.979056
MO,US59,53,39.860223,-94.8143617
MO,US59,4B,39.7489899,-94.8536517
MO,US59,6A,39.765136850000005,-94.85988255000001
MO,US59,6B,39.769091,-94.8613
MO,US59,67,39.9740693,-95.0111943
MO,US59,4A,39.7431704,-94.853663
MO,US59,5,39.7547493,-94.8559476
MS,I10,2,30.315868899999998,-89.5978609
MS,I10,16,30.37258285,-89.3770872
MS,I10,13,30.358548499999998,-89.42259920000001
MS,I10,38,30.444432499999998,-89.03118435
MS,I10,28,30.416998800000002,-89.19158405
MS,I10,31,30.4237773,-89.1387105
MS,I10,34B,30.4335115,-89.090662
MS,I10,34A,30.431839,-89.0969585
MS,I10,44,30.4494295,-88.933828
MS,I10,20,30.3949532,-89.3131009
MS,I10,24,30.403259050000003,-89.24839165
MS,I10,41,30.460598,-88.9708883
MS,I10,46AC,30.4486876,-88.9093322
MS,I10,50,30.454212400000003,-88.84299505
MS,I10,69,30.44216215,-88.5284702
MS,I10,75,30.466511500000003,-88.4191675
MS,I10,61,30.4348838,-88.656099
MS,I10,57,30.441448,-88.7173145
MS,I10,68,30.4392195,-88.5439795
MS,I10,46DB,30.4540749,-88.885693
MS,I22,30,34.747372350000006,-89.45418715
MS,I22,37,34.68168,-89.3638242
MS,I22,63,34.4812388,-89.01641240000001
MS,I22,61,34.49703305,-89.03164724999999
MS,I22,55,34.55016905,-89.12607835
MS,I22,73,34.38560295,-88.88971715
MS,I22,60,34.50818225,-89.04145685
MS,I22,64,34.4699232,-89.00627890000001
MS,I22,97,34.2744538,-88.51582404999999
MS,I22,87,34.2862908,-88.67835265
MS,I22,81,34.3140652,-88.78803239999999
MS,I22,76,34.35382765,-88.84075945000001
MS,I22,85,34.299271,-88.72227685
MS,I22,86A,34.29582645,-88.70549589999999
MS,I22,86B,34.2942269,-88.7000115
MS,I22,104,34.242231200000006,-88.40177605
MS,I22,108,34.236827149999996,-88.33928755
MS,I22,113,34.22021665,-88.2595338
MS,I22,101,34.25396955,-88.4614013
MS,I22,94,34.2767228,-88.5698619
MS,I22,90,34.277230349999996,-88.63940389999999
MS,I22,12AB,34.8699214,-89.7147727
MS,I22,14,34.855331,-89.68826405
MS,I22,18,34.83985505,-89.61719685
MS,I22,21,34.8257706,-89.56487759999999
MS,I22,26,34.7957227,-89.49230299999999
MS,I22,41,34.654872350000005,-89.30416579999999
MS,I22,48,34.6185635,-89.20234074999999
MS,I22,82,34.307172050000005,-88.76859974999999
MS,I55,72,32.014911749999996,-90.36187545000001
MS,I55,59,31.8398687,-90.4151785
MS,I55,61,31.8737984,-90.4111715
MS,I55,68,31.969507999999998,-90.3807242
MS,I55,56,31.8067129,-90.4252931
MS,I55,287,34.93358685,-89.9944479
MS,I55,280,34.823859,-89.9761405
MS,I55,289,34.962843,-89.9992995
MS,I55,291,34.9870705,-90.0020233
MS,I55,284,34.8828455,-89.991208
MS,I55,90B,32.2541255,-90.211468
MS,I55,81,32.1324046,-90.28679825
MS,I55,90A,32.2420609,-90.21527025
MS,I55,45A,32.276811,-90.1887953
MS,I55,48,31.691877599999998,-90.45226844999999
MS,I55,42,31.605295249999998,-90.465783
MS,I55,119,32.60628455,-90.06917419999999
MS,I55,112,32.51794925,-90.1009736
MS,I55,124,32.6816764,-90.05712919999999
MS,I55,283,34.861309250000005,-89.9895373
MS,I55,15,31.2213594,-90.48293115
MS,I55,20B,31.2906775,-90.4785512
MS,I55,40,31.5786847,-90.47513715
MS,I55,46,32.2759479,-90.1784358
MS,I55,98B,32.3349858,-90.16095659999999
MS,I55,100,32.355640199999996,-90.15213695
MS,I55,105C,32.4304413,-90.1438892
MS,I55,108,32.47024465,-90.134625
MS,I55,133,32.80706335,-90.05815735
MS,I55,263,34.5887387,-89.94716745
MS,I55,92C,32.2723647,-90.2093972
MS,I55,44,32.2760521,-90.2057459
MS,I55,45B,32.277435,-90.1838944
MS,I55,92B,32.2698424,-90.2102805
MS,I55,271,34.6999486,-89.96528715
MS,I55,265,34.6194298,-89.95104425
MS,I55,257,34.510146500000005,-89.9222985
MS,I55,252,34.437093250000004,-89.89861335
MS,I55,246,34.35079695,-89.91395565
MS,I55,243B,34.3135275,-89.9190697
MS,I55,243A,34.3063979,-89.9197437
MS,I55,237,34.22547375,-89.9259986
MS,I55,233,34.1578653,-89.91863415
MS,I55,227,34.077361100000005,-89.89344555
MS,I55,220,33.9848145,-89.86908435000001
MS,I55,118,32.586229700000004,-90.07130585
MS,I55,114,32.541069300000004,-90.09319945
MS,I55,211,33.8634354,-89.84247585
MS,I55,208,33.813555300000004,-89.8393708
MS,I55,206,33.78581375,-89.84061665
MS,I55,199,33.6836755,-89.8134079
MS,I55,96A,32.29669415,-90.16712175
MS,I55,94,32.283223,-90.171458
MS,I55,92A,32.268031449999995,-90.2101544
MS,I55,98A,32.32717115,-90.16052504999999
MS,I55,104,32.41153385,-90.14706185
MS,I55,103,32.40003435,-90.14576745
MS,I55,99,32.3434959,-90.1574564
MS,I55,102B,32.3811434,-90.1468644
MS,I55,102A,32.3756921,-90.1478999
MS,I55,102,32.3898231,-90.1458917
MS,I55,107,32.4400185,-90.1443031
MS,I55,96C,32.3111343,-90.16255285
MS,I55,105A,32.423723949999996,-90.14432725
MS,I55,88,32.2215501,-90.2259688
MS,I55,195,33.6350861,-89.79373755
MS,I55,185,33.4865676,-89.764566
MS,I55,174,33.336118400000004,-89.77508879999999
MS,I55,164,33.2031161,-89.82646965
MS,I55,156,33.1006169,-89.89477545
MS,I55,150,33.024790249999995,-89.9422097
MS,I55,146,32.975195549999995,-89.96377615
MS,I55,144,32.9411879,-89.97884450000001
MS,I55,139,32.880273149999994,-90.02430785
MS,I55,20A,31.28711825,-90.4786683
MS,I55,105B,32.4327277,-90.14409605
MS,I55,96B,32.30442655,-90.16584900000001
MS,I55,85,32.1833517,-90.25750515
MS,I55,17,31.248215950000002,-90.48002550000001
MS,I55,18,31.259909,-90.4791997
MS,I55,38,31.542093,-90.47986209999999
MS,I55,65,31.92597325,-90.40209465000001
MS,I55,1,31.0110698,-90.50352345
MS,I55,4,31.06369355,-90.4931294
MS,I55,8,31.1111127,-90.48533505
MS,I55,10,31.146769499999998,-90.4796661
MS,I55,13,31.189594749999998,-90.48414495
MS,I55,24,31.34924145,-90.4789495
MS,I55,30,31.4249177,-90.4797935
MS,I55,51,31.7356306,-90.44278415
MS,I55,78,32.101447300000004,-90.30258655
MS,US78,6,34.9270355,-89.7952855
MS,US78,2,34.9621225,-89.85262399999999
MS,US78,4,34.945693000000006,-89.830593
MS,US78,10,34.896304,-89.743591
MS,US78,1,34.976607,-89.864756
MS,US78,12AB,34.878097350000004,-89.72384555
MS,US78,30,34.747372350000006,-89.45418715
MS,US78,37,34.68168,-89.3638242
MS,US78,63,34.4812388,-89.01641240000001
MS,US78,61,34.49703305,-89.03164724999999
MS,US78,55,34.55016905,-89.12607835
MS,US78,73,34.38560295,-88.88971715
MS,US78,60,34.50818225,-89.04145685
MS,US78,64,34.4699232,-89.00627890000001
MS,US78,97,34.2744538,-88.51582404999999
MS,US78,87,34.2862908,-88.67835265
MS,US78,81,34.3140652,-88.78803239999999
MS,US78,76,34.35382765,-88.84075945000001
MS,US78,85,34.299271,-88.72227685
MS,US78,86A,34.29582645,-88.70549589999999
MS,US78,86B,34.2942269,-88.7000115
MS,US78,104,34.242231200000006,-88.40177605
MS,US78,108,34.236827149999996,-88.33928755
MS,US78,113,34.22021665,-88.2595338
MS,US78,101,34.25396955,-88.4614013
MS,US78,94,34.2767228,-88.5698619
MS,US78,90,34.277230349999996,-88.63940389999999
MS,US78,14,34.855331,-89.68826405
MS,US78,18,34.83985505,-89.61719685
MS,US78,21,34.8257706,-89.56487759999999
MS,US78,26,34.7957227,-89.49230299999999
MS,US78,41,34.654872350000005,-89.30416579999999
MS,US78,48,34.6185635,-89.20234074999999
MS,US78,82,34.307172050000005,-88.76859974999999
MT,I15,74,45.37862085,-112.70844149999999
MT,I15,29,44.79551035,-112.76626185
MT,I15,62,45.206614450000004,-112.65481355
MT,I15,85,45.52448795,-112.70744655
MT,I15,9,44.60947085,-112.48618435
MT,I15,23,44.7252128,-112.7035389
MT,I15,286,47.5462025,-111.45220905
MT,I15,278,47.4827922,-111.34656
MT,I15,277,47.4725875,-111.36053265000001
MT,I15,256,47.28000385,-111.69955755000001
MT,I15,240,47.13311535,-111.89170365
MT,I15,250,47.22018285,-111.77611395
MT,I15,270,47.433360199999996,-111.50677005
MT,I15,280,47.50737839999999,-111.34505784999999
MT,I15,59,45.1795532,-112.6931081
MT,I15,44,45.0000528,-112.8520493
MT,I15,63,45.2252796,-112.64265355
MT,I15,37,44.8998318,-112.8208999
MT,I15,0,44.55917475,-112.31845375
MT,I15,52,45.0967536,-112.77824845
MT,I15,138,46.10260235,-112.41578415000001
MT,I15,187,46.5405625,-111.9448948
MT,I15,176,46.3879618,-112.02492699999999
MT,I15,182,46.468547,-111.9815949
MT,I15,151,46.25774905,-112.3408456
MT,I15,164,46.246815749999996,-112.1196974
MT,I15,160,46.260282000000004,-112.19466265
MT,I15,134,46.0411141,-112.45479710000001
MT,I15,228,47.0205244,-112.04607865
MT,I15,200,46.704133799999994,-112.0120053
MT,I15,193,46.60650995,-112.00782190000001
MT,I15,192,46.5908965,-111.99723209999999
MT,I15,209,46.8195357,-112.0015609
MT,I15,234,47.07474185,-111.9675355
MT,I15,226,47.00547915,-112.07004384999999
MT,I15,216,46.8884855,-112.11072755000001
MT,I15,219,46.9177156,-112.1199889
MT,I15,93,45.6304789,-112.67569915000001
MT,I15,335,48.13023965,-111.9034829
MT,I15,352,48.3650885,-111.9351212
MT,I15,328,48.035133900000005,-111.82967225
MT,I15,345,48.263357,-111.93616549999999
MT,I15,348,48.306864149999996,-111.93619265
MT,I15,339,48.18095055,-111.9343126
MT,I15,127A,45.9853772,-112.5121053
MT,I15,111,45.871287499999994,-112.6732476
MT,I15,102,45.75295355,-112.7309513
MT,I15,126,45.9924604,-112.53864265
MT,I15,119,45.99389645,-112.65451765
MT,I15,129,45.982990099999995,-112.48344614999999
MT,I15,99,45.7120525,-112.7033988
MT,I15,313,47.84903065,-111.7048997
MT,I15,302,47.71242385,-111.66009925
MT,I15,321,47.95636785,-111.75120495
MT,I15,358,48.4508488,-111.8837967
MT,I15,363,48.51339125,-111.87861395
MT,I15,397,48.9918385,-111.95984615
MT,I15,389,48.88480925,-111.9032438
MT,I15,394,48.943133149999994,-111.932162
MT,I15,369,48.59516095,-111.8618725
MT,I15,385,48.8267721,-111.8627875
MT,I15,373,48.65302285,-111.86198325000001
MT,I15,364,48.53074375,-111.86263825
MT,I15,379,48.73978955,-111.86153145
MT,I15,290,47.56234,-111.53421925
MT,I15,297,47.654602,-111.60365250000001
MT,I15,282,47.5261509,-111.3852776
MT,I15,254,47.26073565,-111.7085537
MT,I15,244,47.15419215,-111.8406801
MT,I15,247,47.18917605,-111.80578305
MT,I15,15,44.63215275,-112.592924
MT,I15,56,45.13654235,-112.73699595
MT,I15,116,45.944148600000005,-112.66854015000001
MT,I15,121,46.0076373,-112.63442215
MT,I15,122,46.006990200000004,-112.61112564999999
MT,I15,127B,45.9836544,-112.507051
MT,I15,51,45.084399,-112.7861164
MT,I15,127,45.9822233,-112.5049154
MT,I15,156,46.2710848,-112.2474513
MT,I15,190,46.5745444,-111.9746006
MT,I15,194,46.61686195,-112.010775
MT,I15,124,46.0046605,-112.5738752
MT,I90,484,45.74937195,-107.8493401
MT,I90,544,45.1320424,-107.36414375000001
MT,I90,495,45.7464334,-107.61263464999999
MT,I90,549,45.0586533,-107.337077
MT,I90,478,45.77998225,-107.95623375
MT,I90,274,45.91836375,-111.59703055
MT,I90,497,45.7415185,-107.58137505
MT,I90,509,45.60180615,-107.4628917
MT,I90,510,45.57987265,-107.45412445
MT,I90,208,46.09397635,-112.7922746
MT,I90,201,46.1820888,-112.78409504999999
MT,I90,278,45.90172905,-111.53446315
MT,I90,319,45.66477635,-110.83546745000001
MT,I90,316,45.6464972,-110.88538625
MT,I90,305,45.71492255,-111.0656369
MT,I90,283,45.88200585,-111.43763315000001
MT,I90,298,45.77154365,-111.1897962
MT,I90,306,45.696989200000004,-111.04609095
MT,I90,309,45.6770707,-111.0111192
MT,I90,288,45.850094799999994,-111.33798619999999
MT,I90,313,45.65353,-110.9447518
MT,I90,138,46.6986651,-113.4321387
MT,I90,153,46.6722758,-113.1594481
MT,I90,256,45.87020295,-111.95494735
MT,I90,249,45.8778659,-112.10212815
MT,I90,233,45.920226650000004,-112.4142084
MT,I90,61,47.02591940000001,-114.7393148
MT,I90,75,47.0058527,-114.49363245
MT,I90,25,47.322252,-115.2472309
MT,I90,18,47.37579165,-115.34976019999999
MT,I90,26,47.3126505,-115.2331016
MT,I90,30,47.29597285,-115.16591
MT,I90,66,47.017997300000005,-114.64679530000001
MT,I90,77,46.9933586,-114.4454508
MT,I90,130,46.7250662,-113.57612875000001
MT,I90,85,47.032621000000006,-114.3230942
MT,I90,107,46.8662171,-113.95149285
MT,I90,113,46.83613695,-113.82991755
MT,I90,120,46.78066255,-113.71403355
MT,I90,126,46.360075175,-113.10356535
MT,I90,109,46.8769288,-113.8961826
MT,I90,89,47.0166242,-114.23028965
MT,I90,96,46.95222375,-114.13271639999999
MT,I90,352,45.725180050000006,-110.2425339
MT,I90,82,47.0200598,-114.36798135000001
MT,I90,99,46.9234454,-114.06818480000001
MT,I90,343,45.7120936,-110.39934765
MT,I90,166,46.59204125,-112.92794795
MT,I90,175,46.51260115,-112.78589475
MT,I90,162,46.60580105,-113.00648580000001
MT,I90,184,46.411950399999995,-112.72253315
MT,I90,195,46.27017085,-112.74872794999999
MT,I90,179,46.48843805,-112.72662835
MT,I90,174,46.5247117,-112.8207697
MT,I90,127A,45.9853772,-112.5121053
MT,I90,211,46.05388605,-112.75706205
MT,I90,228,45.96060595,-112.4717218
MT,I90,216,46.00972375,-112.68400650000001
MT,I90,227,45.9771485,-112.4775531
MT,I90,377,45.7689177,-109.7934257
MT,I90,469,45.77872015,-108.14044235
MT,I90,462,45.798513299999996,-108.28915805
MT,I90,433,45.66301945,-108.79906345
MT,I90,450,45.76802935,-108.48766535
MT,I90,0,47.45417625,-115.69462925
MT,I90,129,45.981164,-112.4885936
MT,I90,362,45.7781988,-110.066269
MT,I90,384,45.729524999999995,-109.6757356
MT,I90,367,45.824762,-109.97260890000001
MT,I90,370,45.83191215,-109.90825245
MT,I90,354,45.7373234,-110.21412445
MT,I90,350,45.70132475,-110.26136389999999
MT,I90,340,45.7066348,-110.4552392
MT,I90,337,45.688209650000005,-110.50012545
MT,I90,333,45.644431600000004,-110.5703595
MT,I90,330,45.6512331,-110.61208479999999
MT,I90,324,45.661673500000006,-110.73991405
MT,I90,426,45.63506615,-108.9144964
MT,I90,408,45.64689485,-109.24781569999999
MT,I90,400,45.70018215,-109.3884544
MT,I90,396,45.68418485,-109.4553182
MT,I90,392,45.705017999999995,-109.54205675
MT,I90,434,45.663513,-108.7661123
MT,I90,447,45.7522028,-108.53567145
MT,I90,446,45.750169,-108.56039625
MT,I90,443,45.73195015,-108.6044673
MT,I90,437,45.683099600000006,-108.70596345
MT,I90,452,45.7966682,-108.4569587
MT,I90,455,45.814739349999996,-108.41474505
MT,I90,456,45.8254733,-108.3945873
MT,I90,122,46.006990200000004,-112.61112564999999
MT,I90,127B,45.9836544,-112.507051
MT,I90,121,46.0089844,-112.628718
MT,I90,127,45.9822233,-112.5049154
MT,I90,514,45.5289239,-107.4202348
MT,I90,503,45.680118500000006,-107.50485025
MT,I90,530,45.3156124,-107.3441458
MT,I90,197,46.23713215,-112.76540714999999
MT,I90,187,46.372820700000005,-112.73787935
MT,I90,170,46.55634385,-112.86934845
MT,I90,154,46.6619895,-113.1351151
MT,I90,104,46.8803539,-113.99197065
MT,I90,105,46.870960749999995,-113.98188075
MT,I90,101,46.91309165,-114.03469035
MT,I90,70,47.0042884,-114.5720604
MT,I90,65,47.0176298,-114.67297995
MT,I90,55,47.1070428,-114.78634705
MT,I90,47,47.19155295,-114.89052175
MT,I90,43,47.22577915,-114.9697227
MT,I90,37,47.254742750000005,-115.05355995
MT,I90,33,47.29617435,-115.09971490000001
MT,I90,267,45.91478085,-111.7428232
MT,I90,1,44.9819556,-107.2906445
MT,I90,22,47.3538388,-115.29483715
MT,I90,16,47.38507495,-115.3991134
MT,I90,5,47.420621999999995,-115.6074466
MT,I90,10,47.40962515,-115.51078465
MT,I90,241,45.90535815,-112.2423347
MT,I90,219,46.0071673,-112.6487972
MT,I90,299,45.76049825,-111.1629581
MT,I90,124,46.0046605,-112.5738752
MT,I94,159,46.6159742,-105.540185
MT,I94,126,46.30996275,-106.0372431
MT,I94,148,46.51541335,-105.69136664999999
MT,I94,135,46.37289715,-105.8734777
MT,I94,141,46.425812699999994,-105.78685440000001
MT,I94,128,46.3204106,-105.98616559999999
MT,I94,138,46.39459995,-105.8225494
MT,I94,215,47.1238659,-104.69551995
MT,I94,206,47.035283050000004,-104.8144671
MT,I94,213,47.11484765,-104.736704
MT,I94,204,47.0060838,-104.83578365
MT,I94,198,46.94729515,-104.91141715
MT,I94,192,46.901096800000005,-105.0200542
MT,I94,231,47.046681199999995,-104.39156565
MT,I94,224,47.0878977,-104.5284557
MT,I94,210,47.08449365,-104.779937
MT,I94,169,46.723411150000004,-105.42872485000001
MT,I94,176,46.787073199999995,-105.30253045
MT,I94,185,46.8373015,-105.1337914
MT,I94,93,46.2564093,-106.6930878
MT,I94,95,46.26645465,-106.6653632
MT,I94,106,46.26755525,-106.4234604
MT,I94,103,46.2668748,-106.4833953
MT,I94,53,46.1507396,-107.44565170000001
MT,I94,63,46.195530399999996,-107.26382290000001
MT,I94,67,46.25840925,-107.22223685
MT,I94,248,46.94059385,-104.07346509999999
MT,I94,236,47.01011305,-104.30583885
MT,I94,47,46.130588200000005,-107.55410795
MT,I94,49,46.13874025,-107.5072431
MT,I94,36,46.0533595,-107.75242324999999
MT,I94,6,45.88420875,-108.30905525
MT,I94,14,45.93962555,-108.14891825000001
MT,I94,23,45.986815899999996,-107.9896819
MT,I94,1,46.931740500000004,-104.0076445
MT,I94,7,46.935439,-103.89613
MT,I94,456,45.8248543,-108.3983502
MT,I94,0,45.8267375,-108.3958206
MT,I94,241,46.9944903,-104.1963905
MT,I94,242,46.9897937,-104.1721714
MT,I94,211,47.1050804,-104.7659974
MT,I94,117,46.27493905,-106.19860065
MT,I94,72,46.263407599999994,-107.1374433
MT,I94,87,46.25019655,-106.81558749999999
MT,I94,82,46.25997335,-106.9281869
MT,ST16,,,
NC,I140,,,
NC,I26,21,35.67385795,-82.58402205
NC,I26,24,35.63101195,-82.58001694999999
NC,I26,19,35.706519,-82.5704823
NC,I26,17,35.726491300000006,-82.55526875000001
NC,I26,1C,35.5657982,-82.5891081
NC,I26,3B,35.58935305,-82.57703125
NC,I26,31A,35.5477182,-82.6061381
NC,I26,25,35.61529885,-82.57452525
NC,I26,31B,35.554721099999995,-82.60847875
NC,I26,18,35.7136694,-82.5628433
NC,I26,23,35.646503800000005,-82.58165629999999
NC,I26,15,35.7584752,-82.54357565
NC,I26,37,35.4814101,-82.5571999
NC,I26,4A,35.5911965,-82.5691651
NC,I26,49A,35.33944745,-82.4388375
NC,I26,40,35.4407832,-82.53598165
NC,I26,49B,35.3429017,-82.44199330000001
NC,I26,54,35.28576215,-82.40065295
NC,I26,44,35.3994577,-82.50792005
NC,I26,67,35.2472919,-82.21166099999999
NC,I26,59,35.24805095,-82.3282511
NC,I26,1B,35.56421415,-82.59346395
NC,I26,3A,35.58820745,-82.57912060000001
NC,I26,2,35.5771611,-82.58332419999999
NC,I26,19A,35.7051751,-82.5718712
NC,I26,53,35.297256950000005,-82.40701825
NC,I26,3,35.90965585,-82.5565382
NC,I26,9,35.83667145,-82.52521039999999
NC,I26,11,35.814810449999996,-82.5364065
NC,I26,19B,35.7024269,-82.5743768
NC,I26,13,35.78332385,-82.53975155
NC,I26,33,35.53494935,-82.60306485000001
NC,I26,66,35.2471157,-82.2066821
NC,I295,34,35.1261565,-78.7626676
NC,I295,28,35.1542525,-78.87223019999999
NC,I295,30,35.14689325,-78.82273839999999
NC,I295,23,35.119044599999995,-78.9444131
NC,I295,21CBA,35.1163637,-78.9517246
NC,I295,25A,35.13719055,-78.90727495
NC,I295,21ABC,35.1092509,-78.9851773
NC,I295,25B,35.1423324,-78.90639225000001
NC,I295,18,35.10595645,-79.01224755000001
NC,I295,15,35.0640444,-79.0228955
NC,I295,12,35.028540250000006,-79.03691325
NC,I295,11,35.007603700000004,-79.03569544999999
NC,I295,4,34.9472903,-78.99552854999999
NC,I295,2,34.92139575,-78.9786905
NC,I295,1,34.904537,-78.9618865
NC,I295,7,34.9661124,-79.0250133
NC,I40,325,35.422922,-78.52982865000001
NC,I40,328B,35.388494300000005,-78.51676284999999
NC,I40,328A,35.39247015,-78.5200811
NC,I40,319,35.5165592,-78.55812215
NC,I40,148,35.928737,-80.16002850000001
NC,I40,147,36.06066185,-79.4000819
NC,I40,141,35.9093095,-80.27657425
NC,I40,143,36.0655121,-79.4694265
NC,I40,152,35.981983500000005,-79.8238599
NC,I40,150,35.93532855,-80.12853522500001
NC,I40,154,35.943144350000004,-80.0514909
NC,I40,153,36.06858825,-79.29908019999999
NC,I40,145,36.0639645,-79.431828
NC,I40,46B,35.5544774,-82.6116031
NC,I40,64,35.61246825,-82.31843405000001
NC,I40,46A,35.55612295,-82.61207759999999
NC,I40,50,35.5588209,-82.5434045
NC,I40,59,35.5953234,-82.40372565
NC,I40,37,35.5419355,-82.75444734999999
NC,I40,66,35.6191879,-82.28770700000001
NC,I40,116,35.71937775,-81.46553125
NC,I40,106,35.7253706,-81.63634775
NC,I40,47,35.55737085,-82.5978432
NC,I40,100,35.71803425,-81.7522816
NC,I40,103,35.719216,-81.69393579999999
NC,I40,53A,35.5626305,-82.5004145
NC,I40,107,35.72906025,-81.61487515
NC,I40,98,35.70542265,-81.78465285
NC,I40,96,35.693516200000005,-81.81096034999999
NC,I40,94,35.69055915,-81.84073620000001
NC,I40,113,35.7339274,-81.5301292
NC,I40,105,35.7227314,-81.6540228
NC,I40,119B,35.7052858,-81.4231396
NC,I40,55,35.581302449999995,-82.46374180000001
NC,I40,125,35.713105,-81.3127655
NC,I40,123BA,35.709794,-81.344511
NC,I40,126,35.708707000000004,-81.29498699999999
NC,I40,135,35.8915558,-80.382146625
NC,I40,123AB,35.7070328,-81.3634363
NC,I40,128,35.7036595,-81.2615895
NC,I40,138,35.89975525,-80.3290845
NC,I40,130,35.7151615,-81.2262425
NC,I40,133,35.721610299999995,-81.186317
NC,I40,121,35.70609695,-81.3945807
NC,I40,132,35.890779725,-80.435127975
NC,I40,180B,36.0083065,-80.4379722
NC,I40,168,35.90977145,-80.61737055
NC,I40,170,35.923034,-80.59029509999999
NC,I40,174,35.95656515,-80.5325459
NC,I40,180,36.006237,-80.444335
NC,I40,373,34.9178195,-78.02472900000001
NC,I40,369,34.9457651,-78.0701187
NC,I40,380,34.821316499999995,-77.995783
NC,I40,385,34.755183,-77.95082099999999
NC,I40,364,34.9925906,-78.13275825
NC,I40,384,34.769695,-77.9651385
NC,I40,281,35.88902145,-78.8464316
NC,I40,278,35.907114699999994,-78.89740925000001
NC,I40,274,35.9043513,-78.9601553
NC,I40,280,35.89397715,-78.85770135
NC,I40,273B,35.9104827,-78.979628
NC,I40,279B,35.89923335,-78.87088045
NC,I40,270,35.95070545,-78.99923275
NC,I40,273A,35.9134546,-78.9821343
NC,I40,279A,35.90186645,-78.87777399999999
NC,I40,283,35.8783089,-78.8362339
NC,I40,282,35.88359885,-78.84101505000001
NC,I40,276,35.90856605,-78.93615565
NC,I40,162,35.869876000000005,-80.7104765
NC,I40,193C,36.066176,-80.23957
NC,I40,192,36.06392845,-80.2651233
NC,I40,203,36.0855075,-80.0637725
NC,I40,193A,36.063751499999995,-80.23396
NC,I40,195,36.0598471,-80.2165057
NC,I40,184,36.03488285,-80.38459435
NC,I40,196,36.062264,-80.1914262
NC,I40,189,36.06715205,-80.31019305000001
NC,I40,190,36.064009,-80.294707
NC,I40,193B,36.0623139,-80.2291048
NC,I40,188,36.069366599999995,-80.32400995
NC,I40,201,36.075130349999995,-80.10987855
NC,I40,182,36.02229560000001,-80.40646459999999
NC,I40,213,36.06144,-79.904782
NC,I40,217,36.043388,-79.8395155
NC,I40,214B,36.056276,-79.891103
NC,I40,214A,36.058757,-79.897718
NC,I40,224,36.05155895,-79.73538074999999
NC,I40,222,36.04430035,-79.77159195
NC,I40,226,36.05875725,-79.69477465
NC,I40,218A,36.0367847,-79.8219326
NC,I40,210,36.08063865,-79.9596914
NC,I40,216,36.0495594,-79.872949
NC,I40,218B,36.034571150000005,-79.81797935
NC,I40,211,36.07520275,-79.94272204999999
NC,I40,208,36.0922287,-79.9965134
NC,I40,221,36.035972650000005,-79.79087444999999
NC,I40,227,36.059650000000005,-79.68294595
NC,I40,220,36.03338305,-79.8012535
NC,I40,219,36.032521849999995,-79.80653985000001
NC,I40,206,36.0970639,-80.0115506
NC,I40,33,35.55124805,-82.8194384
NC,I40,131,36.0596012,-79.6721427
NC,I40,214,36.054677,-79.886274
NC,I40,144,35.7726065,-80.99763899999999
NC,I40,146,35.780662,-80.974954
NC,I40,83,35.634338,-82.00088199999999
NC,I40,73,35.6232921,-82.1812396
NC,I40,86,35.66011665,-81.96085500000001
NC,I40,90,35.6852926,-81.90872685
NC,I40,81,35.64538065,-82.03660815
NC,I40,85,35.64402955,-81.9853926
NC,I40,75,35.63889365,-82.14451075
NC,I40,72,35.6233272,-82.1997087
NC,I40,420B,34.2779749,-77.8679533
NC,I40,414,34.3496995,-77.88341249999999
NC,I40,420A,34.2716255,-77.8683215
NC,I40,420,34.276836,-77.868296
NC,I40,416B,34.312525,-77.8705664
NC,I40,263,36.00930475,-79.0839397
NC,I40,160,36.073456099999994,-79.16700236666667
NC,I40,266,35.971431249999995,-79.0627246
NC,I40,261,36.0360309,-79.09752395000001
NC,I40,161,36.07271873333334,-79.16319750000001
NC,I40,259,36.0559646,-79.1241237
NC,I40,157,36.07894135,-79.22471175
NC,I40,390,34.68703085,-77.94674545000001
NC,I40,163,36.060727,-79.1334943
NC,I40,398,34.574284199999994,-77.9012627
NC,I40,408,34.44100265,-77.8743443
NC,I40,348,35.189392600000005,-78.28014815
NC,I40,355,35.11614325,-78.1871262
NC,I40,343,35.22736635,-78.35168115
NC,I40,341,35.249034550000005,-78.3760841
NC,I40,284,35.8585614,-78.8105337
NC,I40,300,35.7565587,-78.6177434
NC,I40,295,35.7519772,-78.70109415
NC,I40,301,35.7519879,-78.59707205000001
NC,I40,290,35.79265735,-78.74518334999999
NC,I40,293,35.76554765,-78.736115
NC,I40,303,35.72271025,-78.58508979999999
NC,I40,291,35.782343499999996,-78.7490462
NC,I40,298B,35.7532231,-78.64660795
NC,I40,284A,35.8638107,-78.8185467
NC,I40,299,35.75369685,-78.6360745
NC,I40,306B,35.6885398,-78.5714211
NC,I40,297,35.75670545,-78.66640000000001
NC,I40,285,35.8530768,-78.8028471
NC,I40,298A,35.75346355,-78.65138164999999
NC,I40,285B,35.8477106,-78.7946686
NC,I40,300B,35.7578373,-78.6079901
NC,I40,300A,35.7578632,-78.6131236
NC,I40,283B,35.8688501,-78.8254585
NC,I40,306,35.7003331,-78.5807569
NC,I40,306A,35.694915,-78.575008
NC,I40,287,35.8316577,-78.76381699999999
NC,I40,7,35.737030399999995,-83.02487295
NC,I40,15,35.667918,-82.9942271
NC,I40,20,35.603760550000004,-83.00743969999999
NC,I40,24,35.5700552,-82.95879769999999
NC,I40,27,35.54314225,-82.9155734
NC,I40,31,35.556127950000004,-82.8508142
NC,I40,212B,36.06551555,-79.9168257
NC,I40,416AB,34.3269188,-77.8731953
NC,I40,416A,34.3192125,-77.8716428
NC,I40,334,35.329467300000005,-78.44865530000001
NC,I40,44,35.559457,-82.64145149999999
NC,I40,112,35.72952215,-81.54620704999999
NC,I40,111,35.7269466,-81.55666115
NC,I40,283A,35.8735817,-78.8313973
NC,I40,50B,35.5577395,-82.5339641
NC,I40,50A,35.5588282,-82.5394466
NC,I40,53B,35.56730265,-82.4959345
NC,I40,118,35.70987115,-81.43950615
NC,I40,119,35.7054816,-81.4238789
NC,I40,119A,35.7057498,-81.4271504
NC,I40,140,36.0654931,-79.51601755
NC,I40,51,35.55659115,-82.51941405
NC,I40,65,35.6192937,-82.3034309
NC,I40,212A,36.0687597,-79.92464405
NC,I40,223,36.0443419,-79.7743424
NC,I40,289,35.81382465,-78.742318
NC,I40,309,35.63575805,-78.5659942
NC,I40,180A,36.0076548,-80.4401569
NC,I40,312AB,35.6140973,-78.5671805
NC,I40,285A,35.8505241,-78.7987741
NC,I40,104,35.71813735,-81.67243629999999
NC,I40,273,35.9161602,-78.984143
NC,I40,310,35.6398582,-78.56567215
NC,I40,151,35.8097281,-80.8622071
NC,I40,151;152,35.805793,-80.8862605
NC,I40,312BA,35.5902537,-78.5710904
NC,I440,8B,35.8343893,-78.6366459
NC,I440,1,35.7693916,-78.7267806
NC,I440,11A,35.8149824,-78.6054101
NC,I440,13B,35.79313445,-78.5807595
NC,I440,13A,35.79565145,-78.58441485
NC,I440,15,35.767620949999994,-78.57422015
NC,I440,1B,35.7666444,-78.7350592
NC,I440,2,35.7877996,-78.6977385
NC,I440,5,35.81685435,-78.68985095
NC,I440,11B,35.8121949,-78.6031993
NC,I440,7,35.8341289,-78.6725587
NC,I440,7B,35.836715,-78.6659847
NC,I440,3CBA,35.8097969,-78.6938856
NC,I440,8A,35.83477925,-78.6400616
NC,I440,6,35.8320267,-78.6766419
NC,I440,12,35.805173499999995,-78.59641400000001
NC,I440,11,35.81763,-78.6077333
NC,I440,1D,35.7789393,-78.7061202
NC,I440,7A,35.835226,-78.670172
NC,I440,301,35.7554527,-78.6001297
NC,I440,14,35.7819766,-78.5738934
NC,I440,16,35.753532,-78.5853413
NC,I440,10,35.825447,-78.6215535
NC,I440,1C,35.7736149,-78.7169321
NC,I540,14,35.89836723333334,-78.6115665
NC,I540,2,35.889031,-78.81330464999999
NC,I540,4A,35.90433315,-78.77367129999999
NC,I540,4B,35.9061259,-78.76931845
NC,I540,7,35.91110555,-78.72885135
NC,I540,11,35.9113855,-78.65066445
NC,I540,3,35.8968486,-78.78798865
NC,I540,9,35.91460955,-78.6812529
NC,I540,1BA,35.8822335,-78.8231575
NC,I540,16,35.8753388,-78.5765865
NC,I540,18,35.8619891,-78.54882649999999
NC,I540,20,35.846373650000004,-78.5225907
NC,I540,24B,35.7953312,-78.5153379
NC,I540,26A,35.7721903,-78.5068858
NC,I540,26B,35.766743,-78.5065133
NC,I540,24,35.7893402,-78.5153647
NC,I540,24A,35.800926,-78.5151077
NC,I540,17,35.87364575,-78.56895975
NC,I540,1B,35.8732778,-78.8303051
NC,I77,65,36.00725835,-80.83377575
NC,I77,36,35.5935121,-80.85955635
NC,I77,49B,35.77677385,-80.86360930000001
NC,I77,33,35.55429365,-80.85817755
NC,I77,54,35.8492279,-80.85977555
NC,I77,42,35.6717153,-80.857749
NC,I77,59,35.9172447,-80.85489365000001
NC,I77,50,35.790609599999996,-80.86266885
NC,I77,49A,35.7700051,-80.862878
NC,I77,45,35.725456550000004,-80.85787065
NC,I77,51,35.8027283,-80.861396
NC,I77,35,35.57973745,-80.85676145
NC,I77,28,35.483016750000004,-80.87469304999999
NC,I77,1AB,35.107697,-80.9286538
NC,I77,23,35.4090133,-80.85770445
NC,I77,10C,35.2448967,-80.8475364
NC,I77,3,35.13378185,-80.9104341
NC,I77,25,35.44231925,-80.8691057
NC,I77,11BA,35.2491622,-80.8455274
NC,I77,16B,35.30949525,-80.84783355
NC,I77,6A,35.177487,-80.88648
NC,I77,11A,35.2416459,-80.8496443
NC,I77,4,35.1480959,-80.89676445
NC,I77,7,35.19773305,-80.88277195
NC,I77,10,35.234448,-80.857685
NC,I77,5,35.16265855,-80.89019635
NC,I77,12,35.26103285,-80.84229055
NC,I77,13A,35.269456700000006,-80.8444131
NC,I77,30,35.503985400000005,-80.86667904999999
NC,I77,10B,35.235313,-80.856799
NC,I77,13B,35.27670415,-80.84680979999999
NC,I77,11B,35.2425944,-80.8479339
NC,I77,16A,35.30565885,-80.84861935
NC,I77,6B,35.18245475,-80.88735495
NC,I77,10A,35.231088,-80.85987
NC,I77,9CA,35.2280805,-80.8612432
NC,I77,9BC,35.2221239,-80.8679601
NC,I77,1B,35.1381139,-80.9075005
NC,I77,8,35.2076723,-80.8764487
NC,I77,18,35.3479891,-80.8474528
NC,I77,19A,35.3583687,-80.8430918
NC,I77,19B,35.3647341,-80.8419423
NC,I77,19BA,35.3722375,-80.8451241
NC,I77,85,36.2805105,-80.8215678
NC,I77,93,36.3923219,-80.7879128
NC,I77,100,36.48159925,-80.75166675
NC,I77,101,36.49426685,-80.74367674999999
NC,I77,83,36.2630041,-80.8245354
NC,I77,82,36.2387594,-80.8176043
NC,I77,79,36.19538335,-80.81155035
NC,I77,73A,36.119031449999994,-80.8141601
NC,I77,73B,36.1242162,-80.81333240000001
NC,I77,31,35.53030115,-80.86238900000001
NC,I77,1A,35.1247866,-80.9181391
NC,I77,51B,35.8149194,-80.8609874
NC,I77,51A,35.808886,-80.8609703
NC,I795,18B,35.7315175,-78.009979
NC,I795,20,35.713026600000006,-78.00170700000001
NC,I795,22,35.56041985,-77.9829844
NC,I795,23,35.6864575,-77.9658704
NC,I795,14,35.54961865,-77.9879734
NC,I795,9,35.61989425,-77.97761109999999
NC,I795,25A,35.4032455,-78.0061003
NC,I795,25B,35.398552,-78.0084206
NC,I795,5,35.66964355,-77.95831435
NC,I795,18,35.4952215,-77.9962957
NC,I840,,,
NC,I85,106,35.63195856666667,-80.50708709999999
NC,I85,148,36.0635475,-79.38433950000001
NC,I85,147,36.06066185,-79.4000819
NC,I85,141,36.067681,-79.49811650000001
NC,I85,143,36.0655121,-79.4694265
NC,I85,152,36.0669811,-79.31166345
NC,I85,150,36.0687636,-79.35295045000001
NC,I85,154,36.0711956,-79.27156445
NC,I85,153,36.06858825,-79.29908019999999
NC,I85,145,36.0639645,-79.431828
NC,I85,55,35.43499265,-80.6576946
NC,I85,60,35.4698679,-80.5843175
NC,I85,63,35.4981866,-80.56469195
NC,I85,58,35.44560815,-80.61065669999999
NC,I85,60A,35.4607252,-80.5901202
NC,I85,49,35.36898565,-80.7137304
NC,I85,52,35.4017223,-80.69790950000001
NC,I85,54,35.418919599999995,-80.6732461
NC,I85,2,35.1788767,-81.41445795
NC,I85,5,35.20000545,-81.37005225
NC,I85,4,35.1964757,-81.3891818
NC,I85,102,35.854454000000004,-80.09999815
NC,I85,94,35.795010950000005,-80.2168744
NC,I85,88,35.77419105,-80.3137295
NC,I85,84,35.732113749999996,-80.37558
NC,I85,86,35.751692500000004,-80.35007995000001
NC,I85,87,35.7677441,-80.3314468
NC,I85,103,35.86023075,-80.07231565000001
NC,I85,96,35.80993375,-80.18202105
NC,I85,182,36.0456321,-78.8157153
NC,I85,183,36.057682299999996,-78.7957871
NC,I85,173,36.0258575,-78.95358825
NC,I85,176,36.02109315,-78.90733585000001
NC,I85,180,36.0320034,-78.84154889999999
NC,I85,175,36.028438300000005,-78.9247483
NC,I85,179,36.0260612,-78.8507829
NC,I85,174B,36.0288183,-78.9317644
NC,I85,177,36.0149513,-78.8888621
NC,I85,174,36.0275337,-78.9389359
NC,I85,172,36.0364508,-78.973104
NC,I85,174A,36.0261428,-78.9428277
NC,I85,10A,35.2409023,-81.31080299999999
NC,I85,13,35.26643415,-81.25670135
NC,I85,14,35.2760155,-81.23166995
NC,I85,17,35.2847458,-81.1911278
NC,I85,19,35.272802850000005,-81.16034495
NC,I85,20,35.26868405,-81.14891755
NC,I85,22,35.2605755,-81.102374
NC,I85,23,35.26357845,-81.08848760000001
NC,I85,26,35.25885135,-81.0469883
NC,I85,27,35.2571705,-81.02627140000001
NC,I85,10B,35.251719,-81.29673505
NC,I85,17B,35.2830205,-81.1856672
NC,I85,21,35.264755199999996,-81.1329192
NC,I85,191,36.147399300000004,-78.72507060000001
NC,I85,186B,36.0806866,-78.7663042
NC,I85,204,36.29552995,-78.57989555
NC,I85,186,36.0839216,-78.7649668
NC,I85,202,36.270639599999996,-78.60805640000001
NC,I85,129,36.03398575,-79.69722165
NC,I85,132,36.05831,-79.66756715
NC,I85,118,35.98713,-79.8810385
NC,I85,138,36.0620725,-79.565832
NC,I85,122,36.001361,-79.813167
NC,I85,131,36.05416025,-79.6795176
NC,I85,126,35.9966213,-79.7624865
NC,I85,113A,35.9203601,-79.9394625
NC,I85,124,36.000703099999996,-79.7920949
NC,I85,119,35.9942916,-79.8688053
NC,I85,128,36.023605950000004,-79.72931865
NC,I85,126B,36.0015115,-79.7470136
NC,I85,126A,35.9984922,-79.7532995
NC,I85,120A,35.9996271,-79.8616411
NC,I85,113BC,35.9230018,-79.9347528
NC,I85,120B,36.002917,-79.8537346
NC,I85,40,35.2766125,-80.806445
NC,I85,36,35.2621455,-80.87898000000001
NC,I85,39,35.273161349999995,-80.83780755000001
NC,I85,29,35.253152400000005,-80.97966325
NC,I85,33,35.23885355,-80.91966755
NC,I85,46B,35.3323103,-80.7440358
NC,I85,45A,35.3096394,-80.75960125
NC,I85,45B,35.31387025,-80.75718375
NC,I85,38,35.27229595,-80.8440406
NC,I85,46,35.336533,-80.742873
NC,I85,34,35.24700575,-80.89732330000001
NC,I85,32,35.2413503,-80.9391574
NC,I85,41,35.2787715,-80.7937325
NC,I85,42,35.283049,-80.777706
NC,I85,43,35.29137985,-80.76902855
NC,I85,37,35.2708684,-80.85620225
NC,I85,46A,35.3280392,-80.7455761
NC,I85,35,35.254838500000005,-80.888989
NC,I85,30,35.2527275,-80.978574
NC,I85,48,35.34848155,-80.733206
NC,I85,165,36.0584172,-79.0831373
NC,I85,160,36.073456099999994,-79.16700236666667
NC,I85,164,36.05710535,-79.10398004999999
NC,I85,163,36.0600193,-79.12905785
NC,I85,161,36.07271873333334,-79.16319750000001
NC,I85,170,36.038516650000005,-79.01026039999999
NC,I85,157,36.07894135,-79.22471175
NC,I85,111,35.903859600000004,-79.9544573
NC,I85,76,35.65753775,-80.45951335000001
NC,I85,75,35.64282745,-80.48015015
NC,I85,72,35.6191033,-80.5084091
NC,I85,71,35.610889900000004,-80.51818215
NC,I85,70,35.5994122,-80.5318581
NC,I85,79,35.67898205,-80.4144307
NC,I85,68,35.57236585,-80.55834050000001
NC,I85,65,35.5346833,-80.5732161
NC,I85,215,36.3468486,-78.39554815
NC,I85,217,36.361787750000005,-78.374351
NC,I85,220,36.39516305,-78.33667005
NC,I85,214,36.34065,-78.41132325
NC,I85,226,36.45536035,-78.2657641
NC,I85,229,36.485006,-78.23086215000001
NC,I85,233,36.534842350000005,-78.19093555
NC,I85,223,36.43087305,-78.29561275
NC,I85,186A,36.0771096,-78.7697977
NC,I85,8,35.225384250000005,-81.3337576
NC,I85,17A,35.2841232,-81.1888444
NC,I85,30A,35.2497439,-80.970165
NC,I85,30B,35.246547,-80.9618364
NC,I85,74,35.63265015,-80.49228565
NC,I85,81,35.6957623,-80.401026
NC,I85,91,35.7811827,-80.25726305
NC,I85,213,36.33545865,-78.43471489999999
NC,I85,206,36.314695549999996,-78.54351485000001
NC,I85,209,36.320653500000006,-78.48689855
NC,I85,212,36.32717515,-78.44920315
NC,I85,218,36.3719868,-78.3606276
NC,I85,178,36.01485995,-78.86948100000001
NC,I85,189,36.12050275,-78.7459279
NC,I85,135,36.060242599999995,-79.60652875
NC,I85,140,36.0654931,-79.51601755
NC,I85,121,36.0036702,-79.8439492
NC,I85,108,35.8759096,-80.00569835
NC,I85,113CA,35.9351811,-79.9147492
NC,I85,60B,35.4647124,-80.5874848
NC,I95,1A,34.5010672,-79.3093856
NC,I95,107,35.5941896,-78.13316355
NC,I95,102,35.556468949999996,-78.2009545
NC,I95,101,35.549810050000005,-78.2192409
NC,I95,105,35.5681931,-78.16729029999999
NC,I95,81B,35.3890636,-78.5195626
NC,I95,95,35.503930499999996,-78.32142379999999
NC,I95,97,35.51961925,-78.2893203
NC,I95,93,35.491378850000004,-78.34696435000001
NC,I95,106,35.5788899,-78.1463985
NC,I95,81A,35.392234,-78.5141643
NC,I95,90,35.45632825,-78.39059865
NC,I95,61,35.158910500000005,-78.7164765
NC,I95,65,35.2030534,-78.66923805
NC,I95,44,34.9618262,-78.88960449999999
NC,I95,40,34.9229407,-78.9447907
NC,I95,46AB,34.972365,-78.8657328
NC,I95,55,35.082609500000004,-78.7868229
NC,I95,49,35.006877200000005,-78.8211055
NC,I95,41,34.93827195,-78.92287695
NC,I95,58,35.1296708,-78.7475479
NC,I95,52BA,35.0521526,-78.8000292
NC,I95,56,35.092678,-78.779947
NC,I95,52AB,35.0343352,-78.805805
NC,I95,168,36.3639686,-77.67280585
NC,I95,154,36.1779016,-77.76769575
NC,I95,73,35.302551,-78.593864
NC,I95,71,35.2705421,-78.6169065
NC,I95,70,35.255067350000004,-78.62585895000001
NC,I95,75,35.317758850000004,-78.574156
NC,I95,77,35.34149095,-78.55862525
NC,I95,72,35.2876837,-78.6065969
NC,I95,160,36.269008150000005,-77.72236135
NC,I95,173,36.43050045,-77.63009375
NC,I95,132,35.90411725,-77.9257883
NC,I95,145,36.06495285,-77.8215165
NC,I95,150,36.127275749999995,-77.79510585
NC,I95,176,36.46845595,-77.61131470000001
NC,I95,180,36.52496875,-77.58531174999999
NC,I95,1B,34.5049775,-79.3039807
NC,I95,20,34.646616449999996,-79.0136615
NC,I95,7,34.55131995,-79.1998801
NC,I95,17,34.62314005,-79.05232425
NC,I95,10,34.57667675,-79.15161325
NC,I95,2,34.5229779,-79.27709444999999
NC,I95,19,34.634228300000004,-79.02558535
NC,I95,33,34.83344055,-78.9786558
NC,I95,119BA,35.742266,-78.006885
NC,I95,119AB,35.727926,-78.018917
NC,I95,121,35.763647899999995,-78.00410385
NC,I95,98,35.53028615,-78.2674301
NC,I95,22,34.669889999999995,-79.0060341
NC,I95,31,34.81048905,-78.98681135000001
NC,I95,25,34.71754745,-78.9974421
NC,I95,46BA,34.9818997,-78.8491015
NC,I95,87,35.43902355,-78.4199715
NC,I95,79,35.3777325,-78.53868539999999
NC,I95,81,35.3853548,-78.5254985
NC,I95,116,35.70285355,-78.0459396
NC,I95,127,35.8376349,-77.97621095
NC,I95,141,36.0140813,-77.86269795
NC,I95,138,35.975813900000006,-77.879636
NC,I95,171,36.4005089,-77.64403365000001
NC,I95,13AB,34.5869303,-79.1243841
NC,I95,13BA,34.6020081,-79.1025375
NC,I95,58A,35.1196091,-78.7578685
NC,I95,1,34.499641,-79.3109362
NC,I95,38,34.9012686,-78.95791894999999
NC,I95,58B,35.126213,-78.7508571
NC,US1,,,
NC,US13,496,35.8341385,-77.3679749
NC,US13,52,35.3946898,-77.9632583
NC,US13,55,35.3807786,-77.9381901
NC,US13,54,35.3898122,-77.9502574
NC,US13,505,35.84291405,-77.20622925
NC,US13,507,35.829066,-77.1805474
NC,US13,515,35.8383014,-77.0533979
NC,US13,514,35.81863595,-77.0678056
NC,US13,502,35.83630265,-77.2528484
NC,US13,34,35.1261565,-78.7626676
NC,US13,215,36.0108508,-76.9535039
NC,US13,512,35.82283875,-77.10243925
NC,US17,227,36.0748587,-76.61381495
NC,US17,228,36.08405285,-76.5960241
NC,US17,230,36.09178005,-76.57198415
NC,US17,416,35.10029205,-77.05941
NC,US17,417AB,35.096973,-77.047757
NC,US17,515,35.8383014,-77.0533979
NC,US17,514,35.818901,-77.0658882
NC,US17,39,34.187131699999995,-78.07849644999999
NC,US17,255,36.2496832,-76.3185481
NC,US17,264,36.3833699,-76.3146791
NC,US17,226,36.0693254,-76.63305295
NC,US17,224,36.05973185,-76.66828375
NC,US17,254,36.2461012,-76.3275471
NC,US17,411,35.12661095,-77.13272845
NC,US17,176,35.505544,-77.0927267
NC,US17,180,35.56231915,-77.07343035
NC,US17,147B,35.133006,-77.1512313
NC,US17,410A,35.1327924,-77.1526062
NC,US17,141A,35.1261905,-77.1536591
NC,US17,110,34.75892965,-77.39468915
NC,US17,111,34.7649889,-77.3955592
NC,US17,130,35.0021401,-77.23142075
NC,US17,136,35.07064575,-77.1922586
NC,US264,7,35.783653900000004,-78.348235925
NC,US264,432,35.8246823,-78.3753449
NC,US264,2,35.829859549999995,-78.29096995
NC,US264,435,35.83457675,-78.32440035
NC,US264,14,35.78576833333333,-78.17790973333334
NC,US264,3,35.80745356666666,-78.36946306666665
NC,US264,1,35.834407,-78.300035
NC,US264,436,35.8339411,-78.3077472
NC,US264,13,35.8032295,-78.4272442
NC,US264,18A,35.7372128,-78.0142246
NC,US264,18B,35.7315175,-78.009979
NC,US264,20,35.713026600000006,-78.00170700000001
NC,US264,22,35.694606199999996,-77.97327845000001
NC,US264,24,35.6777477,-77.946836
NC,US264,28,35.669063449999996,-77.882923
NC,US264,29,35.67460935,-77.8581304
NC,US264,23,35.6864575,-77.9658704
NC,US264,24A,35.6812222,-77.9578703
NC,US264,32,35.6706493,-77.8105583
NC,US264,4,35.776381650000005,-78.5568739
NC,US264,6,35.7688074,-78.52479005000001
NC,US264,11,35.783964675,-78.27994
NC,US264,9,35.7676242,-78.4649293
NC,US264,24B,35.6789717,-77.9524229
NC,US264,16B,35.75986225,-78.0271025
NC,US264,16A,35.7639869,-78.03054555
NC,US264,26,35.67371685,-77.90437745
NC,US264,73A,35.6119291,-77.4377972
NC,US264,123B,35.6082228,-77.4379555
NC,US264,80,35.660054900000006,-77.3683782
NC,US264,75,35.628571050000005,-77.43334435
NC,US264,77,35.6597943,-77.4112861
NC,US264,119,35.5661856,-77.4626506
NC,US264,123A,35.6032022,-77.4395047
NC,US264,73B,35.6071754,-77.4383191
NC,US321,33,35.5920925,-81.254701
NC,US321,42,35.6942155,-81.3507455
NC,US321,41,35.6792595,-81.33979099999999
NC,US321,43AB,35.708239750000004,-81.3536067
NC,US321,37,35.635895500000004,-81.2977765
NC,US321,44,35.7215528,-81.35726135
NC,US321,11,35.306106299999996,-81.18757735
NC,US321,17,35.378228,-81.2030485
NC,US321,12,35.3205559,-81.1871578
NC,US321,12A,35.3133284,-81.1871555
NC,US321,28,35.5281116,-81.2235246
NC,US321,12B,35.3165085,-81.1870608
NC,US321,24,35.48039695,-81.230801
NC,US321,20,35.4155782,-81.2108597
NC,US52,84,35.755871425,-80.34567055
NC,US52,86,35.776466625,-80.32134052500001
NC,US52,87,35.78991045,-80.30892915
NC,US52,114,36.166916,-80.26308800000001
NC,US52,109B,36.09519435,-80.2337666
NC,US52,105,36.048451799999995,-80.23636535
NC,US52,107B,36.064285749999996,-80.23044924999999
NC,US52,110D,36.1142437,-80.2362809
NC,US52,108B,36.0842674,-80.22971365000001
NC,US52,107A,36.060561050000004,-80.23169655000001
NC,US52,116,36.1895476,-80.28175354999999
NC,US52,113,36.1478475,-80.2440505
NC,US52,103,36.0149745,-80.236166
NC,US52,110C,36.1087675,-80.23643645
NC,US52,39,36.228529699999996,-80.32376545
NC,US52,115,36.1840521,-80.2772409
NC,US52,115A,36.179572,-80.272297
NC,US52,109A,36.09316055,-80.2317278
NC,US52,112,36.13847885,-80.23939645
NC,US52,36,36.24975485,-80.35439015
NC,US52,111B,36.1248595,-80.2322642
NC,US52,35,36.260331050000005,-80.36493665
NC,US52,115B,36.1818276,-80.275935
NC,US52,108A,36.07160765,-80.22981915
NC,US52,76,35.6600209,-80.4555945
NC,US52,79,35.67898205,-80.4144307
NC,US52,29,36.3171161,-80.43828495
NC,US52,140,36.451303,-80.55138
NC,US52,24,36.376186,-80.48680225000001
NC,US52,141,36.460447,-80.5611305
NC,US52,22,36.4007802,-80.4929405
NC,US52,27,36.3413295,-80.4594251
NC,US52,21,36.4083655,-80.49937700000001
NC,US52,18,36.445328,-80.543904
NC,US52,81,35.6957623,-80.401026
NC,US52,110B,36.1056641,-80.23625734999999
NC,US52,111,36.123028649999995,-80.23227585000001
NC,US52,100,35.969994549999996,-80.2308115
NC,US52,97,35.94073425,-80.2347325
NC,US52,92,35.8739958,-80.2446574
NC,US52,89,35.8366309,-80.28257525000001
NC,US52,85,35.787516800000006,-80.30532099999999
NC,US52,118,36.213344500000005,-80.3056919
NC,US52,41,36.2182807,-80.3101534
NC,US52,117,36.1953656,-80.2883657
NC,US70,333,35.5421697,-78.3097558
NC,US70,10B,35.596448,-78.4089552
NC,US70,21,35.67385795,-82.58402205
NC,US70,24,35.63101195,-82.58001694999999
NC,US70,4C,35.596934149999996,-82.5591063
NC,US70,5A,35.59986875,-82.5522788
NC,US70,66,35.6191879,-82.28770700000001
NC,US70,25,35.61529885,-82.57452525
NC,US70,4A,35.5930827,-82.5657798
NC,US70,23,35.646503800000005,-82.58165629999999
NC,US70,409,35.13692885,-77.166973
NC,US70,416,35.10029205,-77.05941
NC,US70,417A,35.090995,-77.036432
NC,US70,417B,35.0889221,-77.0350128
NC,US70,417AB,35.096973,-77.047757
NC,US70,84,35.76499186666667,-80.33413673333332
NC,US70,86,35.776466625,-80.32134052500001
NC,US70,87,35.78991045,-80.30892915
NC,US70,173,36.0258575,-78.95358825
NC,US70,176,36.02109315,-78.90733585000001
NC,US70,175,36.028438300000005,-78.9247483
NC,US70,174B,36.0288183,-78.9317644
NC,US70,177,36.0149513,-78.8888621
NC,US70,12,36.0036166,-78.8638354
NC,US70,174,36.0275337,-78.9389359
NC,US70,172,36.0364508,-78.973104
NC,US70,174A,36.0261428,-78.9428277
NC,US70,372,35.28906965,-77.78681040000001
NC,US70,369,35.30201425,-77.81772245
NC,US70,72,35.6233272,-82.1997087
NC,US70,170,36.0384345,-79.0061569
NC,US70,293,35.903365949999994,-78.7685938
NC,US70,292,35.9093768,-78.7775598
NC,US70,336,35.5080328,-78.2814259
NC,US70,337,35.49180705,-78.270534
NC,US70,334,35.5357728,-78.3098681
NC,US70,350,35.4359614,-78.0750775
NC,US70,52,35.3946898,-77.9632583
NC,US70,55,35.3807786,-77.9381901
NC,US70,54,35.3898122,-77.9502574
NC,US70,5B,35.5998742,-82.5496593
NC,US70,19A,35.7051751,-82.5718712
NC,US70,13,36.0114621,-78.8681293
NC,US70,65,35.6192937,-82.3034309
NC,US70,19B,35.7024269,-82.5743768
NC,US70,85,35.787516800000006,-80.30532099999999
NC,US70,411,35.12661095,-77.13272845
NC,US70,410A,35.13324925,-77.1547658
NC,US70,338,35.4828569,-78.24715225
NC,US70,178,36.0132126,-78.8742103
NC,US70,434,34.868067999999994,-76.9344965
NC,US70,429,34.9378649,-76.95092299999999
NC,US70,437,34.84916825,-76.8872113
NC,US70,11,35.991428299999995,-78.86206014999999
NC,US70,10,35.9809556,-78.8571823
NC,US70,288A,35.9759756,-78.8536848
NC,US70,288B,35.9718579,-78.8503593
NC,US70,330,35.57001985,-78.34556205
NC,US70,329,35.578085200000004,-78.36380754999999
ND,I94,276,46.8927187,-98.3329488
ND,I94,302,46.9199835,-97.786892
ND,I94,292,46.91124205,-98.01004605
ND,I94,281,46.906713499999995,-98.2278325
ND,I94,283,46.9066872,-98.19845054999999
ND,I94,294,46.916874500000006,-97.96492599999999
ND,I94,296,46.9203155,-97.9132645
ND,I94,298,46.920066,-97.870718
ND,I94,307,46.9184255,-97.683157
ND,I94,272,46.892465,-98.41810395
ND,I94,288,46.912797,-98.08153150000001
ND,I94,290,46.9125085,-98.03899
ND,I94,24,46.929852,-103.5557365
ND,I94,32,46.8916591,-103.3842504
ND,I94,36,46.896114499999996,-103.306143
ND,I94,23,46.929017,-103.57278
ND,I94,27,46.9154552,-103.4876824
ND,I94,161,46.831426050000005,-100.73126590000001
ND,I94,170,46.836875199999994,-100.54109170000001
ND,I94,159,46.831416250000004,-100.7731294
ND,I94,190,46.864648,-100.1403911
ND,I94,176,46.836523,-100.4146858
ND,I94,182,46.8363095,-100.2885711
ND,I94,157,46.82849395,-100.8136977
ND,I94,156,46.8217346,-100.8397348
ND,I94,348,46.847583,-96.86248284999999
ND,I94,310,46.8905798,-97.6407122
ND,I94,328,46.875918299999995,-97.26348469999999
ND,I94,314,46.8757688,-97.55572570000001
ND,I94,317,46.8756773,-97.4931072
ND,I94,324,46.8756398,-97.3458062
ND,I94,338,46.8772599,-97.0530014
ND,I94,322,46.875824699999995,-97.38802795000001
ND,I94,343,46.87565645,-96.9490349
ND,I94,351,46.848470000000006,-96.7993205
ND,I94,340,46.8774755,-97.0107395
ND,I94,349A,46.84743615,-96.8448774
ND,I94,320,46.875685849999996,-97.42972524999999
ND,I94,331,46.8741068,-97.2103342
ND,I94,349B,46.84735275,-96.83635665
ND,I94,342,46.87749925,-96.9689383
ND,I94,350,46.84735765,-96.819564
ND,I94,346,46.852361,-96.911887
ND,I94,347,46.84757955,-96.88296725000001
ND,I94,346B,46.848182,-96.903317
ND,I94,1,46.931740500000004,-104.0076445
ND,I94,7,46.93672,-103.89183249999999
ND,I94,10,46.942633,-103.8282625
ND,I94,18,46.94954955,-103.66425960000001
ND,I94,195,46.86458450000001,-100.03518349999999
ND,I94,200,46.864368,-99.9156285
ND,I94,205,46.8720415,-99.8263225
ND,I94,208,46.8784565,-99.751248
ND,I94,214,46.880501,-99.6376365
ND,I94,217,46.8798575,-99.574117
ND,I94,221,46.8794995,-99.477454
ND,I94,108,46.8619535,-101.823452
ND,I94,152,46.845487,-100.9084605
ND,I94,127,46.8613269,-101.4177159
ND,I94,134,46.8613079,-101.2818631
ND,I94,155,46.825873,-100.851812
ND,I94,97,46.862624,-102.054174
ND,I94,110,46.862998000000005,-101.7814275
ND,I94,120,46.8615395,-101.5750055
ND,I94,123,46.861441049999996,-101.51173134999999
ND,I94,113,46.861818,-101.717894
ND,I94,102,46.8666635,-101.9417425
ND,I94,147,46.86311,-101.0082345
ND,I94,140,46.8609805,-101.155503
ND,I94,153,46.8377178,-100.87392969999999
ND,I94,117,46.861906,-101.63802799999999
ND,I94,42,46.896832849999996,-103.19062215
ND,I94,64,46.8863329,-102.7335221
ND,I94,59,46.89210625,-102.83093975
ND,I94,90,46.854298,-102.2018775
ND,I94,72,46.878139000000004,-102.5697375
ND,I94,78,46.877146499999995,-102.432198
ND,I94,51,46.8886255,-102.99811700000001
ND,I94,61,46.896063749999996,-102.7900078
ND,I94,84,46.8715815,-102.3073615
ND,I94,56,46.8905805,-102.8894204
ND,I94,242,46.8914775,-99.0415675
ND,I94,230,46.877837,-99.300042
ND,I94,233,46.884505000000004,-99.236532
ND,I94,257,46.891072,-98.742024
ND,I94,269,46.8923815,-98.481864
ND,I94,262,46.8923075,-98.6292845
ND,I94,228,46.8779375,-99.3416695
ND,I94,238,46.8859105,-99.1218185
ND,I94,260,46.88926775,-98.6789117
ND,I94,245,46.89162,-98.987967
ND,I94,251,46.892444499999996,-98.851305
ND,I94,258,46.88592,-98.71835899999999
ND,I94,256,46.8922017,-98.75537
ND,I94,248,46.892386,-98.9083325
ND,SR31,,,
NE,I80,257,40.690217000000004,-99.38016365
NE,I80,263,40.6758557,-99.25560465
NE,I80,426,41.01167755,-96.30848879999999
NE,I80,285,40.70173065,-98.84667830000001
NE,I80,38,41.205951400000004,-103.31742639999999
NE,I80,55,41.1264879,-103.0313568
NE,I80,48,41.18077735,-103.1338499
NE,I80,76,41.1136668,-102.63081835
NE,I80,69,41.11304375,-102.76338344999999
NE,I80,59,41.11295905,-102.9491214
NE,I80,211,40.91429465,-100.16650055
NE,I80,222,40.8436629,-99.98596515
NE,I80,248,40.69112345,-99.5406459
NE,I80,231,40.78029175,-99.84527220000001
NE,I80,237,40.74179195,-99.7406679
NE,I80,107,41.04863215,-102.07142540000001
NE,I80,95,41.045748950000004,-102.29755405
NE,I80,102,41.0318928,-102.14944535
NE,I80,101,41.03183,-102.1872712
NE,I80,85,41.080678000000006,-102.47479715
NE,I80,445,41.2129866,-96.08433105
NE,I80,446,41.2207052,-96.0846908
NE,I80,454,41.22895705,-95.9328277
NE,I80,449,41.223815450000004,-96.02463655
NE,I80,448,41.2232861,-96.0428029
NE,I80,451,41.22435295,-95.97531244999999
NE,I80,332,40.82206015,-97.996873
NE,I80,324,40.822175349999995,-98.1497035
NE,I80,318,40.8211172,-98.2637724
NE,I80,117,41.07952455,-101.88874505
NE,I80,20,41.216294500000004,-103.66431195
NE,I80,126,41.1151159,-101.7155425
NE,I80,133,41.1179652,-101.57672895
NE,I80,145,41.11102515,-101.35644260000001
NE,I80,22,41.22047895,-103.62543600000001
NE,I80,8,41.191944,-103.89299545
NE,I80,1,41.18292425,-104.04463735
NE,I80,29,41.2209673,-103.49305675
NE,I80,401,40.8671299,-96.7078019
NE,I80,409,40.895705050000004,-96.55991610000001
NE,I80,403,40.885738849999996,-96.68195370000001
NE,I80,399,40.84238535,-96.7363229
NE,I80,405,40.89686185,-96.64293140000001
NE,I80,401B,40.8623623,-96.7155193
NE,I80,397,40.819609799999995,-96.75736545000001
NE,I80,401A,40.857964,-96.720558
NE,I80,199,41.002293550000005,-100.3761949
NE,I80,177,41.11140655,-100.7656097
NE,I80,164,41.13720715,-101.00241729999999
NE,I80,179,41.1052075,-100.72539075
NE,I80,190,41.0515735,-100.5257142
NE,I80,395,40.8174319,-96.7866167
NE,I80,158,41.138781800000004,-101.1273308
NE,I80,439,41.1465678,-96.15893625000001
NE,I80,440,41.1626801,-96.13823355
NE,I80,432,41.09470725,-96.25314955
NE,I80,442,41.1885195,-96.1043675
NE,I80,373,40.82244465,-97.2160624
NE,I80,366,40.82151845,-97.34896365
NE,I80,353,40.821311800000004,-97.59750460000001
NE,I80,452,41.22669125,-95.952498
NE,I80,453,41.2262621,-95.9527158
NE,I80,420,40.9721073,-96.3879102
NE,I80,450,41.2232829,-96.00331589999999
NE,I80,272,40.669522549999996,-99.0861265
NE,I80,279,40.68672035,-98.95142580000001
NE,I80,291,40.7227145,-98.7405823
NE,I80,300,40.762819050000004,-98.58801235
NE,I80,305,40.79891135,-98.4923843
NE,I80,312,40.82076375,-98.3795566
NE,I80,338,40.82107485,-97.88260145000001
NE,I80,342,40.82113425,-97.8070042
NE,I80,348,40.8213842,-97.69595755
NE,I80,360,40.821930949999995,-97.4637364
NE,I80,314,40.8242915,-98.33792375
NE,I80,369,40.8220335,-97.29191085
NE,I80,388,40.821428,-96.93007935
NE,I80,382,40.821392700000004,-97.04467205
NE,I80,379,40.82214685,-97.10135754999999
NE,I80,275,40.6698574,-99.0295121
NE,I80,123.,41.0986911,-101.7871531
NE,US80,,,
NH,I89,20,43.63217925,-72.31969905
NH,I89,19,43.637998350000004,-72.28075430000001
NH,I89,18,43.648911999999996,-72.2480778
NH,I89,16,43.61048935,-72.1889694
NH,I89,13,43.497902249999996,-72.1324657
NH,I89,15,43.59714505,-72.16718875000001
NH,I89,12A,43.441833450000004,-72.06509
NH,I89,8,43.270915,-71.7838385
NH,I89,5,43.1817652,-71.6836402
NH,I89,4,43.1837832,-71.6513555
NH,I89,9,43.29100645,-71.83733405
NH,I89,14,43.5691886,-72.1529903
NH,I89,11,43.39206615,-71.98287555
NH,I89,2,43.17852815,-71.5642651
NH,I89,6,43.2031467,-71.70815785
NH,I89,1,43.16835555,-71.5368592
NH,I89,10,43.3560875,-71.9230769
NH,I89,7,43.24687025,-71.74812854999999
NH,I89,12,43.422756050000004,-72.0369799
NH,I89,17,43.6326974,-72.2109024
NH,I89,3,43.1820649,-71.596019
NH,I93,12N,43.1802422,-71.53027879999999
NH,I93,6,42.985522,-71.41586190000001
NH,I93,8,43.00154070000001,-71.43011575
NH,I93,7,42.993209050000004,-71.41948224999999
NH,I93,23,43.61304015,-71.6421465
NH,I93,20,43.4553544,-71.57234695
NH,I93,22,43.504631,-71.61546150000001
NH,I93,26,43.77419875,-71.68169685000001
NH,I93,29,43.870699,-71.66967414999999
NH,I93,24,43.696494,-71.64477790000001
NH,I93,33,44.061343550000004,-71.68685364999999
NH,I93,39,44.26277,-71.74971
NH,I93,30,43.9542586,-71.6827548
NH,I93,28,43.850693750000005,-71.6471301
NH,I93,41,44.2955982,-71.768656
NH,I93,36,44.202727100000004,-71.69170195000001
NH,I93,34B,44.16974015,-71.68446990000001
NH,I93,34C,44.178890499999994,-71.6900902
NH,I93,38,44.2287865,-71.7475295
NH,I93,31,43.9891125,-71.6732326
NH,I93,34A,44.09930555,-71.68442805000001
NH,I93,40,44.28261735,-71.74344985
NH,I93,27,43.8104809,-71.6704661
NH,I93,25,43.762517,-71.67887045
NH,I93,32,44.035669150000004,-71.68033135
NH,I93,37,44.2202105,-71.7302352
NH,I93,43,44.3247616,-71.80837305
NH,I93,42,44.30837845,-71.7983746
NH,I93,44,44.3304228,-71.87665645000001
NH,I93,18,43.3324035,-71.60706099999999
NH,I93,15E,43.214428850000004,-71.53386385
NH,I93,16,43.2367325,-71.539294
NH,I93,35,44.1939583,-71.6813583
NH,I93,15W,43.218884,-71.5337915
NH,I93,9N,43.02073315,-71.4423228
NH,I93,12S,43.17866255,-71.53174225000001
NH,I93,13,43.19324055,-71.52565734999999
NH,I93,17,43.292271,-71.573131
NH,I93,17W,43.294798,-71.576095
NH,I93,17E,43.2914822,-71.5729084
NH,I93,14,43.208692150000005,-71.53287605
NH,I93,9S,43.0257541,-71.446315
NH,I93,19,43.425996,-71.5906095
NH,I93,3,42.809770650000004,-71.278523
NH,I93,4,42.87104185,-71.34087385000001
NH,I93,5,42.91667305,-71.3717754
NH,I93,1,42.75831875,-71.23001825
NH,I93,I89NORTH,43.1731548,-71.5316095
NH,I93,10,43.04272105,-71.46336105
NH,I93,2,42.777982050000006,-71.24655955
NH,I93,11,43.085634549999995,-71.47378119999999
NH,I95,5,43.06921385,-70.78854935
NH,I95,1,42.894661,-70.87988150000001
NH,I95,4,43.0605643,-70.8000116
NH,I95,7,43.08416375,-70.77354109999999
NH,I95,6,43.0743248,-70.7823453
NH,I95,90,42.8834831,-70.8826518
NH,I95,2,42.96215825,-70.85638800000001
NH,I95,3B,43.0577771,-70.8049709
NH,I95,3A,43.0600678,-70.801418
NH,I95,3,43.0523808,-70.8102475
NH,SR101,,,
NJ,I287,21B,40.6396027,-74.6449935
NJ,I287,21A,40.638964599999994,-74.64496489999999
NJ,I287,26A,40.6876146,-74.580523
NJ,I287,30A,40.72770265,-74.5403972
NJ,I287,33,40.76730675,-74.4906089
NJ,I287,35,40.7873254,-74.47012695000001
NJ,I287,66,41.10404445,-74.1679477
NJ,I287,41A,40.862730049999996,-74.4178925
NJ,I287,37,40.812439499999996,-74.44769295
NJ,I287,41B,40.8651986,-74.41709639999999
NJ,I287,7,40.5565965,-74.4623981
NJ,I287,5,40.556662200000005,-74.43596935
NJ,I287,52B,40.9891275,-74.3088035
NJ,I287,40A,40.853685,-74.423789
NJ,I287,52AB,40.9943796,-74.3092348
NJ,I287,52A,40.9849432,-74.3114002
NJ,I287,43,40.8901043,-74.4152616
NJ,I287,44,40.902419,-74.4077498
NJ,I287,47,40.9160299,-74.37057895
NJ,I287,42,40.8771019,-74.4206761
NJ,I287,40B,40.848609,-74.427348
NJ,I287,53,40.996891250000004,-74.30851390000001
NJ,I287,45,40.9072309,-74.39633144999999
NJ,I287,55,41.01700945,-74.297191
NJ,I287,13A,40.5647566,-74.5527097
NJ,I287,17,40.6005172,-74.62712239999999
NJ,I287,13,40.5700381,-74.560301
NJ,I287,10,40.53933075,-74.51635055
NJ,I287,14B,40.5747761,-74.5666652
NJ,I287,12,40.5501591,-74.5410229
NJ,I287,14A,40.57520744999999,-74.5686863
NJ,I287,13B,40.5680491,-74.5566124
NJ,I287,22B,40.6581572,-74.6442014
NJ,I287,22,40.6616114,-74.6425076
NJ,I287,30B,40.730546000000004,-74.5384425
NJ,I287,36B,40.7995122,-74.4668948
NJ,I287,39A,40.8325378,-74.4385045
NJ,I287,39B,40.8362661,-74.4358783
NJ,I287,36A,40.7935253,-74.468433
NJ,I287,1B,40.528115099999994,-74.359069
NJ,I287,3,40.543106,-74.3927208
NJ,I287,6,40.5554877,-74.44566649999999
NJ,I287,4,40.5514565,-74.4096214
NJ,I287,9,40.54150575,-74.50695195
NJ,I287,57,41.02655045,-74.2546381
NJ,I287,59,41.0215924,-74.22037169999999
NJ,I287,58,41.02787765,-74.2400104
NJ,I287,8,40.552699149999995,-74.48651845
NJ,I287,2A,40.5318218,-74.3737741
NJ,I287,1A,40.528817149999995,-74.3516398
NJ,I287,2B,40.5339226,-74.377208
NJ,I287,26B,40.6891182,-74.5769071
NJ,I287,26,40.6914412,-74.5733679
NJ,I287,39,40.8276701,-74.4409165
NJ,I287,36,40.8006585,-74.4651852
NJ,I287,40,40.8479028,-74.4274967
NJ,I287,22A,40.6535085,-74.6457698
NJ,I295,36B,39.93685775,-74.9617098
NJ,I295,52A,40.08262825,-74.7623028
NJ,I295,43B,39.9933577,-74.8741601
NJ,I295,52B,40.08477755,-74.75946795
NJ,I295,40A,39.965102,-74.913204
NJ,I295,57,40.132959,-74.715238
NJ,I295,40B,39.967978,-74.910047
NJ,I295,43A,39.9917719,-74.8783635
NJ,I295,40,39.9690913,-74.9090374
NJ,I295,45A,40.008638,-74.851993
NJ,I295,45AB,40.0052233,-74.855577
NJ,I295,36A,39.93349815,-74.96774020000001
NJ,I295,57BA,40.140176,-74.717136
NJ,I295,47A,40.04318275,-74.8355399
NJ,I295,45B,40.0115741,-74.849612
NJ,I295,47B,40.04583305,-74.8330921
NJ,I295,43,39.9922859,-74.876179
NJ,I295,34B,39.9112324,-74.9832926
NJ,I295,34A,39.906985000000006,-74.985152
NJ,I295,29,39.873532,-75.040798
NJ,I295,31,39.8737795,-75.0200175
NJ,I295,32,39.880926599999995,-75.0098608
NJ,I295,30,39.872458,-75.037633
NJ,I295,28,39.87242445,-75.08345025
NJ,I295,29A,39.8755105,-75.0507958
NJ,I295,29B,39.8751558,-75.0481555
NJ,I295,27B,39.8725787,-75.1016672
NJ,I295,26,39.867921100000004,-75.10440915000001
NJ,I295,56,40.1224527,-74.718227
NJ,I295,15,39.807604100000006,-75.29054765000001
NJ,I295,24B,39.8592034,-75.1321661
NJ,I295,16A,39.8103568,-75.27861715
NJ,I295,10,39.761759,-75.36098344999999
NJ,I295,16B,39.81167545,-75.2729899
NJ,I295,22,39.8565565,-75.1628744
NJ,I295,11A,39.776236,-75.341639
NJ,I295,11,39.778463,-75.339631
NJ,I295,25A,39.8591128,-75.1251727
NJ,I295,25B,39.85964,-75.121766
NJ,I295,23,39.86040525,-75.1471731
NJ,I295,2122,39.8427005,-75.1882622
NJ,I295,19,39.828705,-75.22174705
NJ,I295,21,39.8458379,-75.1830167
NJ,I295,17,39.81574195,-75.2558436
NJ,I295,13,39.8043682,-75.310174
NJ,I295,69A,40.2856617,-74.72953279999999
NJ,I295,75,40.2756277,-74.8295032
NJ,I295,67,40.2852128,-74.6999521
NJ,I295,67AB,40.277882,-74.691302
NJ,I295,68B,40.2858148,-74.71976955
NJ,I295,63,40.2363,-74.7016534
NJ,I295,65B,40.2521526,-74.6962958
NJ,I295,73AB,40.2894773,-74.800762
NJ,I295,68A,40.2861752,-74.7110153
NJ,I295,72,40.29087795,-74.78339025
NJ,I295,63AB,40.2283989,-74.6988308
NJ,I295,71A,40.2872907,-74.7568235
NJ,I295,60BA,40.190367,-74.7195775
NJ,I295,60,40.17617,-74.722233
NJ,I295,65BA,40.2566271,-74.6945153
NJ,I295,71B,40.287484,-74.758212
NJ,I295,61A,40.198646350000004,-74.7128193
NJ,I295,65A,40.2489004,-74.6980295
NJ,I295,76,40.2607941,-74.84426825
NJ,I295,62,40.20804,-74.707443
NJ,I295,69B,40.285864700000005,-74.73407325
NJ,I295,61B,40.1994711,-74.7117441
NJ,I295,1A,39.6819603,-75.4995395
NJ,I295,2B,39.6831775,-75.48114
NJ,I295,1C,39.67979415,-75.48545515
NJ,I295,4,39.708405600000006,-75.44682035
NJ,I295,7,39.732427799999996,-75.40619875
NJ,I295,1,39.6803277,-75.4929292
NJ,I295,2C,39.6852382,-75.478766
NJ,I295,2BC,39.6810148,-75.4826805
NJ,I295,2A,39.6796632,-75.483682
NJ,I295,1B,39.6802714,-75.4943691
NJ,I295,14,39.8055825,-75.3031601
NJ,I295,18,39.82072205,-75.24025415
NJ,I295,20,39.8369605,-75.2012983
NJ,I295,24A,39.8601421,-75.1374273
NJ,I295,64,40.2422473,-74.7015269
NJ,I295,11B,39.7780786,-75.3394669
NJ,I295,73BA,40.2856428,-74.8188233
NJ,I295,27A,39.8651681,-75.1061288
NJ,I55,,,
NJ,I78,3,40.6694141,-75.134591
NJ,I78,4,40.6693682,-75.0999527
NJ,I78,12,40.63546885,-74.96885935
NJ,I78,29,40.64353115,-74.6465825
NJ,I78,48,40.711928900000004,-74.3225706
NJ,I78,49B,40.7136427,-74.2996192
NJ,I78,57,40.7097378,-74.1829846
NJ,I78,14B,40.70268525,-74.06680130000001
NJ,I78,14A,40.687206149999994,-74.09875335000001
NJ,I78,15,40.63145969999999,-74.91723525
NJ,I78,16,40.636927,-74.9004
NJ,I78,13,40.6333951,-74.9372183
NJ,I78,7,40.6600959,-75.0705184
NJ,I78,20B,40.6471328,-74.8291166
NJ,I78,24,40.6506804,-74.7539916
NJ,I78,11,40.64414155,-74.99857065
NJ,I78,36,40.6477118,-74.52250705
NJ,I78,33,40.6466676,-74.575163
NJ,I78,26,40.6444133,-74.71642220000001
NJ,I78,40,40.65192025,-74.45486505
NJ,I78,41,40.66048945,-74.43500374999999
NJ,I78,49A,40.7134762,-74.301716
NJ,I78,17,40.63833055,-74.8896334
NJ,I78,18,40.64095535,-74.874855
NJ,I78,50B,40.7142009,-74.278235
NJ,I78,50A,40.7144234,-74.28123
NJ,I78,52,40.7063673,-74.2512586
NJ,I78,55,40.7166538,-74.2167137
NJ,I78,58B,40.7093182,-74.1602678
NJ,I78,58A,40.7105285,-74.174944
NJ,I78,56,40.711622625000004,-74.19733252500001
NJ,I78,58AB,40.7102665,-74.1813813
NJ,I78,43,40.6711985,-74.4088036
NJ,I78,44,40.678921,-74.3980793
NJ,I78,45,40.6955792,-74.371288
NJ,I78,20A,40.6473573,-74.8335269
NJ,I78,6,40.6668265,-75.0955343
NJ,I78,54,40.7076028,-74.232008
NJ,I80,43,40.8627449,-74.4004903
NJ,I80,61,40.90194365,-74.1261325
NJ,I80,34,40.9077553,-74.580748
NJ,I80,37,40.91005355,-74.50626585
NJ,I80,25,40.903919,-74.7225705
NJ,I80,48,40.8627583,-74.3363166
NJ,I80,27AB,40.8905959,-74.7025973
NJ,I80,35B,40.910851,-74.5431226
NJ,I80,47,40.8612863,-74.3642869
NJ,I80,45,40.8611794,-74.39697555000001
NJ,I80,34A,40.9091326,-74.5728402
NJ,I80,30,40.8976738,-74.63396215
NJ,I80,28,40.892572799999996,-74.6662716
NJ,I80,42AC,40.867237,-74.447376
NJ,I80,35,40.910513,-74.5511027
NJ,I80,35A,40.9107441,-74.5487488
NJ,I80,26,40.8911418,-74.7085405
NJ,I80,34B,40.9104471,-74.5632315
NJ,I80,39,40.8912925,-74.481666
NJ,I80,27A,40.8906362,-74.6982671
NJ,I80,27B,40.8904509,-74.6939147
NJ,I80,42AB,40.8657362,-74.430126
NJ,I80,47A,40.8589042,-74.37563370000001
NJ,I80,56B,40.9040052,-74.193435
NJ,I80,56A,40.902338,-74.1956344
NJ,I80,56,40.905264,-74.1904908
NJ,I80,53,40.8968653,-74.2522199
NJ,I80,55A,40.8968627,-74.2230284
NJ,I80,58BA,40.9013108,-74.1509205
NJ,I80,57BA,40.9082359,-74.1725881
NJ,I80,57B,40.90806,-74.1725384
NJ,I80,57C,40.9076116,-74.1690564
NJ,I80,55B,40.8969843,-74.2184865
NJ,I80,54,40.8995418,-74.2348107
NJ,I80,60,40.90164665,-74.1365574
NJ,I80,58AB,40.9064988,-74.1639232
NJ,I80,59,40.9020024,-74.1359732
NJ,I80,19,40.917119299999996,-74.81110484999999
NJ,I80,12,40.92490755,-74.9592701
NJ,I80,4A,40.9321173,-75.099873
NJ,I80,4B,40.9298684,-75.0966045
NJ,I80,4C,40.9273261,-75.0889137
NJ,I80,4ABC,40.9274869,-75.0843135
NJ,I80,67,40.8669971,-74.0331166
NJ,I80,70AB,40.8642832,-74.0104613
NJ,I80,69,40.86829385,-74.00401260000001
NJ,I80,52,40.8939788,-74.2737009
NJ,I80,62,40.9031578,-74.0921919
NJ,I80,63,40.89206105,-74.07551695000001
NJ,I80,65,40.8688377,-74.05533685
NJ,I80,64A,40.8748739,-74.061527
NJ,I80,66,40.86698775000001,-74.0425566
NJ,I80,1,40.9737138,-75.133939
NJ,I80,62AB,40.9035512,-74.1017902
NJ,I80,47B,40.859815,-74.3659061
NJ,I80,38,40.8967236,-74.4878244
NJ,I80,64,40.8805711,-74.0654216
NJ,I80,64B,40.8722597,-74.0592566
NJ,I80,57A,40.9085897,-74.1757531
NJ,I84,,,
NJ,I95,73,40.8556535,-73.969933675
NJ,I95,72B,40.85645965,-73.9720339
NJ,I95,72,40.8616797,-73.9752244
NJ,I95,16W,40.79988445,-74.07580225000001
NJ,I95,19W,40.81777355,-74.04384155
NJ,I95,6,40.10334,-74.72389285
NJ,I95,7,40.126662675,-74.6971782
NJ,I95,1414C,40.710057225,-74.1453681
NJ,I95,15W,40.75393003333333,-74.11575096666667
NJ,I95,12,40.5957911,-74.23393335
NJ,I95,10,40.52658925,-74.34102067500001
NJ,I95,11,40.54503665,-74.2891585
NJ,I95,8A,40.3512839,-74.47314885
NJ,I95,13A,40.665431725000005,-74.181619225
NJ,I95,13,40.63797365,-74.20793607499999
NJ,I95,9,40.4798737,-74.403536
NJ,I95,17,40.7901987,-74.0472638
NJ,I95,15E,40.73065423333333,-74.12663606666666
NJ,I95,15X,40.7607587,-74.07902050000001
NJ,I95,70AB,40.8611051,-74.01122
NJ,I95,68,40.85570115,-74.0133853
NJ,I95,70,40.8717094,-74.0000456
NJ,I95,69,40.86829385,-74.00401260000001
NJ,I95,72A,40.8578328,-73.9734357
NJ,I95,16E,40.7723293,-74.061283
NJ,I95,74,40.8534734,-73.9615915
NJ,I95,7A,40.19421945,-74.600708375
NJ,I95,8,40.264366275,-74.511144025
NJ,I95,71,40.872074,-73.980546
NJ,SR55,,,
NJ,SR78,,,
NJ,US206,27AB,40.8905959,-74.7025973
NJ,US206,26,40.8911418,-74.7085405
NJ,US206,25,40.9031616,-74.7216252
NM,I10,82B,32.27120845,-107.7524875
NM,I10,81,32.267597499999994,-107.78009695
NM,I10,68,32.241353700000005,-107.99349395
NM,I10,62,32.2290768,-108.08535855
NM,I10,24,32.3394634,-108.6798623
NM,I10,20A,32.3545531,-108.7483552
NM,I10,135,32.2812592,-106.88366925
NM,I10,139,32.2939734,-106.81013985
NM,I10,144,32.2598985,-106.73289865000001
NM,I10,3,32.22750765,-108.98899835
NM,I10,116,32.24132885,-107.1942868
NM,I10,151,32.1737859,-106.6697446
NM,I10,127,32.26239585,-107.00693655
NM,I10,34,32.26989865,-108.5357928
NM,I10,49,32.192559599999996,-108.30611139999999
NM,I10,42,32.201785,-108.42234350000001
NM,I10,22,32.34276815,-108.7132349
NM,I10,15,32.317743449999995,-108.81512244999999
NM,I10,20,32.3515664,-108.7371194
NM,I10,29,32.31223425,-108.60765535
NM,I10,102,32.238768699999994,-107.41573205
NM,I10,55,32.212111500000006,-108.20307875
NM,I10,85,32.276506350000005,-107.712286
NM,I10,82A,32.2703137,-107.75972405
NM,I10,5,32.2379283,-108.953569
NM,I10,11,32.28021165,-108.8802479
NM,I10,0,32.0007469,-106.5829107
NM,I10,162,32.024868,-106.58867749999999
NM,I10,155,32.125798,-106.63926515
NM,I10,142,32.279321,-106.76599955
NM,I10,140,32.28996454999999,-106.7911807
NM,I10,132,32.27202805,-106.92211395
NM,I24,,,
NM,I25,234,35.204025099999996,-106.57706745
NM,I25,223,35.069578699999994,-106.63951449999999
NM,I25,213,34.9482373,-106.69344455000001
NM,I25,222,35.056032,-106.63765
NM,I25,222B,35.062662,-106.638696
NM,I25,227,35.12334370000001,-106.6207976
NM,I25,221,35.047438,-106.6378725
NM,I25,215,34.9562495,-106.66466
NM,I25,224,35.0764616,-106.6386982
NM,I25,228,35.13243645,-106.6101826
NM,I25,209,34.904798,-106.72406699999999
NM,I25,233,35.18411315,-106.58163945
NM,I25,226BA,35.0985532,-106.6317662
NM,I25,220,35.023579600000005,-106.63881985
NM,I25,226AB,35.1094927,-106.6279343
NM,I25,224A,35.0841823,-106.6364724
NM,I25,232,35.17245565,-106.58429004999999
NM,I25,230,35.149659549999996,-106.58952245
NM,I25,222A,35.059632,-106.63829
NM,I25,231,35.1581649,-106.58753195
NM,I25,229,35.1423955,-106.59486100000001
NM,I25,225,35.094961600000005,-106.63295375
NM,I25,419,36.44899565,-104.5954429
NM,I25,446,36.8182484,-104.44336129999999
NM,I25,426,36.53910965,-104.5402184
NM,I25,412,36.351532750000004,-104.60677955
NM,I25,1,32.2890469,-106.73928095
NM,I25,19,32.496483850000004,-106.90185095000001
NM,I25,9,32.390298650000005,-106.80797665
NM,I25,6,32.3482429,-106.76979935
NM,I25,41,32.68350855,-107.15422805
NM,I25,35,32.67660505,-107.0607326
NM,I25,3,32.3137715,-106.74740175
NM,I25,32,32.670792750000004,-107.01001335
NM,I25,240,35.2957344,-106.54280385
NM,I25,242,35.3162922,-106.53333549999999
NM,I25,356,35.70004065,-105.09992754999999
NM,I25,294,35.547613,-105.82859314999999
NM,I25,330,35.39550595,-105.32359819999999
NM,I25,267,35.521361049999996,-106.18166
NM,I25,284,35.6360947,-105.932357
NM,I25,271,35.5531208,-106.11886799999999
NM,I25,282BA,35.6316197,-105.9640705
NM,I25,282A,35.6348024,-105.95661
NM,I25,282B,35.6369088,-105.950143
NM,I25,323,35.39645085,-105.44572015
NM,I25,352,35.67776055,-105.17038314999999
NM,I25,307,35.49353445,-105.67300814999999
NM,I25,361,35.745182549999996,-105.0282843
NM,I25,319,35.406118500000005,-105.49211840000001
NM,I25,299,35.58317005,-105.7677405
NM,I25,297,35.57963815,-105.7929705
NM,I25,264,35.51592545,-106.22583295
NM,I25,100,33.447900000000004,-107.23835865
NM,I25,51,32.78452105,-107.26398365
NM,I25,156,34.15759,-106.91787604999999
NM,I25,83,33.223675549999996,-107.25702705
NM,I25,115,33.63673705,-107.121042
NM,I25,75,33.1135687,-107.29897805
NM,I25,92,33.33063935,-107.29391665
NM,I25,79,33.1555096,-107.25342950000001
NM,I25,71,33.064257999999995,-107.3086753
NM,I25,63,32.95366575,-107.3153328
NM,I25,139,33.92078055,-106.88052730000001
NM,I25,59,32.894076600000005,-107.31034754999999
NM,I25,152,34.102315000000004,-106.90055255
NM,I25,147,34.03943815,-106.8897288
NM,I25,124,33.7371162,-107.01215930000001
NM,I25,190,34.63032595,-106.78279115000001
NM,I25,203,34.81457045,-106.761094
NM,I25,195,34.713388300000005,-106.78991565
NM,I25,191,34.653246800000005,-106.79495105000001
NM,I25,290,35.554473349999995,-105.87864575
NM,I25,224B,35.090509,-106.6349779
NM,I25,89,33.293655099999995,-107.28611685
NM,I25,175,34.41854085,-106.8387304
NM,I25,150,34.078543350000004,-106.89441984999999
NM,I25,163,34.2537689,-106.90874805
NM,I25,169,34.34936635,-106.87661355
NM,I25,248,35.37865995,-106.46934279999999
NM,I25,259,35.47042295,-106.3041025
NM,I25,257,35.45910285,-106.33151685
NM,I25,252,35.4177804,-106.40509
NM,I25,343,35.5685625,-105.21929399999999
NM,I25,347,35.624665449999995,-105.20305475
NM,I25,339,35.5203565,-105.24977905
NM,I25,335,35.460977650000004,-105.277153
NM,I25,278,35.6060442,-106.0348915
NM,I25,276,35.59060925,-106.06227000000001
NM,I25,460,36.98829955,-104.48219765
NM,I25,454,36.91806905,-104.4460709
NM,I25,451,36.88504055,-104.4310426
NM,I25,452,36.900635449999996,-104.4251084
NM,I25,450,36.864114400000005,-104.4391006
NM,I25,435,36.66316895,-104.49416905
NM,I25,345,35.5948706,-105.2091455
NM,I25,364,35.7800484,-104.99163165
NM,I25,366,35.80798825,-104.97919845000001
NM,I25,387,36.01188715000001,-104.70793755
NM,I25,393,36.08704765,-104.688368
NM,I25,404,36.2477678,-104.6480909
NM,I25,414,36.387415,-104.59611050000001
NM,I40,175,35.0841491,-106.38697450000001
NM,I40,161,35.103643500000004,-106.587598
NM,I40,157A,35.1054478,-106.67122
NM,I40,155,35.105519799999996,-106.7043572
NM,I40,162,35.09723935,-106.56823700000001
NM,I40,153,35.0852771,-106.7475395
NM,I40,165,35.083289449999995,-106.53286465
NM,I40,167,35.068653,-106.4949099
NM,I40,158,35.106081450000005,-106.6515435
NM,I40,154,35.0941025,-106.729997
NM,I40,178,35.106315800000004,-106.341877
NM,I40,160,35.10508275,-106.60380119999999
NM,I40,159CB,35.1051874,-106.640894
NM,I40,181,35.100115450000004,-106.2837542
NM,I40,164,35.090062700000004,-106.5503966
NM,I40,159A,35.1069774,-106.6524466
NM,I40,159BC,35.1072891,-106.619938
NM,I40,170,35.0621849,-106.46920399999999
NM,I40,166,35.076438800000005,-106.51504019999999
NM,I40,157B,35.1062437,-106.6626856
NM,I40,140,35.033299799999995,-106.9407884
NM,I40,159D,35.1071565,-106.6128987
NM,I40,149,35.06524985,-106.78728989999999
NM,I40,102,35.07425775,-107.56134225
NM,I40,117,35.01168265,-107.32169845
NM,I40,79,35.1822808,-107.90202135
NM,I40,72,35.26175185,-107.975877
NM,I40,89,35.0846406,-107.77038205
NM,I40,108,35.03364795,-107.47289995
NM,I40,96,35.07466795,-107.65504035000001
NM,I40,104,35.05611335,-107.5206687
NM,I40,85,35.124151749999996,-107.82976654999999
NM,I40,126,34.9833773,-107.17151415000001
NM,I40,243A,34.9875488,-105.2106003
NM,I40,277,34.94790089999999,-104.64162905
NM,I40,267,34.968885,-104.79157595000001
NM,I40,263,34.970110649999995,-104.86811105
NM,I40,256,34.97643975,-104.9909911
NM,I40,252,34.980605600000004,-105.07293665
NM,I40,47,35.4236174,-108.31220545
NM,I40,8,35.451737,-108.95140814999999
NM,I40,63,35.363231299999995,-108.0521337
NM,I40,36,35.49168495,-108.48686219999999
NM,I40,331,35.15265575,-103.74523285000001
NM,I40,332,35.15151695,-103.7250919
NM,I40,333,35.1561764,-103.7023633
NM,I40,335,35.168966850000004,-103.67670605
NM,I40,339,35.1725151,-103.6190449
NM,I40,343,35.173309849999995,-103.52477339999999
NM,I40,311,35.0928746,-104.07034905
NM,I40,321,35.11892575,-103.89391724999999
NM,I40,329,35.151392799999996,-103.77722865
NM,I40,361,35.12417395,-103.24431695
NM,I40,44,35.446028850000005,-108.3629988
NM,I40,33,35.51079075,-108.53982785
NM,I40,39,35.480360399999995,-108.43686794999999
NM,I40,26,35.5301869,-108.66764575
NM,I40,22,35.53319605,-108.72700265
NM,I40,53,35.39652485,-108.2246169
NM,I40,187,35.0638305,-106.19180399999999
NM,I40,194,35.01430565,-106.06962419999999
NM,I40,234A,34.9953921,-105.3724207
NM,I40,234B,34.9956328,-105.3773589
NM,I40,203,35.0065812,-105.91384085
NM,I40,226,35.005880149999996,-105.52022984999999
NM,I40,208,35.00511625,-105.82484489999999
NM,I40,196,35.008204,-106.04431985
NM,I40,197,35.0057254,-106.01762099999999
NM,I40,218,35.00837425,-105.66421270000001
NM,I40,239,34.991488700000005,-105.2936428
NM,I40,230,34.9987328,-105.4440489
NM,I40,234,34.9958356,-105.3859974
NM,I40,243,34.987931200000006,-105.22053855
NM,I40,273,34.9469023,-104.7095981
NM,I40,369,35.17263585,-103.1031926
NM,I40,16,35.5049134,-108.8315978
NM,I40,20,35.52764365,-108.76040945
NM,I40,100,35.07506315,-107.59365675000001
NM,I40,275,34.944662,-104.67283555
NM,I40,81,35.1514483,-107.8687667
NM,I40,81A,35.155802,-107.8782708
NM,I40,81B,35.1534407,-107.8735087
NM,I40,356,35.112116549999996,-103.33061599999999
NM,I40,291,35.03194225,-104.4079874
NM,I40,284,35.002375900000004,-104.52560980000001
NM,I40,300,35.06567725,-104.267248
NM,I40,114,35.03829795,-107.36323254999999
NM,I40,131,34.989088550000005,-107.0958067
NV,I11,85,36.24050055,-115.24682685
NV,I11,68,36.100386549999996,-115.08031585
NV,I11,75A,36.1747683,-115.1420858
NV,I11,17B,35.9957058,-114.9344949
NV,I11,17A,35.9931609,-114.9297493
NV,I11,82A,36.1915119,-115.2443225
NV,I11,70,36.13571975,-115.0901195
NV,I11,76B,36.1746736,-115.1502722
NV,I11,64A,36.0636923,-115.03187410000001
NV,I11,73,36.1678576,-115.11651845
NV,I11,19,35.999975449999994,-114.96310115
NV,I11,76B–C,36.1751819,-115.1742787
NV,I11,65,36.08308735,-115.049407
NV,I11,20,36.0114761,-114.9903798
NV,I11,72,36.158658349999996,-115.09229205
NV,I11,80,36.1739427,-115.22516765
NV,I11,69,36.11435245,-115.082698
NV,I11,82,36.2012886,-115.2446849
NV,I11,76A,36.175284899999994,-115.1538558
NV,I11,77,36.17561345,-115.1736736
NV,I11,81B,36.1747637,-115.2411248
NV,I11,17,35.9989542,-114.9433191
NV,I11,23,36.0370516,-115.015321
NV,I11,64B,36.06975885,-115.03569515000001
NV,I11,93,36.29894005,-115.28635865000001
NV,I11,2,36.00914,-114.77439275
NV,I11,82B,36.1954836,-115.2443753
NV,I11,90A,36.2499774,-115.2465916
NV,I11,91B,36.27820355,-115.26752035
NV,I11,83,36.21807895,-115.24660205
NV,I11,95,36.31484245,-115.30090025000001
NV,I11,62,36.0459459,-115.022887
NV,I11,81,36.1824858,-115.2446065
NV,I11,76C,36.1742353,-115.1541297
NV,I11,75B,36.1754726,-115.1446371
NV,I11,75,36.1717305,-115.1331539
NV,I11,79,36.175004799999996,-115.20360675
NV,I11,14,35.95309115,-114.90245685
NV,I11,15A,35.9659463,-114.9124285
NV,I11,15B,35.9736327,-114.9145812
NV,I11,90B,36.254498,-115.2467993
NV,I11,96,36.32643245,-115.311469
NV,I11,91A,36.279644000000005,-115.26879215
NV,I11,78,36.176033,-115.186603
NV,I11,81C,36.1737352,-115.2362962
NV,I11,81A,36.173747,-115.2367837
NV,I580,33B,39.5068064,-119.7803289
NV,I580,29,39.44973865,-119.77561555
NV,I580,32,39.49210805,-119.78478225
NV,I580,28,39.4386436,-119.76449325
NV,I580,31,39.4845299,-119.7862349
NV,I580,26,39.421990449999996,-119.75141909999999
NV,I580,34,39.519586950000004,-119.78277655
NV,I580,25A,39.4159522,-119.7470143
NV,I580,35,39.525480099999996,-119.78383325
NV,I580,10,39.21242205,-119.8060651
NV,I580,12,39.246670699999996,-119.8136741
NV,I580,33,39.5019426,-119.7822762
NV,I580,36A,39.5302952,-119.7848416
NV,I580,36B,39.5337466,-119.7875877
NV,I580,30,39.47001725,-119.78847725
NV,I580,24,39.396503949999996,-119.7569829
NV,I580,6,39.18974575,-119.7548238
NV,I580,8,39.2053069,-119.788959
NV,I580,7,39.1947791,-119.7701016
NV,I580,33A,39.5129969,-119.7813757
NV,I580,5,39.174543400000005,-119.74066145
NV,I580,16,39.305446399999994,-119.8250917
NV,I580,3,39.1494188,-119.7449762
NV,I580,25B,39.4101011,-119.7492983
NV,I80,65,39.79094995,-119.02061445
NV,I80,78,39.9128648,-118.82136595
NV,I80,83,39.9428031,-118.74776705
NV,I80,303,40.8524604,-115.74884094999999
NV,I80,343,41.098541850000004,-115.11020895
NV,I80,365,41.09016065,-114.71016
NV,I80,301,40.8352634,-115.78909375
NV,I80,321,40.95821975,-115.4686529
NV,I80,271,40.658363800000004,-116.26208790000001
NV,I80,254,40.696210300000004,-116.5563239
NV,I80,261,40.6628151,-116.44043485
NV,I80,410,40.7399073,-114.0581611
NV,I80,317,40.94929995,-115.55143495
NV,I80,348,41.11081375,-115.03904109999999
NV,I80,376,41.06055365,-114.52495015
NV,I80,173,40.93111025,-117.79981615
NV,I80,328,41.03042105,-115.3823624
NV,I80,200,40.92110649999999,-117.39178125000001
NV,I80,387,40.9459655,-114.365078
NV,I80,352A,41.098441,-114.952074
NV,I80,351,41.1039569,-114.9742531
NV,I80,352B,41.097991,-114.94309
NV,I80,205,40.89568775,-117.29471855
NV,I80,216,40.7917104,-117.1286777
NV,I80,194,40.94684255,-117.48749000000001
NV,I80,268,40.64943465,-116.30063129999999
NV,I80,212,40.8405919,-117.19084575
NV,I80,222,40.734586,-117.0552145
NV,I80,178,40.98040335,-117.7250757
NV,I80,168,40.8971066,-117.89069334999999
NV,I80,203,40.909048,-117.3228164
NV,I80,360,41.1127111,-114.8033202
NV,I80,244,40.6628584,-116.73563135
NV,I80,229,40.65388125,-116.95628345
NV,I80,233,40.6223046,-116.913704
NV,I80,282,40.724851900000004,-116.0835687
NV,I80,180,40.987262900000005,-117.6946059
NV,I80,310,40.9336644,-115.66530904999999
NV,I80,352,41.1008542,-114.9623327
NV,I80,176,40.9542031,-117.75344275
NV,I80,280,40.7219795,-116.1075685
NV,I80,378,41.029768000000004,-114.4895365
NV,I80,187,41.01929925,-117.57815405
NV,I80,398,40.842914,-114.20929480000001
NV,I80,373,41.0772354,-114.56905334999999
NV,I80,292,40.76657025,-115.9202625
NV,I80,298,40.80923975,-115.82471430000001
NV,I80,333,41.07218455,-115.29394504999999
NV,I80,279,40.7185125,-116.13289714999999
NV,I80,314,40.94956185,-115.5943734
NV,I80,46,39.6162421,-119.2661135
NV,I80,48,39.614245499999996,-119.2204403
NV,I80,50,39.62304895,-119.20123325
NV,I80,106,40.178850749999995,-118.4710263
NV,I80,119,40.3331075,-118.3206952
NV,I80,105,40.1622409,-118.4880381
NV,I80,138,40.595225049999996,-118.2544485
NV,I80,149,40.679351249999996,-118.0690785
NV,I80,158,40.788012050000006,-118.00004419999999
NV,I80,129,40.4665425,-118.285044
NV,I80,145,40.65725140000001,-118.14576875
NV,I80,112,40.2434234,-118.3880084
NV,I80,107,40.1907761,-118.4577368
NV,I80,23,39.520148,-119.62842395
NV,I80,93,40.06067695,-118.6512089
NV,I80,21,39.526172900000006,-119.7016681
NV,I80,18,39.53421925,-119.752261
NV,I80,22,39.51112865,-119.65547525
NV,I80,10,39.5229468,-119.8640192
NV,I80,1,39.497394,-119.998041
NV,I80,2,39.50213345,-119.99885760000001
NV,I80,3,39.514141,-119.986257
NV,I80,7,39.5144938,-119.92531435000001
NV,I80,151,40.6994897,-118.0511037
NV,I80,40,39.59195005,-119.3699924
NV,I80,13,39.534773099999995,-119.8153098
NV,I80,14,39.53655805,-119.80215755
NV,I80,12,39.5294363,-119.83039755
NV,I80,9,39.5162536,-119.88550065000001
NV,I80,4,39.511649,-119.967834
NV,I80,17,39.53396495,-119.76633665
NV,I80,20,39.52812350000001,-119.71500455
NV,I80,36,39.58945775,-119.42821705
NV,I80,19,39.5324002,-119.737139
NV,I80,38,39.58970385000001,-119.39090415
NV,I80,5,39.5115125,-119.9459544
NV,I80,8,39.5154194,-119.9172729
NV,I80,43,39.61543925,-119.30913505000001
NV,I80,16,39.5355459,-119.77767750000001
NV,I80,32,39.56661835,-119.486885
NV,I80,231,40.6376135,-116.94682025
NV,I80,28,39.55629595,-119.56067469999999
NV,I80,407,40.7525061,-114.11372205
NV,I80,15,39.5355532,-119.78531525
NV,SR395,,,
NV,US395,80,39.64376315,-119.95845030000001
NV,US395,33B,39.5068064,-119.7803289
NV,US395,73,39.59922615,-119.8365982
NV,US395,70A,39.5521331,-119.7877676
NV,US395,29,39.44973865,-119.77561555
NV,US395,78,39.6256594,-119.91582285
NV,US395,32,39.49210805,-119.78478225
NV,US395,28,39.4386436,-119.76449325
NV,US395,31,39.4845299,-119.7862349
NV,US395,74,39.6105769,-119.85089235000001
NV,US395,72,39.5909152,-119.82757235
NV,US395,26,39.421990449999996,-119.75141909999999
NV,US395,34,39.519586950000004,-119.78277655
NV,US395,25A,39.4159522,-119.7470143
NV,US395,71,39.57303355,-119.80869065
NV,US395,35,39.525480099999996,-119.78383325
NV,US395,10,39.21242205,-119.8060651
NV,US395,68,39.5412366,-119.7879819
NV,US395,69,39.545606649999996,-119.78790585
NV,US395,83,39.66767215,-119.99614425
NV,US395,76,39.6187708,-119.88075065
NV,US395,12,39.246670699999996,-119.8136741
NV,US395,33,39.5019426,-119.7822762
NV,US395,36A,39.5302952,-119.7848416
NV,US395,36B,39.5337466,-119.7875877
NV,US395,70B,39.5548918,-119.7878112
NV,US395,30,39.47001725,-119.78847725
NV,US395,24,39.396503949999996,-119.7569829
NV,US395,6,39.18974575,-119.7548238
NV,US395,8,39.2053069,-119.788959
NV,US395,7,39.1947791,-119.7701016
NV,US395,33A,39.5129969,-119.7813757
NV,US395,5,39.174543400000005,-119.74066145
NV,US395,70,39.5618068,-119.797292
NV,US395,16,39.305446399999994,-119.8250917
NV,US395,3,39.1494188,-119.7449762
NV,US395,25B,39.4101011,-119.7492983
NY,I278,16,40.610251500000004,-74.0330553
NY,I278,39W,40.7421587,-73.8973062
NY,I278,11,40.608263550000004,-74.13197245
NY,I278,15,40.60503475,-74.0735329
NY,I278,12,40.61043705,-74.11608015
NY,I278,3,40.6266541,-74.179763
NY,I278,9,40.6104052,-74.15134935
NY,I278,5,40.6233201,-74.17368565000001
NY,I278,7,40.6176301,-74.16173409999999
NY,I278,4,40.6265403,-74.1800435
NY,I278,52,40.8237111,-73.8771863
NY,I278,13B,40.6061391,-74.0756556
NY,I278,46,40.7956252,-73.9217075
NY,I278,47,40.80315385,-73.9142485
NY,I278,6B,40.8310984,-73.8317129
NY,I278,44,40.767058,-73.9040308
NY,I278,40,40.7488071,-73.8961068
NY,I278,45,40.771234199999995,-73.9168537
NY,I278,53,40.8260548,-73.85921935
NY,I278,6,40.6167268,-74.1595053
NY,I278,8,40.6141596,-74.156452
NY,I278,10,40.6076862,-74.1432326
NY,I278,17,40.61541856666667,-74.02671813333333
NY,I278,22,40.6454647,-74.017021
NY,I278,20,40.63225265,-74.01884584999999
NY,I278,21,40.6379855,-74.0207125
NY,I278,24,40.6667224,-73.9962659
NY,I278,23,40.65415365,-74.0078821
NY,I278,19,40.6252823,-74.0190425
NY,I278,25;26,40.676066,-74.0011052
NY,I278,27,40.69053025,-73.99882
NY,I278,28,40.7015856,-73.9899673
NY,I278,48,40.809096049999994,-73.90561500000001
NY,I278,35AB,40.727772,-73.9306312
NY,I278,33,40.7188145,-73.9463359
NY,I278,31,40.7036692,-73.9599755
NY,I278,30,40.695756,-73.964979
NY,I278,35,40.7353155,-73.9187249
NY,I278,39E,40.739556,-73.900591
NY,I278,51,40.8235465,-73.8793763
NY,I278,49,40.8199994,-73.8904099
NY,I278,54,40.82679,-73.852933
NY,I278,39,40.738404,-73.9029572
NY,I278,41,40.7541764,-73.89888934999999
NY,I278,42,40.7544681,-73.8987232
NY,I278,32A,40.7137269,-73.9536634
NY,I278,32,40.7110715,-73.9553341
NY,I278,29B,40.697354,-73.9820111
NY,I278,29,40.6968032,-73.9811344
NY,I278,28A,40.7009651,-73.9945693
NY,I278,28B,40.7015925,-73.9904507
NY,I278,26,40.67855945,-74.0022779
NY,I278,32B,40.7179274,-73.9480003
NY,I278,18,40.6199875,-74.0229313
NY,I278,46A,40.7900272,-73.9265913
NY,I278,29A,40.7002824,-73.9851906
NY,I278,13,40.6102582,-74.1049341
NY,I278,14,40.605928250000005,-74.0783234
NY,I278,13A,40.6089887,-74.0898742
NY,I278,15S;15W,40.6030472,-74.0654579
NY,I278,15N,40.6024764,-74.0629404
NY,I278,50,40.8229017,-73.8842022
NY,I278,34,40.7253841,-73.9327549
NY,I278,43,40.757854,-73.9006219
NY,I390,,,
NY,I481,,,
NY,I490,26,43.078698149999994,-77.4852411
NY,I490,23,43.12933795,-77.5259365
NY,I490,22,43.1392536,-77.5392233
NY,I490,11B,43.1566819,-77.6348358
NY,I490,20,43.14427835,-77.554694
NY,I490,5,43.1209592,-77.7456547
NY,I490,19,43.143196950000004,-77.57546965
NY,I490,10,43.15731605,-77.6598034
NY,I490,14,43.1515095,-77.6124568
NY,I490,7A,43.1424016,-77.71767785
NY,I490,7B,43.1484937,-77.71758075
NY,I490,25,43.10875825,-77.50685204999999
NY,I490,27,43.05709095,-77.47063714999999
NY,I490,17,43.14250225,-77.5945888
NY,I490,3,43.09340735,-77.8844249
NY,I490,4,43.09580185,-77.7995742
NY,I490,21,43.1424143,-77.5476074
NY,I490,11,43.1570842,-77.647245
NY,I490,18,43.14223505,-77.58589380000001
NY,I490,12,43.1565295,-77.6307865
NY,I490,28,43.0452812,-77.4632809
NY,I490,16,43.1463564,-77.6007351
NY,I490,24,43.1190572,-77.5125308
NY,I490,8,43.1577997,-77.7129602
NY,I490,6,43.131931800000004,-77.72174785000001
NY,I490,9B,43.1572665,-77.6797651
NY,I490,11A,43.1567106,-77.6395907
NY,I490,2,43.073819400000005,-77.9344509
NY,I490,1,43.036609,-77.96280300000001
NY,I490,15,43.1509991,-77.6086335
NY,I490,13,43.1560322,-77.6221682
NY,I490,9A,43.157553699999994,-77.68244935
NY,I490,29,43.016893350000004,-77.4415918
NY,I495,27NS,40.744476750000004,-73.77225965
NY,I495,22B,40.7432625,-73.8329812
NY,I495,28,40.7469241,-73.7638468
NY,I495,55,40.8073432,-73.2310157
NY,I495,60,40.81343475,-73.10944855
NY,I495,69,40.8633284,-72.82251385
NY,I495,57,40.809035699999995,-73.18817100000001
NY,I495,70,40.87160514999999,-72.8019853
NY,I495,58,40.8094007,-73.1601026
NY,I495,51,40.797458,-73.34228164999999
NY,I495,61,40.8156704,-73.08465355
NY,I495,64,40.8234668,-72.99760605
NY,I495,68,40.84377505,-72.8902126
NY,I495,48,40.78557615,-73.44510885
NY,I495,49S,40.78168395,-73.42633925
NY,I495,50,40.7889725,-73.37329285
NY,I495,63,40.82326395,-73.0209873
NY,I495,59,40.81240445,-73.12504215
NY,I495,67,40.83211945,-72.91932315
NY,I495,56,40.808173350000004,-73.22155355
NY,I495,66,40.8290916,-72.93689524999999
NY,I495,65,40.822813249999996,-72.97541325
NY,I495,53,40.80481725,-73.27598315
NY,I495,41S,40.784697699999995,-73.5364367
NY,I495,40E,40.78327455,-73.54904435
NY,I495,41N,40.786033,-73.5304437
NY,I495,44,40.7993181,-73.4839118
NY,I495,23,40.741895,-73.82588290000001
NY,I495,26,40.741555,-73.7839685
NY,I495,46,40.7954615,-73.47011144999999
NY,I495,49N,40.782164449999996,-73.41028005
NY,I495,31NS,40.7571958,-73.7390592
NY,I495,29,40.7493716,-73.7551939
NY,I495,30,40.750889,-73.749273
NY,I495,31S,40.7518643,-73.7469899
NY,I495,32,40.7639611,-73.72321755
NY,I495,24,40.7392816,-73.8127388
NY,I495,25,40.739246949999995,-73.79559789999999
NY,I495,19,40.73173345,-73.87293975
NY,I495,16,40.7332701,-73.9207644
NY,I495,71,40.9002959,-72.7430877
NY,I495,72;73,40.9176132,-72.7283481
NY,I495,62,40.819968349999996,-73.05452275
NY,I495,52,40.8042712,-73.300119
NY,I495,45,40.7987732,-73.4811016
NY,I495,44N,40.7993362,-73.4877092
NY,I495,43,40.7938682,-73.51006455000001
NY,I495,43A,40.7979284,-73.5017962
NY,I495,44S,40.7991119,-73.4934305
NY,I495,42,40.78905949999999,-73.52258105
NY,I495,40W,40.78122245,-73.56236985
NY,I495,39,40.783847800000004,-73.6221582
NY,I495,38,40.7844388,-73.6324212
NY,I495,34,40.77018415,-73.6878748
NY,I495,35,40.7694272,-73.6901405
NY,I495,36,40.7788901,-73.66194785
NY,I495,37,40.78432745,-73.64884445000001
NY,I495,20,40.7372007,-73.8528125
NY,I495,21,40.7356488,-73.8585508
NY,I495,22AE,40.7374453,-73.8512205
NY,I495,13,40.7413438,-73.9527328
NY,I495,17WE,40.737155,-73.9326382
NY,I495,15,40.7369917,-73.930661
NY,I495,17W,40.7260964,-73.9025676
NY,I495,18,40.7259355,-73.9008539
NY,I495,22A,40.7431905,-73.8384376
NY,I495,33,40.7671866,-73.70685155000001
NY,I495,14,40.7413238,-73.9524503
NY,I690,15B,43.0515789,-76.14424453333334
NY,I690,18,43.057794,-76.1037735
NY,I690,8,43.1122695,-76.26854399999999
NY,I690,16,43.0517722,-76.1407843
NY,I690,19AC,43.058914,-76.0878042
NY,I690,7A,43.111849,-76.282135
NY,I690,12B,43.071119,-76.204305
NY,I690,19BA,43.0578698,-76.0746199
NY,I690,14,43.0566075,-76.1735234
NY,I690,17,43.0532479,-76.12198805
NY,I690,9,43.1063455,-76.2503405
NY,I690,15A,43.0547113,-76.1582332
NY,I690,12A,43.073861,-76.210212
NY,I690,7B,43.113095,-76.271447
NY,I690,19C,43.057457,-76.068448
NY,I690,13,43.0595787,-76.1860155
NY,I690,7,43.111673,-76.2856
NY,I690,11,43.076438,-76.214391
NY,I690,10,43.0852349,-76.229219
NY,I690,6,43.1118628,-76.2851789
NY,I787,7W,42.70282255,-73.70733745
NY,I787,4A,42.6602031,-73.7385341
NY,I787,9E,42.7376583,-73.6990183
NY,I787,8,42.732595399999994,-73.69908825
NY,I787,1,42.6330375,-73.77296045
NY,I787,5,42.66639605,-73.732995
NY,I787,2,42.635473149999996,-73.75992350000001
NY,I787,3A,42.6500701,-73.748335
NY,I787,6,42.68400815,-73.72085580000001
NY,I787,4B,42.6568146,-73.7425251
NY,I787,7E,42.697007549999995,-73.70910875000001
NY,I787,3,42.6387309,-73.7540076
NY,I787,4,42.6409204,-73.7522276
NY,I787,3B,42.6458619,-73.7493404
NY,I81,12,42.1164162,-75.90790225
NY,I81,8A,42.0955982,-75.8137526
NY,I81,16,42.160148500000005,-75.89657399999999
NY,I81,23,42.233278999999996,-75.9150625
NY,I81,35,42.343773,-75.980541
NY,I81,9,42.1083531,-75.8384394
NY,I81,8,42.1003705,-75.8235358
NY,I81,15,42.139082,-75.90204
NY,I81,29,42.31923,-75.966486
NY,I81,14,42.12641365,-75.90495675
NY,I81,51,42.60926825,-76.16653505
NY,I81,44,42.589285399999994,-76.13003259999999
NY,I81,56,42.622577050000004,-76.1779831
NY,I81,38,42.4401783,-76.0297821
NY,I81,39,42.4586315,-76.0430878
NY,I81,63,42.7464539,-76.1375185
NY,I81,136,43.714046499999995,-76.076053
NY,I81,134,43.6807825,-76.072108
NY,I81,149,43.885591500000004,-76.0010905
NY,I81,143,43.81477555,-76.03333925
NY,I81,157,43.988228649999996,-75.9442098
NY,I81,156,43.976226249999996,-75.94845095
NY,I81,181B,44.2948972,-75.9738524
NY,I81,181A,44.290358499999996,-75.971168
NY,I81,138,43.7376535,-76.07412550000001
NY,I81,172,44.1914235,-75.87939
NY,I81,160,44.03598215,-75.9146559
NY,I81,183,44.310369,-75.9963765
NY,I81,147,43.869365599999995,-76.01479735000001
NY,I81,151,43.913381,-75.9772765
NY,I81,158,44.0012435,-75.9194185
NY,I81,186,44.338636,-75.983196
NY,I81,161,44.0434476,-75.91419529999999
NY,I81,9592,43.119586,-76.129081
NY,I81,11B,43.142436,-76.1114128
NY,I81,6,43.0910186,-76.16566230000001
NY,I81,84A,43.0489934,-76.1425549
NY,I81,74,42.89383495,-76.1104815
NY,I81,1B,43.0029323,-76.1339868
NY,I81,83,43.04352155,-76.14239035
NY,I81,77,42.9584024,-76.13752765000001
NY,I81,5BA,43.083229,-76.172275
NY,I81,96,43.1394259,-76.11592225000001
NY,I81,98,43.1758365,-76.1159945
NY,I81,90,43.0958832,-76.16115325000001
NY,I81,92,43.10632,-76.151096
NY,I81,11A,43.137176,-76.117049
NY,I81,88,43.062383,-76.157856
NY,I81,85,43.0563452,-76.1535741
NY,I81,84,43.0530799,-76.1511119
NY,I81,84B,43.051394,-76.1457109
NY,I81,102,43.23300025,-76.1292083
NY,I81,69,42.799205,-76.122786
NY,I81,17,43.024342,-76.1402619
NY,I81,9596,43.113213,-76.142591
NY,I81,1C,43.0134385,-76.1384563
NY,I81,5AC,43.0686164,-76.1669697
NY,I81,86,43.057554,-76.153974
NY,I81,87,43.0632955,-76.1589875
NY,I81,131,43.644902,-76.0802009
NY,I81,114,43.4074685,-76.1163255
NY,I81,121,43.506597,-76.1212945
NY,I81,106,43.286221,-76.1252935
NY,I81,118,43.4574835,-76.11951049999999
NY,I81,125,43.552447,-76.113843
NY,I81,126,43.5705229,-76.1137902
NY,I81,4,42.042894399999994,-75.7928808
NY,I81,8B,42.0983172,-75.8175751
NY,I81,10,42.1153311,-75.8851268
NY,I81,11,42.1150293,-75.8980835
NY,I81,1A,43.0117505,-76.1375508
NY,I86,60,41.99954945,-76.54771375
NY,I86,78,42.08606235,-75.69650755
NY,I86,75,42.1003952,-75.8110646
NY,I86,77,42.09370105,-75.7566247
NY,I86,79,42.0741087,-75.6483861
NY,I86,9,42.1303314,-77.61127830000001
NY,I86,76,42.1000123,-75.79285834999999
NY,I86,4A,42.1127628,-75.9104972
NY,I86,72B,42.1113616,-75.9144686
NY,I86,67S,42.0911179,-76.0482545
NY,I86,72A,42.1128803,-75.9216894
NY,I86,57,42.0292611,-76.72180255
NY,I86,62,42.02611005,-76.3810248
NY,I86,64,42.0974921,-76.25767235
NY,I86,49,42.141235449999996,-76.9411772
NY,I86,65,42.087868549999996,-76.2277885
NY,I86,59A,42.00082905,-76.58793560000001
NY,I86,59,42.00734295,-76.6289838
NY,I86,50,42.14929525,-76.91173445
NY,I86,52A,42.1604322,-76.84429510000001
NY,I86,52B,42.16156755,-76.84446399999999
NY,I86,61,42.00012945,-76.52715459999999
NY,I86,63,42.06358015,-76.32614595
NY,I86,66,42.0630185,-76.14384445
NY,I86,31,42.2999115,-78.012696
NY,I86,35,42.366277,-77.508254
NY,I86,40,42.288756,-77.224981
NY,I86,34N,42.3754627,-77.6714617
NY,I86,48,42.12786800000001,-76.9799535
NY,I86,30,42.2599745,-78.0628945
NY,I86,37,42.3784015,-77.3622925
NY,I86,28,42.223854,-78.2790055
NY,I86,38,42.3390305,-77.33572674999999
NY,I86,33,42.322846150000004,-77.7430568
NY,I86,45,42.156121549999995,-77.08208404999999
NY,I86,43,42.171227200000004,-77.1051746
NY,I86,29,42.211775700000004,-78.1446375
NY,I86,41,42.228598500000004,-77.1860985
NY,I86,47,42.125398000000004,-77.02143
NY,I86,32,42.305837,-77.87722500000001
NY,I86,36,42.387046049999995,-77.3806498
NY,I86,42,42.186255349999996,-77.14275574999999
NY,I86,34B,42.371283,-77.675463
NY,I86,39,42.315816,-77.2816295
NY,I86,34A,42.3678613,-77.681026
NY,I86,34S,42.369915,-77.677771
NY,I86,46,42.1554724,-77.05243885
NY,I86,44A,42.1541376,-77.0894487
NY,I86,44AB,42.1615763,-77.1017852
NY,I86,17,42.105166499999996,-78.8990855
NY,I86,20,42.1528215,-78.75005949999999
NY,I86,27,42.175681499999996,-78.38195300000001
NY,I86,19,42.1088225,-78.78023400000001
NY,I86,26,42.102603,-78.4265745
NY,I86,23,42.088124500000006,-78.6302025
NY,I86,25,42.090292500000004,-78.45368450000001
NY,I86,15,42.160880000000006,-79.03294600000001
NY,I86,21,42.1506685,-78.706205
NY,I86,16,42.158846,-78.99461500000001
NY,I86,24,42.102704,-78.5081074
NY,I86,18,42.09954,-78.848083
NY,I86,8,42.151688699999994,-79.40661575
NY,I86,6,42.152272499999995,-79.593842
NY,I86,4,42.13094495,-79.74249705
NY,I86,7,42.156923500000005,-79.473903
NY,I86,11,42.122028766666666,-78.1471545
NY,I86,13,42.130514000000005,-79.1894605
NY,I86,12,42.11977253333333,-78.1282668
NY,I86,14,42.143790499999994,-79.08839549999999
NY,I86,10,42.13340505,-77.6263964
NY,I86,53,42.15796875,-76.82652385
NY,I86,54,42.1503322,-76.80661615
NY,I86,58,42.0277459,-76.68416715000001
NY,I86,56,42.09316965,-76.78475524999999
NY,I86,51B,42.1598365,-76.8620177
NY,I86,51A,42.1568089,-76.8774098
NY,I86,44B,42.1545138,-77.0802092
NY,I86,72,42.1132673,-75.9233169
NY,I88,,,
NY,I90,,,
NY,I99,8,42.110437000000005,-77.153121
NY,I99,6,42.086085,-77.1561055
NY,I99,11,42.1413274,-77.1167595
NY,I99,12,42.1507451,-77.1025104
NY,SR17,,,
NY,SR79,,,
NY,US81,,,
OH,I270,2,39.903867500000004,-83.075721
OH,I270,5,39.9232827,-83.11909465
OH,I270,29,40.100569300000004,-82.9248992
OH,I270,26,40.11005965,-82.98064955
OH,I270,35A,40.019903,-82.904427
OH,I270,27,40.1054818,-82.94952415
OH,I270,10,40.0021725,-83.11852395
OH,I270,35B,40.015201,-82.903639
OH,I270,37,40.004602500000004,-82.8677785
OH,I270,17A,40.0966109,-83.13597340000001
OH,I270,7B,39.9578157,-83.1192117
OH,I270,22,40.11197475,-83.03232315
OH,I270,39,39.9786347,-82.8519336
OH,I270,23,40.1119247,-83.02199945
OH,I270,32,40.0571037,-82.90355105
OH,I270,52A,39.8741928,-82.9974407
OH,I270,30&33,40.0367476,-82.9027792
OH,I270,13A,40.0283903,-83.1224991
OH,I270,46,39.896971,-82.903149
OH,I270,35,40.008501,-82.891059
OH,I270,8,39.97645765,-83.11908174999999
OH,I270,49,39.872811799999994,-82.9323579
OH,I270,15,40.075801850000005,-83.13563865
OH,I270,46A,39.9054944,-82.8951959
OH,I270,13,40.0386942,-83.1255167
OH,I270,33,40.0815199,-82.9073667
OH,I270,30,40.0911641,-82.9079386
OH,I270,7,39.947706,-83.119894
OH,I270,7A,39.9543428,-83.1191485
OH,I270,52,39.8782401,-83.0137658
OH,I270,46B,39.9014521,-82.8991716
OH,I270,41,39.9633434,-82.8430729
OH,I270,43;A41;43B,39.92964395,-82.85968965
OH,I270,55A,39.8935892,-83.0416962
OH,I270,55B,39.8967506,-83.0474727
OH,I270,13B,40.0326633,-83.1235402
OH,I270,17B,40.102466899999996,-83.1302162
OH,I270,20,40.109185800000006,-83.09109000000001
OH,I270,55,39.8877575,-83.0305605
OH,I275,47,39.28564125,-84.37115305
OH,I275,65,39.0691039,-84.29949565
OH,I275,59B,39.1544722,-84.2666325
OH,I275,57,39.1865131,-84.2638174
OH,I275,54,39.22562845,-84.27954285000001
OH,I275,69,39.05827945,-84.3543815
OH,I275,72,39.0593573,-84.41976145000001
OH,I275,41,39.29533945,-84.48481484999999
OH,I275,9,39.2144354,-84.6835338
OH,I275,28,39.2153855,-84.6764329
OH,I275,31,39.23377965,-84.63163295000001
OH,I275,39,39.29911155,-84.52050115
OH,I275,44,39.2863616,-84.42661175
OH,I275,46,39.2890091,-84.3958152
OH,I275,71,39.05485985,-84.39590015
OH,I275,63A;63B,39.1062294,-84.2813231
OH,I275,59,39.1668662,-84.2678935
OH,I275,52,39.24345485,-84.30171425
OH,I275,50,39.26056815,-84.33704645
OH,I275,49B,39.2673301,-84.3459544
OH,I275,49A,39.271579,-84.3516102
OH,I275,49,39.2753502,-84.357162
OH,I275,43B,39.28975185,-84.4395933
OH,I275,43A,39.291473100000005,-84.44629889999999
OH,I275,42,39.2950519,-84.4727619
OH,I275,42A,39.2949701,-84.4663258
OH,I275,36,39.28545025,-84.56346505
OH,I275,33,39.25639905,-84.6013079
OH,I275,7,39.20885735,-84.7088926
OH,I275,5,39.2148279,-84.7275709
OH,I275,25,39.2149488,-84.7493452
OH,I275,21,39.1855481,-84.78084175000001
OH,I275,59A,39.1590136,-84.2671357
OH,I275,63AB,39.0958282,-84.2876182
OH,I275,42B,39.2946316,-84.4625665
OH,I475,19,41.679843,-83.5913573
OH,I475,18A,41.6857762,-83.608771
OH,I475,20AB,41.6753042,-83.5780757
OH,I475,8B,41.6173652,-83.69161
OH,I475,8A,41.613394,-83.6914919
OH,I475,18B,41.6836868,-83.6000334
OH,I475,17,41.68688335,-83.62342960000001
OH,I475,14,41.685593499999996,-83.69270555
OH,I475,16,41.6882901,-83.6362556
OH,I475,8,41.6080037,-83.6911337
OH,I475,13,41.678282100000004,-83.69464855000001
OH,I475,1AB,41.531989,-83.627629
OH,I475,192,41.5377621,-83.6160404
OH,I475,4A;4B,41.553969800000004,-83.68606750000001
OH,I475,2,41.53406595,-83.6303032
OH,I475,5;6,41.5777667,-83.69099295000001
OH,I475,15,41.6897247,-83.6688897
OH,I475,11,41.65394835,-83.6949069
OH,I480,2,41.38859855,-81.96978965
OH,I480,3,41.3961422,-81.94368485000001
OH,I480,9,41.4229786,-81.84582664999999
OH,I480,11,41.42041925,-81.82035005
OH,I480,12,41.4202791,-81.7917523
OH,I480,15,41.4220936,-81.73349135000001
OH,I480,16,41.421397,-81.71042990000001
OH,I480,17,41.4209277,-81.6919857
OH,I480,20AB,41.408313050000004,-81.64768425
OH,I480,25ABC,41.4246861,-81.5488061
OH,I480,26,41.4245046,-81.5337919
OH,I480,26A,41.4047405,-81.5057221
OH,I480,25C,41.418244,-81.5179178
OH,I480,23,41.404688033333336,-81.55624103333334
OH,I480,21,41.4129897,-81.6091706
OH,I480,17AB,41.4105777,-81.6645331
OH,I480,13,41.4256091,-81.7614753
OH,I480,10,41.4206859,-81.8173373
OH,I480,7,41.4239719,-81.8721958
OH,I480,6B,41.4143496,-81.8976103
OH,I480,6A,41.4132424,-81.9014984
OH,I480,6,41.4110797,-81.9072478
OH,I480,26AB,41.3995199,-81.5079382
OH,I480,23A;23B,41.3780473,-81.5138
OH,I480,12B,41.4220447,-81.7760923
OH,I480,1,41.3859022,-81.9816611
OH,I480,151,41.3792391,-82.0081639
OH,I480,41,41.26137215,-81.3784837
OH,I480,42,41.2549168,-81.3700064
OH,I480,37,41.3055961,-81.4395011
OH,I480,36,41.31166195,-81.4510158
OH,I480,22,41.3861263,-81.5565786
OH,I480,24,41.4248372,-81.5588409
OH,I480,12A,41.4205136,-81.7953065
OH,I480,23AB,41.38192,-81.5132846
OH,I57,,,
OH,I70,157,39.95002205,-81.95969735
OH,I70,213,40.07275905,-80.96856349999999
OH,I70,216,40.0687316,-80.90051925
OH,I70,225,40.071441500000006,-80.74611494999999
OH,I70,202,40.0589291,-81.15708085
OH,I70,219,40.069376,-80.850847
OH,I70,215,40.076416,-80.9284895
OH,I70,220,40.06661585,-80.8358041
OH,I70,208,40.059877,-81.05327750000001
OH,I70,198,40.0559413,-81.2284094
OH,I70,218,40.0725882,-80.86782005
OH,I70,204,40.057475,-81.118259
OH,I70,62,39.923820500000005,-83.6879605
OH,I70,66,39.932815000000005,-83.611886
OH,I70,48,39.889797,-83.930962
OH,I70,47,39.881055,-83.955466
OH,I70,54,39.8915585,-83.808823
OH,I70,52B,39.895377499999995,-83.8502245
OH,I70,41,39.86541965,-84.05689344999999
OH,I70,52A,39.8952305,-83.85676699999999
OH,I70,59,39.8968444,-83.72316745
OH,I70,44,39.8693559,-83.9835509
OH,I70,112,39.935155,-82.783761
OH,I70,122,39.945298,-82.5999425
OH,I70,118,39.94877150000001,-82.68279849999999
OH,I70,132,39.94386275,-82.40844525
OH,I70,129,39.9451951,-82.4805747
OH,I70,126,39.9424177,-82.53626255
OH,I70,85,39.9777325,-83.2605325
OH,I70,72,39.9423158,-83.4998945
OH,I70,79,39.9560925,-83.373665
OH,I70,80,39.9593565,-83.344045
OH,I70,38,39.867708050000005,-84.10017325
OH,I70,24,39.85519725,-84.37562215
OH,I70,26,39.8548385,-84.33237635
OH,I70,33A,39.8648324,-84.2011061
OH,I70,160,39.96737855000001,-81.8993175
OH,I70,164,39.9740709,-81.8332424
OH,I70,10,39.8354974,-84.62897865
OH,I70,1,39.8284885,-84.7861089
OH,I70,14,39.8373222,-84.54053975
OH,I70,156B,39.8305686,-84.8131976
OH,I70,105B,39.93166175,-82.9141628
OH,I70,94,39.9745665,-83.09763955
OH,I70,102,39.9534717,-82.96007295
OH,I70,110,39.9327221,-82.8266997
OH,I70,91,39.977407,-83.157425
OH,I70,97,39.9570782,-83.04539045
OH,I70,103,39.9455021,-82.9427081
OH,I70,186,40.03275415,-81.44758680000001
OH,I70,193,40.052419549999996,-81.325936
OH,I70,180B,39.9992046,-81.55552005
OH,I70,107,39.9372156,-82.8747683
OH,I70,105A,39.932000450000004,-82.92362095
OH,I70,99BC,39.952500549999996,-83.01173835
OH,I70,98B,39.9490076,-83.0275873
OH,I70,98A,39.948914,-83.0377953
OH,I70,101B,39.95442225,-82.98529135
OH,I70,96,39.9687416,-83.0665436
OH,I70,95,39.9734838,-83.0822737
OH,I70,93,39.9763751,-83.11940445
OH,I70,91A,39.9773472,-83.1496498
OH,I70,103A,39.9502307,-82.9439744
OH,I70,103B,39.946301,-82.9433733
OH,I70,107B,39.9366562,-82.8786058
OH,I70,107A,39.9361502,-82.8837828
OH,I70,108,39.934163749999996,-82.85182929999999
OH,I70,110B,39.9326445,-82.8304375
OH,I70,110A,39.9331901,-82.8401071
OH,I70,112B,39.9335986,-82.7889526
OH,I70,112A,39.9325756,-82.7931282
OH,I70,112C,39.9363595,-82.7776243
OH,I70,142,39.9486679,-82.2176893
OH,I70,152,39.94860285,-82.0466142
OH,I70,153,39.9485033,-82.0212587
OH,I70,153A,39.9475677,-82.0147385
OH,I70,155,39.9445224,-82.001294
OH,I70,169,39.98136675,-81.73085705
OH,I70,176,40.007748449999994,-81.62468530000001
OH,I70,180A,39.997549899999996,-81.56247680000001
OH,I70,178,39.99957165,-81.57937145
OH,I70,33,39.866074,-84.1783794
OH,I70,32,39.864501,-84.2197843
OH,I70,44A,39.8646752,-84.0011533
OH,I70,44B,39.8653348,-83.9936764
OH,I70,21,39.84858845,-84.4251247
OH,I70,29,39.858724249999995,-84.27936315
OH,I70,154,39.9456272,-82.0086717
OH,I70,0,40.0717667,-80.729442
OH,I70,36,39.86988785,-84.1377535
OH,I70,33B,39.8650327,-84.1956977
OH,I70,141,39.9361393,-82.2611268
OH,I70,153B,39.9465287,-82.0102958
OH,I70,100B,39.9528958,-83.0006124
OH,I70,101A,39.9541129,-82.98163255
OH,I70,91B,39.9770319,-83.1362969
OH,I71,233,41.33809695,-81.81711265000001
OH,I71,237B,41.4060042,-81.8184008
OH,I71,237,41.3993172,-81.8166743
OH,I71,220,41.1580359,-81.785774
OH,I71,204,40.997451549999994,-81.9964838
OH,I71,235,41.37179045,-81.82084555
OH,I71,240,41.438428099999996,-81.80069925
OH,I71,242AB,41.4417901,-81.7858899
OH,I71,244,41.4475308,-81.7459224
OH,I71,238;239,41.4283093,-81.8174203
OH,I71,245,41.45581075,-81.71000029999999
OH,I71,238,41.4128844,-81.8177243
OH,I71,237A,41.402577,-81.8179866
OH,I71,234,41.355479700000004,-81.8191228
OH,I71,1A,39.0971171,-84.5201632
OH,I71,3,39.1349011,-84.4928312
OH,I71,9,39.1744341,-84.4003526
OH,I71,11,39.1930817,-84.3854549
OH,I71,12,39.20123395,-84.37406055
OH,I71,8,39.1696085,-84.4202335
OH,I71,5,39.14499965,-84.46221565
OH,I71,3A;3B,39.1380771,-84.4877114
OH,I71,2B;2A,39.120925,-84.4982713
OH,I71,1B,39.099850399999994,-84.5134395
OH,I71,231,41.3089967,-81.8095353
OH,I71,231B,41.3186203,-81.8132428
OH,I71,242,41.4455538,-81.7672322
OH,I71,186,40.85549515,-82.2593842
OH,I71,246,41.4619872,-81.6942923
OH,I71,45,39.4859244,-83.94168110000001
OH,I71,50,39.519191,-83.8459245
OH,I71,75,39.69632355,-83.45650175
OH,I71,65,39.61947835,-83.607925
OH,I71,84,39.75797645,-83.30316915
OH,I71,209AB,41.0273698,-81.898668
OH,I71,226,41.23827515,-81.79826295
OH,I71,218,41.1365076,-81.79440025
OH,I71,151,40.49652985,-82.71795515
OH,I71,140,40.37434915,-82.83009045
OH,I71,176,40.78214335,-82.41259855000001
OH,I71,173,40.73685435,-82.4611843
OH,I71,169,40.6948207,-82.510923
OH,I71,165,40.65028289999999,-82.5449099
OH,I71,25,39.3577587,-84.2631917
OH,I71,24,39.33199495,-84.2839227
OH,I71,36,39.42851685,-84.0814434
OH,I71,19,39.2930157,-84.3165842
OH,I71,32,39.41291635,-84.15293345
OH,I71,28,39.3836962,-84.2198984
OH,I71,198,40.947082949999995,-82.0824832
OH,I71,196,40.932348,-82.1152777
OH,I71,111,40.000614,-82.984639
OH,I71,116,40.061485000000005,-82.9968945
OH,I71,131,40.2670804,-82.9273094
OH,I71,97,39.840727799999996,-83.09049114999999
OH,I71,119A,40.109983,-82.978132
OH,I71,107,39.95865,-82.9829786
OH,I71,104,39.914647599999995,-83.01652525
OH,I71,114,40.03179525,-82.99535535
OH,I71,110B,39.9941465,-82.985083
OH,I71,109A,39.97535485,-82.9841721
OH,I71,119,40.106302,-82.980255
OH,I71,117,40.0877655,-82.9872545
OH,I71,100,39.879350099999996,-83.04905625
OH,I71,119B,40.1169312,-82.9742923
OH,I71,113,40.023852,-82.99468350000001
OH,I71,110A,39.988796,-82.985705
OH,I71,115,40.0465715,-82.997412
OH,I71,112,40.0153702,-82.99332205
OH,I71,105,39.9351613,-83.00969
OH,I71,121,40.1429419,-82.97090614999999
OH,I71,101B,39.9538029,-82.9916409
OH,I71,108B,39.96168,-82.98247
OH,I71,101,39.8970399,-83.0342413
OH,I71,108A,39.9602471,-82.9827643
OH,I71,17A,39.2703981,-84.3519732
OH,I71,15,39.24966,-84.3652615
OH,I71,14,39.22459645,-84.36763400000001
OH,I71,7,39.1651702,-84.4292248
OH,I71,8B,39.1645167,-84.4300444
OH,I71,2,39.1138669,-84.5003733
OH,I71,17,39.2662546,-84.3564771
OH,I71,94,39.82470785,-83.13652435
OH,I71,222,41.19394145,-81.7908526
OH,I71,17B,39.2754983,-84.3449283
OH,I71,6,39.151624350000006,-84.4449295
OH,I71,10,39.183144,-84.3957397
OH,I71,109B,39.9763663,-82.9835451
OH,I71,58,39.55758435,-83.71918034999999
OH,I71,69,39.6493655,-83.54041165000001
OH,I71,231A,41.3141946,-81.8117173
OH,I71,170B,41.4793937,-81.6932405
OH,I71,100B,39.9528958,-83.0006124
OH,I71,8A,39.1631696,-84.4343789
OH,I71,8C,39.1673441,-84.4232225
OH,I71,101A,39.9540119,-82.9896942
OH,I74,1,39.2602923,-84.79860865
OH,I74,14,39.1845674,-84.6041055
OH,I74,3,39.2406863,-84.7711621
OH,I74,17,39.1595607,-84.5629712
OH,I74,9,39.2123887,-84.6798949
OH,I74,11,39.196421,-84.66400680000001
OH,I74,7,39.20885735,-84.7088926
OH,I74,5,39.21922325,-84.7363428
OH,I74,18,39.1617357,-84.5547432
OH,I75,2A,39.1195055,-84.5355094
OH,I75,164,41.137870500000005,-83.658908
OH,I75,142,40.892615,-83.8668615
OH,I75,145,40.9153955,-83.823269
OH,I75,161,41.088032850000005,-83.6598809
OH,I75,157,41.0419215,-83.6727915
OH,I75,159,41.058156499999996,-83.6687785
OH,I75,156,41.027872099999996,-83.67702460000001
OH,I75,205A,41.6752359,-83.5726875
OH,I75,202A,41.653979,-83.5531906
OH,I75,200,41.63388715,-83.5424241
OH,I75,204,41.67878245,-83.56998440000001
OH,I75,203B,41.6667032,-83.56791005
OH,I75,206,41.68784015,-83.55178505
OH,I75,1B,39.0950357,-84.5222645
OH,I75,124,40.716955799999994,-84.07524165000001
OH,I75,120,40.68645095,-84.12345595
OH,I75,122,40.69896475,-84.08941279999999
OH,I75,130,40.7897914,-84.04174535000001
OH,I75,125,40.73092,-84.0754847
OH,I75,134,40.8268947,-83.984157
OH,I75,135,40.833393650000005,-83.9625264
OH,I75,140,40.8813957,-83.90000425
OH,I75,118,40.65604345,-84.1313591
OH,I75,113,40.585787999999994,-84.164681
OH,I75,110,40.55361205,-84.1698686
OH,I75,111,40.560887050000005,-84.16997845
OH,I75,10B,39.207209,-84.464302
OH,I75,7,39.1755431,-84.4891974
OH,I75,12,39.22153435,-84.4512378
OH,I75,10,39.213952,-84.461128
OH,I75,83,40.16620275,-84.22222165
OH,I75,68,39.9610519,-84.18948995
OH,I75,82,40.150827050000004,-84.22013435
OH,I75,69,39.98384265,-84.2002206
OH,I75,74,40.05311475,-84.23233105
OH,I75,78,40.099187799999996,-84.22876915
OH,I75,56,39.78870005,-84.1848418
OH,I75,47,39.68095345,-84.23038435000001
OH,I75,43,39.6207124,-84.2315378
OH,I75,64,39.90073745,-84.18797105
OH,I75,63,39.89147485,-84.18775005
OH,I75,54B,39.77412645,-84.1912912
OH,I75,54A,39.771395350000006,-84.1924379
OH,I75,51,39.7341466,-84.2052695
OH,I75,41,39.5971622,-84.23797065
OH,I75,104,40.4679005,-84.1692975
OH,I75,90,40.2681126,-84.1832179
OH,I75,92,40.2879125,-84.18227285
OH,I75,94,40.32411285,-84.16279495
OH,I75,99,40.394734400000004,-84.16134400000001
OH,I75,102,40.438608,-84.16929640000001
OH,I75,32,39.49244195,-84.32422414999999
OH,I75,29,39.4399477,-84.3359737
OH,I75,38,39.5630403,-84.26927165000001
OH,I75,36,39.54281385,-84.2936713
OH,I75,197,41.58607495,-83.56301875
OH,I75,195,41.56727185,-83.58332865
OH,I75,171,41.2397005,-83.65235200000001
OH,I75,179,41.351581499999995,-83.6224825
OH,I75,193,41.549799,-83.6033641
OH,I75,168,41.18664675,-83.6495854
OH,I75,181,41.374100999999996,-83.6166247
OH,I75,187,41.457766,-83.6222365
OH,I75,192,41.531320550000004,-83.61878820000001
OH,I75,198,41.608544300000005,-83.54297075
OH,I75,167,41.172257599999995,-83.6495676
OH,I75,22,39.3549442,-84.3733919
OH,I75,21,39.3411127,-84.39732649999999
OH,I75,19,39.3222076,-84.42410215
OH,I75,15,39.27008245,-84.44049435
OH,I75,16,39.2828789,-84.4408661
OH,I75,4,39.14856075,-84.53619365
OH,I75,9,39.19426645,-84.4756803
OH,I75,10A,39.201073,-84.4683697
OH,I75,13,39.23665885,-84.45054845
OH,I75,14AB,39.2573459,-84.4422524
OH,I75,24,39.3728775,-84.36589910000001
OH,I75,44,39.639869250000004,-84.23180355
OH,I75,50A,39.715170799999996,-84.2212162
OH,I75,16B,39.2994921,-84.4403678
OH,I75,1D,39.0984034,-84.5213403
OH,I75,1C,39.0971062,-84.5216735
OH,I75,1E,39.1042074,-84.5279693
OH,I75,1F,39.1099939,-84.5316736
OH,I75,1G,39.1134086,-84.5316367
OH,I75,2,39.1231279,-84.5352195
OH,I75,2B,39.1278513,-84.5343962
OH,I75,3,39.138205049999996,-84.5339503
OH,I75,6,39.16365505,-84.5101727
OH,I75,8,39.1817801,-84.48472
OH,I75,52,39.7471139,-84.20512155
OH,I75,57,39.80152875,-84.18906365000001
OH,I75,58,39.81963275,-84.18916
OH,I75,59,39.840956,-84.18970325000001
OH,I75,61,39.8643919,-84.18889955
OH,I75,50B,39.7251772,-84.2099267
OH,I75,73,40.025655400000005,-84.2308897
OH,I75,93,40.313473200000004,-84.1752567
OH,I75,127,40.756230099999996,-84.07554615000001
OH,I75,202B,41.6564254,-83.5585319
OH,I75,203A,41.662056,-83.5637768
OH,I75,207,41.689367399999995,-83.5347267
OH,I75,209,41.7047174,-83.5016921
OH,I75,201A,41.638014,-83.5452552
OH,I75,53,39.759851100000006,-84.20156255
OH,I75,16A,39.2959787,-84.441394
OH,I75,210,41.721283150000005,-83.5001757
OH,I75,208,41.6914885,-83.5115109
OH,I75,14,39.2485281,-84.4459145
OH,I75,199,41.6204747,-83.54173885
OH,I75,205,41.686625,-83.5665903
OH,I76,232,40.96698805,-80.6552839
OH,I76,219,41.1102912,-80.8321199
OH,I76,57,41.1070469,-80.88742055
OH,I76,218,41.1104589,-80.8380854
OH,I76,54,41.10425705,-80.9486067
OH,I76,234,40.954278,-80.6375238
OH,I76,11,41.04448395,-81.69204545
OH,I76,2,41.0332505,-81.8643354
OH,I76,7,41.03392945,-81.76012355
OH,I76,9,41.04654685,-81.72889334999999
OH,I76,43,41.105836499999995,-81.156384
OH,I76,48,41.10597845,-81.0514675
OH,I76,38A,41.1098136,-81.2461909
OH,I76,38B,41.1093147,-81.242003
OH,I76,33,41.107457100000005,-81.34701915
OH,I76,31,41.10127765,-81.37585874999999
OH,I76,38,41.110108,-81.235825
OH,I76,21C,41.06195115,-81.54052085
OH,I76,14,41.0394353,-81.63819875
OH,I76,26,41.0619115,-81.456097
OH,I76,13B,41.0398471,-81.66023205
OH,I76,25A,41.062238,-81.48099
OH,I76,13A,41.0399435,-81.665111
OH,I76,25,41.062389,-81.473171
OH,I76,17,41.037159599999995,-81.58304824999999
OH,I76,19,41.04534135,-81.56514415000001
OH,I76,20,41.0573174,-81.5672804
OH,I76,29,41.0759333,-81.40676769999999
OH,I76,16,41.040465350000005,-81.61067800000001
OH,I76,18,41.0376834,-81.5654671
OH,I76,24,41.062885,-81.48733
OH,I76,25B,41.062355,-81.479127
OH,I76,27,41.06529,-81.434503
OH,I76,21B,41.061235,-81.549648
OH,I76,22,41.062398200000004,-81.52582235
OH,I76,21A,41.060106,-81.556092
OH,I76,23AB,41.0621686,-81.500292
OH,I76,23A,41.0623176,-81.511231
OH,I76,23B,41.0620719,-81.5087187
OH,I76,22A,41.0622139,-81.5338112
OH,I76,1A,41.0307316,-81.8919659
OH,I76,1B,41.0317283,-81.8791042
OH,I77,172A,41.4974172,-81.6755385
OH,I77,156,41.40573585,-81.64810485
OH,I77,151,41.344223,-81.649672
OH,I77,155,41.398610250000004,-81.65049585
OH,I77,161B,41.478924899999996,-81.6616328
OH,I77,153,41.3618571,-81.65020205
OH,I77,158,41.439391099999995,-81.6502088
OH,I77,163A,41.494361,-81.67866
OH,I77,149A,41.3159775,-81.6490839
OH,I77,147,41.289332,-81.63749805
OH,I77,159B,41.45534,-81.6569923
OH,I77,157,41.425236,-81.6455307
OH,I77,149B,41.3189885,-81.6490286
OH,I77,146,41.276572,-81.63634175
OH,I77,25,39.739642149999995,-81.53078550000001
OH,I77,28,39.7908727,-81.5508853
OH,I77,111,40.879809949999995,-81.43138074999999
OH,I77,109,40.8656927,-81.4292883
OH,I77,109B,40.8548231,-81.4162683
OH,I77,104A,40.7809742,-81.3811204
OH,I77,107A,40.82529535,-81.39681279999999
OH,I77,103,40.7716216,-81.3898018
OH,I77,109A,40.8508226,-81.4112506
OH,I77,106,40.8126759,-81.3969586
OH,I77,105,40.7995436,-81.39389335
OH,I77,99,40.7284988,-81.41873394999999
OH,I77,101,40.75101195,-81.4056262
OH,I77,112,40.89671955,-81.430691
OH,I77,1,39.4100372,-81.4244049
OH,I77,6,39.48563025,-81.44304514999999
OH,I77,16,39.6277125,-81.4622267
OH,I77,37,39.9168859,-81.52717535
OH,I77,41,39.96902045,-81.5326097
OH,I77,44B,40.00050825,-81.55812885
OH,I77,21C,41.06195115,-81.54052085
OH,I77,138,41.1497785,-81.6325285
OH,I77,118,40.963601499999996,-81.464917
OH,I77,136,41.12345015,-81.64799175
OH,I77,137B,41.139063500000006,-81.648922
OH,I77,132,41.09864005,-81.5877743
OH,I77,1A;1B,41.06368,-81.504936
OH,I77,124A,41.051252,-81.505494
OH,I77,122A,41.0228526,-81.4993712
OH,I77,137A,41.133478,-81.651229
OH,I77,131,41.0836482,-81.5788178
OH,I77,124B,41.056505,-81.505574
OH,I77,130,41.06629255,-81.57373545
OH,I77,144,41.2301207,-81.6275101
OH,I77,133,41.113774500000005,-81.61156650000001
OH,I77,143,41.222691,-81.62678120000001
OH,I77,125AB,41.057569,-81.505225
OH,I77,125B,41.058743,-81.5049831
OH,I77,135,41.119321,-81.633846
OH,I77,145,41.2557944,-81.6311225
OH,I77,21B,41.061235,-81.549648
OH,I77,22,41.062398200000004,-81.52582235
OH,I77,21A,41.060106,-81.556092
OH,I77,129,41.061749,-81.570506
OH,I77,120,40.987129499999995,-81.491551
OH,I77,122B,41.02674915,-81.50201405
OH,I77,123B,41.0398007,-81.50526959999999
OH,I77,123A,41.0333694,-81.505192
OH,I77,113,40.91714985,-81.42706195
OH,I77,44A,39.996893799999995,-81.55636865
OH,I77,159A,41.448395649999995,-81.65549125
OH,I77,149,41.3124574,-81.6487114
OH,I77,160,41.4679344,-81.6588715
OH,I77,161A,41.4715846,-81.6598105
OH,I77,162A,41.49001255,-81.6695593
OH,I77,162B,41.492403,-81.6753707
OH,I77,46,40.031046,-81.562064
OH,I77,65,40.29158205,-81.55672455
OH,I77,87,40.58240095,-81.52135125000001
OH,I77,83,40.5278203,-81.49349765
OH,I77,85,40.5506618,-81.503296
OH,I77,81,40.49351985,-81.47954155
OH,I77,73,40.394076,-81.55595405
OH,I77,54,40.14465105,-81.55043895
OH,I77,47,40.0504842,-81.563669
OH,I77,46B,40.0275105,-81.5610236
OH,I77,46A,40.0245269,-81.5604823
OH,I77,93,40.6437962,-81.45214835
OH,I77,23A,41.0623176,-81.511231
OH,I77,23B,41.0620719,-81.5087187
OH,I77,22A,41.0622139,-81.5338112
OH,I77,104B,40.7853258,-81.3847318
OH,I77,107B,40.825680000000006,-81.39678015
OH,I77,163B,41.4968958,-81.6760434
OH,I77,104,40.7916631,-81.3881475
OH,I80,52,41.6001763,-83.80168455
OH,I80,161,41.3333941,-81.81766379999999
OH,I80,34,41.593341949999996,-84.14144495
OH,I80,39,41.5916585,-84.049601
OH,I80,25,41.5914655,-84.3198455
OH,I80,110,41.3407909,-82.76417559999999
OH,I80,118,41.323366449999995,-82.60903135000001
OH,I80,145,41.38733155,-82.1110061
OH,I80,135,41.35994765,-82.28521295
OH,I80,152,41.37840285,-81.98943854999999
OH,I80,151,41.3792391,-82.0081639
OH,I80,142,41.3867728,-82.1783713
OH,I80,223,41.1237724,-80.76987919999999
OH,I80,218,41.1197134,-80.8457969
OH,I80,219,41.1109441,-80.8282792
OH,I80,224A,41.1237215,-80.7575963
OH,I80,224B,41.124408,-80.7507807
OH,I80,81,41.459140000000005,-83.28577630000001
OH,I80,193,41.24516065,-81.23778569999999
OH,I80,187,41.25598814999999,-81.363991
OH,I80,91,41.40152275,-83.11308
OH,I80,229,41.15459935,-80.66437379999999
OH,I80,234B,41.1758337,-80.5704071
OH,I80,216,41.135497,-80.866945
OH,I80,209,41.2181943,-80.95438014999999
OH,I80,215,41.1540301,-80.8962756
OH,I80,234,41.1764329,-80.568021
OH,I80,227,41.1485032,-80.6930346
OH,I80,226,41.141884149999996,-80.72035604999999
OH,I80,234A,41.1745856,-80.5765364
OH,I80,228B,41.1532452,-80.6686266
OH,I80,228A,41.1507607,-80.6725331
OH,I80,13,41.613927000000004,-84.5485875
OH,I80,64,41.5668955,-83.5762115
OH,I80,71,41.523415150000005,-83.45660595
OH,I80,180,41.2581725,-81.49405505
OH,I80,173,41.270280299999996,-81.62194255
OH,I80,59,41.591950499999996,-83.67051155
OH,I80,224,41.1286729,-80.7470726
OH,I80,140,41.38240495,-82.20046504999999
OH,I80,228,41.1481013,-80.6861894
OH,I90,52,41.6001763,-83.80168455
OH,I90,171,41.4914868,-81.6873406
OH,I90,34,41.593341949999996,-84.14144495
OH,I90,39,41.5916585,-84.049601
OH,I90,25,41.5914655,-84.3198455
OH,I90,172A,41.4960708,-81.67847215
OH,I90,173A,41.5023987,-81.6699169
OH,I90,173B,41.5042453,-81.67037110000001
OH,I90,173C,41.509864050000004,-81.67204875
OH,I90,174B,41.51945485,-81.6724513
OH,I90,174A,41.5148868,-81.6738862
OH,I90,175,41.5299758,-81.65340889999999
OH,I90,176,41.53800345,-81.63748580000001
OH,I90,178,41.55079275,-81.6040182
OH,I90,179,41.5610502,-81.5922909
OH,I90,180,41.5676289,-81.5761886
OH,I90,181,41.5699792,-81.5696226
OH,I90,182A,41.5796689,-81.54457504999999
OH,I90,182B,41.583200149999996,-81.53610760000001
OH,I90,183,41.5878836,-81.52712885
OH,I90,184A,41.5888843,-81.523663
OH,I90,184B,41.596294,-81.5112143
OH,I90,184,41.6002818,-81.5050843
OH,I90,185,41.60284525,-81.4961477
OH,I90,187,41.59045105,-81.479719
OH,I90,188,41.593330800000004,-81.45017659999999
OH,I90,205,41.7082841,-81.17631270000001
OH,I90,212,41.758854799999995,-81.04725425
OH,I90,193,41.6399741,-81.37457495000001
OH,I90,190,41.608972,-81.4286864
OH,I90,161,41.4738891,-81.8615322
OH,I90,156,41.46826565,-81.95103800000001
OH,I90,166,41.4667309,-81.76806450000001
OH,I90,167A,41.4701334,-81.7444652
OH,I90,165,41.4694326,-81.8069696
OH,I90,162,41.4721253,-81.8356075
OH,I90,167B,41.4712221,-81.734615
OH,I90,164,41.470750249999995,-81.8157341
OH,I90,241,41.91690905,-80.56868535000001
OH,I90,223,41.7872962,-80.85448115
OH,I90,235,41.880418649999996,-80.6664121
OH,I90,228,41.8281248,-80.765636
OH,I90,218,41.76938835,-80.94684395
OH,I90,110,41.3407909,-82.76417559999999
OH,I90,118,41.323366449999995,-82.60903135000001
OH,I90,151,41.46295685,-82.0543864
OH,I90,135,41.35994765,-82.28521295
OH,I90,145,41.4046972,-82.11618394999999
OH,I90,148,41.424542450000004,-82.0832019
OH,I90,153,41.4644823,-82.0223768
OH,I90,144168,41.403637,-82.138742
OH,I90,155,41.46524745,-81.9892715
OH,I90,142,41.3867728,-82.1783713
OH,I90,81,41.459140000000005,-83.28577630000001
OH,I90,91,41.40152275,-83.11308
OH,I90,170B,41.476662700000006,-81.69580035
OH,I90,13,41.613927000000004,-84.5485875
OH,I90,64,41.5668955,-83.5762115
OH,I90,71,41.523415150000005,-83.45660595
OH,I90,189,41.6061108,-81.4333783
OH,I90,200,41.670994699999994,-81.2453802
OH,I90,59,41.591950499999996,-83.67051155
OH,I90,195,41.64619535,-81.34033275
OH,I90,186,41.59860665,-81.48876725
OH,I90,3,41.9430946,-80.4672117
OH,I90,180A,41.5635519,-81.5891378
OH,I90,177,41.53983995,-81.63038614999999
OH,I90,170A,41.4738637,-81.7058746
OH,I90,169,41.47433325,-81.71563935
OH,I90,165B,41.4672175,-81.7836796
OH,I90,167,41.4673756,-81.7596055
OH,I90,165A,41.4693234,-81.7901153
OH,I90,160,41.4761204,-81.8770349
OH,I90,180B,41.5650958,-81.5847007
OH,I90,140,41.38240495,-82.20046504999999
OH,I90,159,41.4728679,-81.90067164999999
OH,I90,172C,41.4985039,-81.6730315
OH,SR741,,,
OH,US24,25,41.301466399999995,-84.37718315000001
OH,US24,26,41.3078981,-84.3610489
OH,US24,28,41.3117109,-84.32406575
OH,US24,41,41.41418365,-84.10556615
OH,US24,40,41.408904699999994,-84.1304778
OH,US24,39,41.396985900000004,-84.1473317
OH,US24,67,41.5406043,-83.70372115
OH,US24,68B,41.5551095,-83.681895
OH,US24,68A,41.551664349999996,-83.6886668
OH,US24,3,41.1689119,-84.73635865
OH,US24,22,41.2770505,-84.41492785
OH,US24,13,41.2195058,-84.5818565
OH,US24,63,41.50866585,-83.7541723
OH,US24,57,41.455785750000004,-83.82570534999999
OH,US24,47,41.42816775,-84.00992439999999
OH,US24,66,41.5350618,-83.7114783
OH,US6,41,41.409748075,-84.080715975
OH,US6,40,41.408904699999994,-84.1304778
OH,US6,44A,41.4138985,-84.06320765000001
OH,US6,39,41.4004099,-84.1429784
OH,US6,142,41.4038162,-82.5879389
OH,US6,143,41.4009584,-82.5808703
OH,US6,101,41.367934500000004,-83.11674149999999
OH,US6,98,41.36793685,-83.15778965
OH,US6,100,41.36823225,-83.13282275
OH,US6,102,41.365005,-83.092008
OH,US6,66A,41.35040615,-83.62720525
OH,US6,65,41.348962,-83.650373
OH,US6,66B,41.351858500000006,-83.61823150000001
OH,US6,193,41.4886398,-81.7152322
OK,I244,1D,36.1068221,-96.01907514999999
OK,I244,3A,36.1266152,-96.0085296
OK,I244,14,36.166286299999996,-95.84876725000001
OK,I244,1B,36.09018265,-96.03854995
OK,I244,6B,36.15990735,-95.97952325
OK,I244,5A,36.1532521,-96.0018613
OK,I244,10,36.1592889,-95.92196824999999
OK,I244,12A,36.1624374,-95.8868664
OK,I244,9,36.1595625,-95.9365783
OK,I244,4B,36.14542295,-96.00403655
OK,I244,13C,36.16556565,-95.85783359999999
OK,I244,1C,36.09743015,-96.0298447
OK,I244,6A,36.161628,-95.99243305
OK,I244,5C,36.15963515,-95.99928994999999
OK,I244,11,36.162909600000006,-95.903615
OK,I244,1A,36.0879929,-96.04103
OK,I244,8,36.16001825,-95.94932315
OK,I244,12B,36.1624024,-95.88119655
OK,I244,5B,36.1585247,-96.00044505
OK,I244,236B,36.1626549,-95.8201655
OK,I244,223A,36.0875809,-96.0405711
OK,I244,2,36.1142267,-96.0114486
OK,I244,3B,36.134134,-96.0084909
OK,I244,4A,36.1413231,-96.0068909
OK,I244,4C,36.1451385,-96.0034769
OK,I244,7,36.159912,-95.9665828
OK,I244,15,36.1665029,-95.836661
OK,I244,13A,36.1635677,-95.873294
OK,I244,13B,36.164901,-95.86362635
OK,I244,6C,36.1593841,-95.9767755
OK,I35,40,34.3031371,-97.15953475
OK,I35,33,34.20213005,-97.16402135
OK,I35,42,34.33256235,-97.15248220000001
OK,I35,32,34.190681999999995,-97.16522995
OK,I35,31A,34.1699608,-97.1678297
OK,I35,31B,34.17565945,-97.16802795000001
OK,I35,29,34.1389724,-97.1557659
OK,I35,24,34.0704185,-97.1498922
OK,I35,112,35.26418855,-97.4855668
OK,I35,113,35.2818152,-97.4856934
OK,I35,118,35.35281165,-97.4944543
OK,I35,108B,35.202721100000005,-97.4814613
OK,I35,66,34.65139125,-97.22032915
OK,I35,60,34.571807050000004,-97.198849
OK,I35,74,34.760662550000006,-97.2828446
OK,I35,79,34.82636935,-97.30944425
OK,I35,64,34.6226159,-97.2161095
OK,I35,72,34.73950125,-97.26334395
OK,I35,230,36.9266625,-97.34925135
OK,I35,231,36.941133449999995,-97.34648394999999
OK,I35,218,36.75326885,-97.34589155
OK,I35,157,35.87821085,-97.39417795
OK,I35,151,35.79819435,-97.41626025
OK,I35,146,35.7249914,-97.4162793
OK,I35,153,35.821432900000005,-97.41290814999999
OK,I35,1,33.73852115,-97.14602579999999
OK,I35,91,34.982502749999995,-97.372601
OK,I35,95,35.0447038,-97.37769595
OK,I35,5,33.795069350000006,-97.1349535
OK,I35,21,34.0265216,-97.14781135000001
OK,I35,86,34.913357250000004,-97.35520545
OK,I35,15,33.94047035,-97.13500455
OK,I35,106,35.181364200000004,-97.49249660000001
OK,I35,3,33.7657127,-97.13485475
OK,I35,51,34.45099745,-97.13560185
OK,I35,47,34.39938275,-97.14112664999999
OK,I35,186,36.2895393,-97.3277727
OK,I35,185,36.2751248,-97.3276846
OK,I35,180,36.20244460000001,-97.3280576
OK,I35,194B,36.402612500000004,-97.3271134
OK,I35,194A,36.3975219,-97.32711575
OK,I35,193,36.3884738,-97.3269832
OK,I35,127,35.4625866,-97.4806988
OK,I35,130,35.49295225,-97.4650492
OK,I35,140,35.63820525,-97.42482695
OK,I35,141,35.65164955,-97.4243334
OK,I35,124A,35.4282558,-97.48619529999999
OK,I35,138D,35.612881349999995,-97.4249419
OK,I35,139,35.6237502,-97.4248963
OK,I35,132A,35.5194397,-97.4593591
OK,I35,123A,35.4143823,-97.49084214999999
OK,I35,129,35.4799036,-97.46539855
OK,I35,136,35.5781959,-97.44343334999999
OK,I35,134,35.551223699999994,-97.45617535
OK,I35,135,35.56467605,-97.4516066
OK,I35,124B,35.4323547,-97.4860594
OK,I35,142,35.664904,-97.4221008
OK,I35,137,35.5918351,-97.43471765000001
OK,I35,170,36.058373599999996,-97.34540865
OK,I35,174,36.1167463,-97.3449202
OK,I35,125A,35.4433501,-97.4862533
OK,I35,126,35.46118395,-97.4909552
OK,I35,132,35.5252741,-97.4596007
OK,I35,138A,35.599099550000005,-97.43073215000001
OK,I35,133,35.53803635,-97.45986909999999
OK,I35,143,35.6818921,-97.41718575
OK,I35,138C,35.6067711,-97.4265755
OK,I35,138B,35.60272115,-97.42848244999999
OK,I35,131,35.50617315,-97.46101705
OK,I35,128,35.4634576,-97.4723285
OK,I35,125B,35.4450346,-97.486107
OK,I35,123B,35.41980595,-97.48853489999999
OK,I35,122B,35.40606270000001,-97.493943
OK,I35,122A,35.398893900000004,-97.49506629999999
OK,I35,121B,35.392516699999995,-97.49507686666668
OK,I35,120,35.377639900000005,-97.49500375
OK,I35,119B,35.363327049999995,-97.494828
OK,I35,110B,35.2330797,-97.4856074
OK,I35,222,36.8112746,-97.34261269999999
OK,I35,110A,35.237753,-97.4856127
OK,I35,114,35.2910488,-97.4875016
OK,I35,116,35.32015965,-97.48997555
OK,I35,119A,35.3543785,-97.4946107
OK,I35,117,35.334165049999996,-97.49046105
OK,I35,109,35.2183969,-97.48535724999999
OK,I35,211,36.6517228,-97.34583745
OK,I35,203,36.535582000000005,-97.34413384999999
OK,I35,214,36.6954128,-97.34584615
OK,I35,55,34.5063509,-97.1741991
OK,I35,70,34.705929499999996,-97.24480855
OK,I35,98,35.079069450000006,-97.40780935000001
OK,I35,104,35.15498,-97.478371
OK,I35,104B,35.1552978,-97.4789032
OK,I35,101,35.1186547,-97.44485695
OK,I35,110,35.2333418,-97.4854308
OK,I35,125D,35.4530571,-97.4891587
OK,I35,108A,35.200374100000005,-97.48135835
OK,I35,104A,35.1516057,-97.4754728
OK,I35,132B,35.526772,-97.4593442
OK,I40,1,35.227723499999996,-99.9915733
OK,I40,5,35.22647345,-99.91173825000001
OK,I40,7,35.22629715,-99.87115195000001
OK,I40,11,35.23037565,-99.78936585
OK,I40,14,35.24469935,-99.7529377
OK,I40,20,35.263219250000006,-99.64365925000001
OK,I40,23,35.291556,-99.62016645
OK,I40,25,35.31534295,-99.61234429999999
OK,I40,26,35.337626,-99.59351475
OK,I40,32,35.38491465,-99.50782425
OK,I40,38,35.3896532,-99.40258850000001
OK,I40,40,35.40913705,-99.38167335
OK,I40,41,35.4184937,-99.36867845
OK,I40,34,35.3858841,-99.47006365
OK,I40,101,35.52915625,-98.35069734999999
OK,I40,95,35.529396,-98.464859
OK,I40,88,35.536372650000004,-98.57380365
OK,I40,123,35.507800950000004,-97.97277084999999
OK,I40,125,35.501210900000004,-97.9372077
OK,I40,130,35.500255499999994,-97.8486681
OK,I40,115,35.52937865,-98.11421705000001
OK,I40,119,35.52923625,-98.04747449999999
OK,I40,136,35.4867439,-97.76012375
OK,I40,138A,35.46977,-97.7281552
OK,I40,132,35.50116439999999,-97.81275740000001
OK,I40,108,35.533181549999995,-98.23762959999999
OK,I40,104,35.52346015,-98.29833765000001
OK,I40,140,35.4602129,-97.68875489999999
OK,I40,127,35.487990133333334,-97.7611536
OK,I40,57,35.47896935,-99.1123999
OK,I40,61,35.4800136,-99.05063684999999
OK,I40,62,35.480843699999994,-99.02478515
OK,I40,65,35.49695475,-98.98766805
OK,I40,65A,35.49846855,-98.9798504
OK,I40,66,35.500387,-98.96483465
OK,I40,71,35.5161923,-98.87035929999999
OK,I40,80,35.5206457,-98.7271316
OK,I40,80A,35.5208517,-98.7190333
OK,I40,84,35.5363239,-98.6589297
OK,I40,69,35.5148254,-98.9164008
OK,I40,82,35.5285865,-98.6886078
OK,I40,262,35.457710399999996,-95.59298824999999
OK,I40,265,35.4580062,-95.5315239
OK,I40,264A,35.4585252,-95.54762905
OK,I40,270,35.457072749999995,-95.4513981
OK,I40,264B,35.458475199999995,-95.54048725
OK,I40,259,35.45519815,-95.64573970000001
OK,I40,255,35.45178145,-95.716407
OK,I40,247,35.4350019,-95.84079715
OK,I40,278,35.476749,-95.30705155
OK,I40,284,35.483493949999996,-95.20354524999999
OK,I40,157B,35.43437315,-97.40627574999999
OK,I40,162,35.41459985,-97.31786685
OK,I40,157C,35.4346082,-97.3975452
OK,I40,145,35.46012064999999,-97.6009136
OK,I40,217,35.402881050000005,-96.37672805
OK,I40,156A,35.445124449999994,-97.4235384
OK,I40,155A,35.4543987,-97.44160895
OK,I40,155B,35.44963075,-97.43165554999999
OK,I40,231,35.431643949999994,-96.12317705
OK,I40,227,35.4302365,-96.1939678
OK,I40,221,35.42220715,-96.29991344999999
OK,I40,170,35.3845369,-97.1889811
OK,I40,165,35.4005652,-97.2827968
OK,I40,291,35.4898984,-95.0783258
OK,I40,303,35.4541078,-94.88499115
OK,I40,297,35.4883435,-94.9723808
OK,I40,321,35.3932921,-94.5980969
OK,I40,308,35.448087900000004,-94.80590985
OK,I40,311,35.450357049999994,-94.75682795
OK,I40,47,35.425316800000004,-99.27632915
OK,I40,50,35.4261317,-99.21406765
OK,I40,53,35.44399505,-99.1707622
OK,I40,176,35.33153196666667,-98.06953073333334
OK,I40,181,35.38320625,-97.00103035000001
OK,I40,192,35.3841933,-96.80713175
OK,I40,212,35.38615215,-96.45890890000001
OK,I40,200,35.38364355,-96.67128109999999
OK,I40,147A,35.460381850000005,-97.57611785
OK,I40,126,35.462942049999995,-97.49070900000001
OK,I40,153,35.4622754,-97.4603923
OK,I40,128,35.4634576,-97.4723285
OK,I40,154,35.4588305,-97.45557160000001
OK,I40,159B,35.432087949999996,-97.37125775
OK,I40,159A,35.4345298,-97.3814633
OK,I40,157A,35.4374739,-97.4126095
OK,I40,156B,35.43963385,-97.41538059999999
OK,I40,172,35.3842841,-97.16270205000001
OK,I40,169,35.384450099999995,-97.21285280000001
OK,I40,142,35.4603835,-97.6541673
OK,I40,143,35.46045615,-97.635351
OK,I40,144,35.460117350000004,-97.61878089999999
OK,I40,147B,35.46038885,-97.57472445
OK,I40,148A,35.46129835,-97.55637815
OK,I40,185,35.38392305,-96.92993135
OK,I40,186,35.38386895,-96.91212215
OK,I40,137,35.4763643,-97.7413391
OK,I40,138B,35.4671609,-97.7233122
OK,I40,139B,35.4610319,-97.7073977
OK,I40,240B,35.43167335,-95.96773625
OK,I40,237,35.43315655,-96.01687855
OK,I40,240A,35.4324874,-95.974903
OK,I40,287,35.4830295,-95.14982345
OK,I40,286,35.486072899999996,-95.1655303
OK,I40,325,35.40516195,-94.5259619
OK,I40,330,35.4491821,-94.4448848
OK,I40,146,35.4599968,-97.5867658
OK,I40,149,35.45826515,-97.5306222
OK,I40,148C,35.4614611,-97.54849354999999
OK,I40,150A,35.4561853,-97.5196617
OK,I40,150B,35.4571469,-97.5087622
OK,I40,151C,35.4622109,-97.4918996
OK,I40,178,35.3776776,-97.05400325
OK,I40,151B,35.4622639,-97.4957393
OK,I40,148B,35.4613541,-97.5570509
OK,I40,151A,35.4628891,-97.4966266
OK,I40,135,35.4967274,-97.7811978
OK,I40,139A,35.4603539,-97.7018647
OK,I40,166,35.3946696,-97.2696284
OK,I40,134,35.4933597,-97.7730578
OK,I44,110,35.3343428,-97.5920593
OK,I44,109,35.320046000000005,-97.59665365000001
OK,I44,113,35.37702005,-97.57503365
OK,I44,111,35.348083700000004,-97.58655245
OK,I44,112,35.36323885,-97.58046555
OK,I44,5,34.1733923,-98.50238265
OK,I44,45,34.7110356,-98.3975159
OK,I44,1,35.078199399999995,-97.2180318
OK,I44,37,34.60903115,-98.37800235
OK,I44,38,34.6194854,-98.3871418
OK,I44,30,34.5073702,-98.4127946
OK,I44,33,34.55382305,-98.40443845
OK,I44,40B,34.64009855,-98.3877086
OK,I44,218B,36.0251678,-96.0936032
OK,I44,36A,34.5938922,-98.3786084
OK,I44,46,34.7215762,-98.4005261
OK,I44,41,34.660149450000006,-98.38237244999999
OK,I44,36B,34.5976716,-98.3777703
OK,I44,36,34.5903913,-98.3799544
OK,I44,53,34.78252985,-98.3043919
OK,I44,211,35.98742845,-96.19417495
OK,I44,39A,34.6222147,-98.3890526
OK,I44,215,36.0104973,-96.1156293
OK,I44,40A,34.6325635,-98.3871434
OK,I44,39B,34.625006,-98.387948
OK,I44,196,35.8505592,-96.3838467
OK,I44,83,35.0511103,-97.90891565
OK,I44,80,35.02583445,-97.93143175
OK,I44,99A,35.2148193,-97.7198402
OK,I44,179,35.7568811,-96.66663919999999
OK,I44,166,35.71820845,-96.8886297
OK,I44,158,35.68259545,-97.04220155
OK,I44,107,35.2823499,-97.60150709999999
OK,I44,115,35.395446,-97.57526175
OK,I44,121A,35.47581235,-97.5789873
OK,I44,126,35.52626125,-97.52919030000001
OK,I44,118,35.43591085,-97.57002650000001
OK,I44,120A,35.4596949,-97.57525340000001
OK,I44,129,35.53626005,-97.47669925
OK,I44,127B,35.5296264,-97.5054556
OK,I44,128A,35.530716999999996,-97.50265995000001
OK,I44,116A,35.40432305,-97.57657624999999
OK,I44,136,35.5781959,-97.44343334999999
OK,I44,121B,35.4802672,-97.57855365
OK,I44,117B,35.4261821,-97.5761675
OK,I44,134,35.551223699999994,-97.45617535
OK,I44,135,35.56467605,-97.4516066
OK,I44,117A,35.4220694,-97.5780582
OK,I44,137,35.5918351,-97.43471765000001
OK,I44,241,36.1627016,-95.7542496
OK,I44,238,36.16254615,-95.79481885
OK,I44,223A,36.08830555,-96.03750135
OK,I44,240,36.162731050000005,-95.76145654999999
OK,I44,228,36.09071365,-95.93708225
OK,I44,226,36.0898034,-95.9838276
OK,I44,231,36.11425505,-95.8956014
OK,I44,236,36.157620949999995,-95.8341481
OK,I44,226A,36.0896546,-95.9771538
OK,I44,222A,36.078858,-96.04904504999999
OK,I44,234A,36.138805,-95.8608955
OK,I44,223C,36.08893175,-96.0280344
OK,I44,235,36.14839025,-95.8473336
OK,I44,226B,36.0896563,-95.9703841
OK,I44,224,36.0888181,-96.0173442
OK,I44,234B,36.1435008,-95.854132
OK,I44,221,36.0783046,-96.0496017
OK,I44,223B,36.0890396,-96.0370457
OK,I44,232,36.1250804,-95.8804266
OK,I44,236B,36.1626549,-95.8201655
OK,I44,116B,35.41797225,-97.579587
OK,I44,119,35.449946749999995,-97.5711272
OK,I44,122,35.493339,-97.57932514999999
OK,I44,123A,35.5047561,-97.5763306
OK,I44,124,35.511425200000005,-97.5657039
OK,I44,125A,35.5149173,-97.54693639999999
OK,I44,125C,35.5245069,-97.5373396
OK,I44,125B,35.5222339,-97.5370634
OK,I44,127AB,35.5280407,-97.5238537
OK,I44,128B,35.534236449999995,-97.49423999999999
OK,I44,114,35.3895758,-97.5740921
OK,I44,130,35.5386574,-97.4647984
OK,I44,133,35.541843,-97.459582
OK,I44,138A,35.5980166,-97.4306281
OK,I44,138B,35.59996,-97.426091
OK,I44,218A,36.0207976,-96.0953302
OK,I44,62,34.8470717,-98.1793985
OK,I44,99B,35.2180575,-97.7151593
OK,I44,108,35.2931186,-97.59975335
OK,I44,108A,35.3009991,-97.5994107
OK,I44,34,36.1678054,-95.7322476
OK,I44,283,36.5645545,-95.21561700000001
OK,I44,289,36.632078,-95.13382089999999
OK,I44,313,36.86462375,-94.85027550000001
OK,I44,302,36.72265865,-94.934436
OK,I44,255,36.30074930000001,-95.59222265
OK,I44,248,36.2390113,-95.6654749
OK,I44,35,36.1804588,-95.732154
OK,I44,269,36.4385885,-95.3806341
OK,I44,233B,36.1315716,-95.8712376
OK,I44,233,36.1295485,-95.8738743
OK,I44,229,36.0953392,-95.9228345
OK,I44,123B,35.5115792,-97.5701922
OK,I44,222C,36.0833239,-96.0449783
OK,I44,222B,36.0829046,-96.0451707
OK,I44,230,36.101932649999995,-95.9130089
OK,I44,120B,35.460327050000004,-97.5755583
OK,I44,146,35.6359848,-97.2404722
OK,I44,227,36.090135000000004,-95.95822705
OK,I44,127A,35.5296063,-97.5147169
OK,I44,20,34.361622100000005,-98.40970605
OK,I44,149,35.6437873,-97.19274175000001
OK,I44,225,36.0899462,-95.9943896
OK,I44,203,35.91445265,-96.29434115
OK,I44,252,36.2774599,-95.6257293
OK,SR19,,,
OK,US412,22,36.2947674,-96.98571745000001
OK,US412,15,36.31125503333333,-96.65733793333334
OK,US412,27,36.2394818,-96.9351833
OK,US412,241,36.1627016,-95.7542496
OK,US412,238,36.16254615,-95.79481885
OK,US412,14,36.166286299999996,-95.84876725000001
OK,US412,240,36.162731050000005,-95.76145654999999
OK,US412,6B,36.15990735,-95.97952325
OK,US412,10,36.1592889,-95.92196824999999
OK,US412,12A,36.1624374,-95.8868664
OK,US412,9,36.1595625,-95.9365783
OK,US412,13C,36.16556565,-95.85783359999999
OK,US412,6A,36.161628,-95.99243305
OK,US412,11,36.162909600000006,-95.903615
OK,US412,8,36.16001825,-95.94932315
OK,US412,12B,36.1624024,-95.88119655
OK,US412,236B,36.1626549,-95.8201655
OK,US412,37,36.22485415,-96.78428410000001
OK,US412,59,36.2180424,-96.3977292
OK,US412,5B,36.1607057,-95.9994601
OK,US412,7,36.159912,-95.9665828
OK,US412,5C,36.1609465,-95.9981104
OK,US412,6,36.18750995,-95.15939075
OK,US412,17,36.2155863,-94.98013399999999
OK,US412,28,36.2119182,-94.7790755
OK,US412,2,36.3990928,-97.2788676
OK,US412,13A,36.1635677,-95.873294
OK,US412,13B,36.164901,-95.86362635
OK,US412,48,36.2215111,-96.57392295
OK,US412,6C,36.1593841,-95.9767755
OR,I29,,,
OR,I5,30,42.35006395,-122.87651125
OR,I5,33,42.378755,-122.90462514999999
OR,I5,11,42.152153,-122.643726
OR,I5,40,42.42595225,-123.04217835
OR,I5,6,42.07490455,-122.60463215
OR,I5,43,42.4287405,-123.097614
OR,I5,27,42.31240075,-122.85058275
OR,I5,35,42.4048378,-122.94053260000001
OR,I5,24,42.2809715,-122.81491975
OR,I5,14,42.1855283,-122.66634105
OR,I5,48,42.4311357,-123.16995825000001
OR,I5,21,42.245472250000006,-122.77337555
OR,I5,19,42.22821795,-122.74103
OR,I5,45A,42.4189645,-123.122049
OR,I5,45B,42.412601,-123.1299435
OR,I5,1,42.0159171,-122.6132801
OR,I5,291,45.4079074,-122.7441292
OR,I5,292B,45.4205664,-122.7439488
OR,I5,282,45.280267,-122.7695149
OR,I5,282B,45.2886202,-122.769501
OR,I5,283,45.302924149999996,-122.76930494999999
OR,I5,292A,45.4169023,-122.7439227
OR,I5,282A,45.2854491,-122.7694911
OR,I5,293,45.43390645,-122.74420035
OR,I5,286,45.3359226,-122.7691528
OR,I5,99,42.940458,-123.2896594
OR,I5,290,45.39645515,-122.74715115000001
OR,I5,292,45.4260509,-122.7442611
OR,I5,288,45.37004735,-122.75754955
OR,I5,148,43.53815745,-123.29165929999999
OR,I5,83,42.7657844,-123.3372558
OR,I5,86,42.7787688,-123.27928735
OR,I5,88,42.79930645,-123.2545007
OR,I5,98,42.926260299999996,-123.28001230000001
OR,I5,101,42.947901,-123.3173398
OR,I5,102,42.9500534,-123.3283825
OR,I5,103,42.9723957,-123.3362363
OR,I5,106,43.006479799999994,-123.30768065
OR,I5,108,43.024685,-123.3003363
OR,I5,110,43.03683845,-123.3296962
OR,I5,112,43.061384950000004,-123.34458355000001
OR,I5,113,43.074279250000004,-123.3584945
OR,I5,119,43.1557688,-123.36517559999999
OR,I5,120,43.1663503,-123.36591010000001
OR,I5,121,43.18048865,-123.37158065
OR,I5,123,43.19828835,-123.36028215
OR,I5,124,43.212114650000004,-123.35620395000001
OR,I5,125,43.22642685,-123.36031969999999
OR,I5,127,43.247630799999996,-123.3601162
OR,I5,129,43.29166535,-123.35365635
OR,I5,135,43.36786115,-123.33070265
OR,I5,136,43.3848285,-123.3379851
OR,I5,138,43.4108891,-123.3293687
OR,I5,142,43.4610124,-123.32154804999999
OR,I5,146,43.5134009,-123.3153088
OR,I5,154,43.608846850000006,-123.2212949
OR,I5,160,43.683045500000006,-123.19887335
OR,I5,161,43.7044372,-123.2060086
OR,I5,162,43.7099707,-123.2178102
OR,I5,163,43.72319195,-123.2070451
OR,I5,188A,43.9922839,-123.0057326
OR,I5,170,43.7520876,-123.1316141
OR,I5,235,44.66500025,-123.0590742
OR,I5,271,45.1509534,-122.88083385
OR,I5,216,44.38896245,-123.06128895
OR,I5,228,44.5556147,-123.06183425
OR,I5,234B,44.6466686,-123.0626034
OR,I5,237,44.6979805,-123.0521736
OR,I5,238,44.705067799999995,-123.05283005000001
OR,I5,239,44.72259585,-123.0541702
OR,I5,278,45.2330356,-122.80841495
OR,I5,263,45.04955165,-122.9727654
OR,I5,260B,45.010531,-122.9940018
OR,I5,260A,45.0053608,-122.9967861
OR,I5,253,44.91609895,-122.9886769
OR,I5,248,44.8429202,-123.00865435
OR,I5,244,44.793463349999996,-123.03467075
OR,I5,243,44.777752250000006,-123.04125945
OR,I5,242,44.75821555,-123.0494611
OR,I5,297,45.46795195,-122.6891011
OR,I5,302C,45.5424746,-122.6734638
OR,I5,302B,45.544777749999994,-122.67513355
OR,I5,299B,45.498655,-122.6732026
OR,I5,294,45.441481499999995,-122.7404973
OR,I5,304,45.56964365,-122.67865330000001
OR,I5,299A,45.49708335,-122.6739102
OR,I5,307,45.6005684,-122.6831904
OR,I5,300,45.5120044,-122.667318
OR,I5,305A,45.5746707,-122.6785612
OR,I5,306B,45.5908647,-122.6820956
OR,I5,1A,44.916132649999994,-122.99059835
OR,I5,306A,45.5842796,-122.6791148
OR,I5,302A,45.53488825,-122.6672547
OR,I5,303,45.55837555,-122.6786378
OR,I5,308,45.611459499999995,-122.6791768
OR,I5,298,45.4873172,-122.6784608
OR,I5,295,45.454868250000004,-122.71520565
OR,I5,296B,45.4663698,-122.6940355
OR,I5,296A,45.4632112,-122.6998791
OR,I5,306,45.5986886,-122.6844284
OR,I5,289,45.38249055,-122.75257640000001
OR,I5,260,44.9979771,-123.0001832
OR,I5,258,44.9836551,-122.9940476
OR,I5,256,44.95020595,-122.99025815
OR,I5,305B,45.5772755,-122.67853
OR,I5,300B,45.5250354,-122.6654709
OR,I5,233,44.630268799999996,-123.06212495
OR,I5,234,44.6395621,-123.062254
OR,I5,249,44.844823,-123.0087611
OR,I5,252,44.8853686,-122.99643714999999
OR,I5,55,42.4407797,-123.29365394999999
OR,I5,58,42.4642554,-123.32199365
OR,I5,61,42.494287150000005,-123.36305525
OR,I5,66,42.566872599999996,-123.37230165
OR,I5,71,42.6327628,-123.38275770000001
OR,I5,76,42.69268525,-123.3877433
OR,I5,78,42.7150789,-123.3690325
OR,I5,80,42.7468426,-123.36886720000001
OR,I5,95,42.8953086,-123.24458835
OR,I5,174,43.806920149999996,-123.04179769999999
OR,I5,176,43.83251815,-123.02965215
OR,I5,182,43.9177327,-123.01236180000001
OR,I5,186,43.9656292,-123.0117145
OR,I5,188B,43.9996312,-123.0111273
OR,I5,189,44.01777605,-123.02524295
OR,I5,191,44.035342549999996,-123.04187195
OR,I5,192,44.0382718,-123.0479565
OR,I5,194B,44.06485685,-123.04900384999999
OR,I5,194A,44.060850650000006,-123.04951715
OR,I5,199,44.135604,-123.05152469999999
OR,I5,209,44.280370149999996,-123.0609159
OR,I5,1B,44.9152505,-122.98774789999999
OR,I5,140,43.4397354,-123.316015
OR,I5,150,43.562519300000005,-123.27986855
OR,I5,159,43.67190215,-123.20160715
OR,I5,172,43.7741671,-123.0598555
OR,I5,188,44.0011468,-123.0158344
OR,I5,195B,44.0882838,-123.046421
OR,I5,195AB,44.0777809,-123.0473015
OR,I5,301,45.5286395,-122.6653626
OR,I5,234A,44.6425308,-123.062747
OR,I82,1,45.91781765,-119.3227084
OR,I82,5,45.8671027,-119.34272715
OR,I82,10,45.806263200000004,-119.3838135
OR,I84,56,45.6960902,-121.6706503
OR,I84,58,45.7018856,-121.624262
OR,I84,63,45.7111932,-121.51241805000001
OR,I84,51,45.69106305,-121.76972950000001
OR,I84,44,45.665343199999995,-121.8863986
OR,I84,62,45.71118894999999,-121.55070315
OR,I84,109,45.698515799999996,-120.72991784999999
OR,I84,112,45.710603449999994,-120.6879142
OR,I84,104,45.67138955,-120.8351037
OR,I84,114,45.72884345,-120.65472975
OR,I84,151,45.80920845,-119.9549118
OR,I84,164,45.83798915,-119.7013779
OR,I84,171,45.8227265,-119.5572205
OR,I84,248,45.37239905,-118.2982832
OR,I84,285,45.0258231,-117.9262612
OR,I84,283,45.05324325,-117.93989529999999
OR,I84,278,45.1239242,-117.9627138
OR,I84,259,45.3435026,-118.1208393
OR,I84,82,45.630539150000004,-121.21297684999999
OR,I84,83,45.6120209,-121.2065901
OR,I84,76,45.6757788,-121.27804839999999
OR,I84,88,45.6205856,-121.1119844
OR,I84,85,45.59990525,-121.1683042
OR,I84,87,45.60312175,-121.13887424999999
OR,I84,97,45.650520799999995,-120.9574672
OR,I84,6,45.5313299,-122.5702469
OR,I84,16,45.54067805,-122.4185156
OR,I84,4,45.5318123,-122.596318
OR,I84,1,45.531098099999994,-122.6396922
OR,I84,9,45.5456619,-122.5539604
OR,I84,14,45.53970055,-122.44877905
OR,I84,35,45.6026141,-122.04282015
OR,I84,18,45.5442377,-122.37801569999999
OR,I84,28,45.5575031,-122.180577
OR,I84,25,45.5441824,-122.2382262
OR,I84,8,45.539703,-122.559792
OR,I84,13,45.541636249999996,-122.47645595
OR,I84,30,45.5773359,-122.134963
OR,I84,41,45.6391817,-121.9328478
OR,I84,17,45.54449925,-122.3961203
OR,I84,2,45.531974149999996,-122.62031185000001
OR,I84,5,45.5330953,-122.5782828
OR,I84,7,45.5324034,-122.5655048
OR,I84,31,45.57912,-122.11808199999999
OR,I84,207,45.675537250000005,-118.8446766
OR,I84,179,45.7952948,-119.3932109
OR,I84,224,45.5807548,-118.5896618
OR,I84,216,45.6384446,-118.6841339
OR,I84,209,45.66376755,-118.80863984999999
OR,I84,202,45.692463599999996,-118.9337664
OR,I84,199,45.7128685,-118.99643080000001
OR,I84,198,45.71893375,-119.0149691
OR,I84,193,45.74674695,-119.11011045000001
OR,I84,188,45.762768949999995,-119.20305315
OR,I84,182,45.7835755,-119.32448445
OR,I84,180,45.79208655,-119.37439395000001
OR,I84,243,45.43144595,-118.3608432
OR,I84,69,45.686218049999994,-121.40063725
OR,I84,64,45.7104374,-121.50175535
OR,I84,40,45.633264100000005,-121.95286585
OR,I84,37,45.613376,-121.9999934
OR,I84,84,45.60706525,-121.1955175
OR,I84,22,45.54123985,-122.29471674999999
OR,I84,55,45.6880149,-121.6935806
OR,I84,29,45.5726545,-122.1552223
OR,I84,47,45.6929024,-121.8355952
OR,I84,168,45.8339392,-119.6238615
OR,I84,177,45.80022545,-119.42213985
OR,I84,165,45.84025475,-119.66921395
OR,I84,159,45.82934335,-119.80137635
OR,I84,210,45.66359575,-118.77631775
OR,I84,213,45.6592367,-118.7311037
OR,I84,238,45.49345485,-118.41401115
OR,I84,234,45.5444319,-118.45874835000001
OR,I84,228,45.599587299999996,-118.5063574
OR,I84,252,45.344569699999994,-118.2307414
OR,I84,256,45.3514873,-118.1709571
OR,I84,257,45.3459724,-118.1514122
OR,I84,265,45.29216015,-118.03665674999999
OR,I84,261,45.32950265,-118.0703648
OR,I84,268,45.24835965,-118.01919325
OR,I84,270,45.2162036,-118.0219906
OR,I84,273,45.1829953,-117.9871356
OR,I84,298,44.8616394,-117.8166337
OR,I84,304,44.782486899999995,-117.81069885
OR,I84,306,44.74857835,-117.80534025
OR,I84,302,44.8023285,-117.81304345000001
OR,I84,129,45.6951615,-120.37394280000001
OR,I84,123,45.6904799,-120.5001699
OR,I84,131,45.7003279,-120.3472954
OR,I84,137,45.72353425,-120.20297124999999
OR,I84,147,45.78699255,-120.03905375
OR,I84,376B,44.0236067,-116.948368
OR,I84,376A,44.026355550000005,-116.94954419999999
OR,I84,371,44.08254075,-117.01569025
OR,I84,374,44.0496377,-116.9776367
OR,I84,362,44.182833,-117.13596279999999
OR,I84,356,44.25802845,-117.18137469999999
OR,I84,353,44.290002099999995,-117.22289465
OR,I84,345,44.37467905,-117.29848285
OR,I84,338,44.473593550000004,-117.34054474999999
OR,I84,340,44.444917700000005,-117.3267335
OR,I84,342,44.417272,-117.3090682
OR,I84,335,44.49622635,-117.3682044
OR,I84,327,44.58674965,-117.4617855
OR,I84,330,44.55069235,-117.42261565000001
OR,I84,317,44.666818,-117.6181891
OR,I84,313,44.6967225,-117.6942835
OR,I84,10,45.5467476,-122.5398725
OR,I84,3,45.5273563,-122.606137
OR,I95,,,
PA,I276,326,40.09187875,-75.4083003
PA,I276,343,40.1617776,-75.1191563
PA,I276,333,40.1105921,-75.28959610000001
PA,I276,339,40.1329548,-75.19251449999999
PA,I276,340,40.1401258,-75.1665949
PA,I276,351,40.1321419,-74.97209185
PA,I276,352,40.1307228,-74.965596
PA,I276,40,40.1274063,-74.8781532
PA,I380,1,41.30045583333334,-75.53115213333334
PA,I380,8,41.1777125,-75.43123715
PA,I380,3,41.106054400000005,-75.39773595
PA,I380,13,41.2305516,-75.4976117
PA,I380,2,41.40287635,-75.58983685000001
PA,I380,24,41.366846,-75.5728822
PA,I380,4,41.3756441,-75.5779519
PA,I380,20,41.313638600000004,-75.5478557
PA,I380,22,41.337163,-75.5555909
PA,I380,188,41.4235981,-75.6076133
PA,I476,44,40.438476,-75.4265238
PA,I476,95,41.0733125,-75.70633409999999
PA,I476,87,40.98360075,-75.6297287
PA,I476,74,40.83503665,-75.67316445
PA,I476,56,40.591755500000005,-75.5661308
PA,I476,31B,40.2490117,-75.346051
PA,I476,31,40.255428,-75.3495444
PA,I476,19,40.1012362,-75.2907062
PA,I476,16,40.0711879,-75.3222576
PA,I476,18,40.0994175,-75.2956186
PA,I476,16B,40.065868,-75.3210331
PA,I476,18A,40.0943094,-75.3044505
PA,I476,16A,40.0610277,-75.3237167
PA,I476,9,39.9784907,-75.3397938
PA,I476,13,40.0358096,-75.35725024999999
PA,I476,5,39.93661815,-75.36235640000001
PA,I476,3,39.912699950000004,-75.3622465
PA,I476,115,41.309588500000004,-75.75536085
PA,I476,105,41.198701299999996,-75.79368325
PA,I476,131,41.4864562,-75.6857479
PA,I476,122,41.3919193,-75.73216099999999
PA,I476,1,39.8772213,-75.3515043
PA,I476,18B,40.09841,-75.2986091
PA,I476,20,40.1063555,-75.2884006
PA,I476,31A,40.2421763,-75.3423631
PA,I70,75,40.2208569,-79.6035322
PA,I70,46A,40.1545836,-79.77818145
PA,I70,53,40.20948545,-79.6764828
PA,I70,54,40.2117348,-79.66568145
PA,I70,44,40.1447815,-79.81630965
PA,I70,42,40.13502135,-79.86232465
PA,I70,51,40.18852835,-79.7007677
PA,I70,46B,40.1558122,-79.77414759999999
PA,I70,49,40.16766385,-79.734498
PA,I70,58,40.2192393,-79.6023534
PA,I70,17,40.18312195,-80.26062915
PA,I70,19,40.18349095,-80.22778005
PA,I70,27,40.1667834,-80.08458934999999
PA,I70,40,40.124108750000005,-79.88059989999999
PA,I70,11,40.130178349999994,-80.3344709
PA,I70,32A,40.1349131,-80.0087417
PA,I70,6,40.1150756,-80.42879225
PA,I70,15,40.16057565,-80.2793576
PA,I70,16,40.17588245,-80.26894519999999
PA,I70,18,40.18787695,-80.24663115
PA,I70,21,40.1628554,-80.19312625
PA,I70,31,40.150492,-80.0319095
PA,I70,37B,40.10991785,-79.91578285
PA,I70,39,40.1186136,-79.88581755
PA,I70,168,39.7568785,-78.1889948
PA,I70,163,39.798879150000005,-78.24642255
PA,I70,156,39.8857109,-78.2443231
PA,I70,151,39.9486109,-78.23081189999999
PA,I70,110,40.021214,-79.08333205
PA,I70,146,40.04962045,-78.514087
PA,I70,161,39.986508,-78.261804
PA,I70,149,39.97923925,-78.24466195
PA,I70,1,40.101382599999994,-80.50426615
PA,I70,25,40.1554694,-80.1270811
PA,I70,32B,40.13247485,-79.99508875000001
PA,I70,36,40.1134108,-79.9382382
PA,I70,37A,40.11044595,-79.9242184
PA,I70,41,40.13049465,-79.87380730000001
PA,I70,42A,40.1402446,-79.8512191
PA,I70,43,40.1401521,-79.8415747
PA,I70,43B,40.1402126,-79.8395482
PA,I70,91,40.1105233,-79.38418345
PA,I70,20,40.17874035,-80.22309150000001
PA,I70,43A,40.1402238,-79.8426768
PA,I70,35,40.12540605,-79.95832905
PA,I70,57,40.216358549999995,-79.61514355
PA,I75,,,
PA,I76,,,
PA,I78,1,40.4280599,-76.5124345
PA,I78,13,40.47638775,-76.29501345
PA,I78,23,40.5157533,-76.11085305
PA,I78,29,40.55700085,-75.9980715
PA,I78,30,40.56214305,-75.98422120000001
PA,I78,71,40.637753399999994,-75.27244139999999
PA,I78,40,40.577372249999996,-75.7998709
PA,I78,51,40.5858316,-75.5983571
PA,I78,59,40.5614347,-75.457485
PA,I78,55,40.567803749999996,-75.51844285
PA,I78,60B,40.5572474,-75.4252463
PA,I78,57,40.56455255,-75.48529905
PA,I78,60A,40.5553349,-75.4351618
PA,I78,67,40.595895999999996,-75.3348345
PA,I78,54A,40.5724124,-75.5399046
PA,I78,58,40.5631799,-75.4712624
PA,I78,6,40.4522054,-76.4200373
PA,I78,8,40.4558443,-76.3808417
PA,I78,49B,40.5804442,-75.62154699999999
PA,I78,35,40.57718075,-75.8903068
PA,I78,19,40.49973115,-76.1851995
PA,I78,17,40.49125135,-76.22348969999999
PA,I78,16,40.486367,-76.24450555
PA,I78,15,40.4832438,-76.2579433
PA,I78,10,40.46617740000001,-76.34004525
PA,I78,45,40.58017715,-75.70836335
PA,I78,49A,40.579435450000005,-75.62699789999999
PA,I78,53,40.5755775,-75.5468103
PA,I78,54,40.5742934,-75.5444301
PA,I78,54B,40.5700581,-75.5343478
PA,I78,75,40.67110255,-75.2133598
PA,I78,60,40.5553427,-75.4356145
PA,I79,41,40.22240945,-80.21375425
PA,I79,116A,41.19498265,-80.16106105
PA,I79,116B,41.2018209,-80.1600099
PA,I79,147B,41.6244439,-80.18344495
PA,I79,154,41.7161859,-80.20077185
PA,I79,68,40.55251595,-80.11827815000001
PA,I79,76,40.6607168,-80.0907436
PA,I79,59B,40.4257611,-80.10620935
PA,I79,59A,40.420761,-80.10454775
PA,I79,57,40.398540600000004,-80.10431845
PA,I79,182,42.0940905,-80.120406
PA,I79,183A,42.1049402,-80.1221488
PA,I79,166,41.88000305,-80.17625205
PA,I79,174,41.9969329,-80.16611275
PA,I79,180,42.0665169,-80.1065672
PA,I79,19,40.0710565,-80.198875775
PA,I79,21,40.162598,-80.1966737
PA,I79,45,40.2614361,-80.17158104999999
PA,I79,43,40.2440213,-80.20237565
PA,I79,40,40.2121712,-80.2271916
PA,I79,88,40.8118807,-80.11446325
PA,I79,105,41.039272749999995,-80.12602344999999
PA,I79,7877,40.6985986,-80.1011375
PA,I79,113,41.14378695,-80.15502964999999
PA,I79,77,40.6713157,-80.0942143
PA,I79,66,40.52500935,-80.1297792
PA,I79,65,40.5108018,-80.13566835
PA,I79,54,40.353373,-80.1178519
PA,I79,48,40.29725085,-80.16748419999999
PA,I79,75,40.6447601,-80.0963019
PA,I79,18,40.1882995,-80.2421623
PA,I79,147A,41.620789,-80.17857565
PA,I79,130,41.385144600000004,-80.1588094
PA,I79,78,40.6819039,-80.0953204
PA,I79,30,40.1103947,-80.20270769999999
PA,I79,33,40.15122715,-80.20339175000001
PA,I79,34,40.1546793,-80.1989256
PA,I79,23,40.01965725,-80.17516675
PA,I79,14,39.90059545,-80.1457854
PA,I79,7,39.806756899999996,-80.0899034
PA,I79,1,39.7336734,-80.05828575
PA,I79,20,40.17874035,-80.22309150000001
PA,I79,38,40.1909443,-80.2473559
PA,I79,55,40.3732758,-80.10555965
PA,I79,60B,40.455358,-80.1115928
PA,I79,60A,40.4496448,-80.1110422
PA,I79,60,40.4452365,-80.1108371
PA,I79,64,40.5018256,-80.1310488
PA,I79,72,40.5884038,-80.0993938
PA,I79,73,40.6166822,-80.0956459
PA,I79,83,40.7558952,-80.1117102
PA,I79,85,40.7760035,-80.1281004
PA,I79,99,40.9606713,-80.13561114999999
PA,I79,96,40.920340949999996,-80.1330309
PA,I79,121,41.2655879,-80.1654795
PA,I79,141,41.537173800000005,-80.1814364
PA,I79,178A,42.0285655,-80.1227535
PA,I79,178B,42.0349194,-80.12239170000001
PA,I79,183B,42.1091957,-80.1222056
PA,I79,49,40.32020155,-80.148154
PA,I79,87,40.7985696,-80.1183651
PA,I8,,,
PA,I80,210BA,41.0520825,-76.8616771
PA,I80,199,41.065681999999995,-77.06896929999999
PA,I80,241B,41.0352933,-76.3396115
PA,I80,242,41.02431035,-76.31839195
PA,I80,293,41.0695999,-75.39503935
PA,I80,302A,41.0001666,-75.274709
PA,I80,302,40.9961665,-75.2642286
PA,I80,309,40.9977084,-75.15544015
PA,I80,310,40.990665,-75.1409135
PA,I80,35,41.1902885,-79.86838854999999
PA,I80,24,41.201311149999995,-80.07084470000001
PA,I80,236B,41.0264747,-76.4228897
PA,I80,236A,41.0268716,-76.4251439
PA,I80,236,41.026693,-76.4255067
PA,I80,232,41.01241765,-76.49176535
PA,I80,224,40.99527665,-76.6464302
PA,I80,241,41.033538,-76.3351791
PA,I80,260A,41.0452569,-76.01765075
PA,I80,273,41.055652800000004,-75.77575730000001
PA,I80,260B,41.04745565,-76.00794160000001
PA,I80,304,40.9847663,-75.2173493
PA,I80,284,41.076754199999996,-75.57807635
PA,I80,97,41.14660375,-78.78738095
PA,I80,123,41.0205835,-78.34360910000001
PA,I80,120,41.038846500000005,-78.3991525
PA,I80,111,41.107879,-78.53707750000001
PA,I80,133,40.9878844,-78.17076109999999
PA,I80,158,40.9566305,-77.77270945000001
PA,I80,147,41.023791,-77.934811
PA,I80,161,40.9451315,-77.72118345
PA,I80,64,41.17760375,-79.34929285
PA,I80,45,41.1839245,-79.6746366
PA,I80,53,41.18389245,-79.54162074999999
PA,I80,62,41.18578225,-79.395332
PA,I80,60,41.192013,-79.424311
PA,I80,70,41.1822238,-79.24457235
PA,I80,178,41.055036099999995,-77.43726995
PA,I80,192,41.0524395,-77.1878175
PA,I80,185,41.0504824,-77.30807035000001
PA,I80,173,41.03191785,-77.5186981
PA,I80,101,41.13063655,-78.71178185
PA,I80,73,41.1864147,-79.197498
PA,I80,78,41.17068755,-79.09853509999999
PA,I80,81,41.1683639,-79.0460703
PA,I80,86,41.137896,-78.9671577
PA,I80,90,41.15198565,-78.8934129
PA,I80,215,41.0197985,-76.792742
PA,I80,212AB,41.04962115,-76.83978145
PA,I80,277,41.06590175,-75.70279955000001
PA,I80,256,41.0270785,-76.07979710000001
PA,I80,262,41.053554000000005,-75.95988155
PA,I80,274,41.0604493,-75.7489799
PA,I80,306,40.9792153,-75.2012597
PA,I80,15,41.1927979,-80.24144860000001
PA,I80,4B,41.184821299999996,-80.4403315
PA,I80,4A,41.18473015,-80.44740655000001
PA,I80,42,41.1738682,-79.7393431
PA,I80,299,41.03914815,-75.31248339999999
PA,I80,298,41.051954,-75.316239
PA,I80,29,41.20169275000001,-79.97473400000001
PA,I80,303,40.9870172,-75.2364443
PA,I80,19A,41.197254099999995,-80.1641634
PA,I80,19B,41.19823995,-80.15554019999999
PA,I80,210AB,41.0530599,-76.8810346
PA,I80,305,40.982372,-75.21355349999999
PA,I80,307,40.982817049999994,-75.19091710000001
PA,I80,308,40.99128845,-75.1726248
PA,I80,302B,40.9973242,-75.2686824
PA,I80,241A,41.0361462,-76.3429648
PA,I80,163,40.9615247,-77.67062965
PA,I81,67A;67B,40.3014869,-76.8724646
PA,I81,77,40.353137849999996,-76.72259215
PA,I81,72B,40.3258975,-76.7915177
PA,I81,65,40.3149739,-76.9216638
PA,I81,124A,40.7728597,-76.22866325
PA,I81,89,40.42771535,-76.52188340000001
PA,I81,72A,40.3250074,-76.7958148
PA,I81,70,40.3103797,-76.8345722
PA,I81,69,40.3028369,-76.85258505
PA,I81,66,40.3114626,-76.89927455
PA,I81,164,41.203723,-75.90320700000001
PA,I81,145,40.97923455,-76.0349732
PA,I81,165,41.2220827,-75.8800485
PA,I81,165B,41.2095267,-75.892744
PA,I81,175,41.3018285,-75.7692168
PA,I81,219,41.82132995,-75.6808118
PA,I81,217,41.7860341,-75.68498235
PA,I81,230,41.968011133333334,-75.73896576666667
PA,I81,223,41.86879315,-75.71421175
PA,I81,211,41.710966,-75.67137579999999
PA,I81,206,41.64955995,-75.6583441
PA,I81,191A,41.4564524,-75.65827114999999
PA,I81,180,41.355293450000005,-75.72016869999999
PA,I81,199,41.5535716,-75.65227200000001
PA,I81,197,41.53166225,-75.6525767
PA,I81,191B,41.45835045,-75.66347579999999
PA,I81,182,41.3661251,-75.6936037
PA,I81,190,41.4497612,-75.63755035
PA,I81,201,41.57656195,-75.65408305
PA,I81,202,41.59235615,-75.65139015
PA,I81,10B,39.7006812,-77.7393061
PA,I81,29,40.0599795,-77.479693
PA,I81,44,40.18459355,-77.23871885
PA,I81,47B,40.1882074,-77.1880935
PA,I81,45,40.187214749999995,-77.20820764999999
PA,I81,61,40.289493,-76.9814585
PA,I81,85,40.4141337,-76.5755684
PA,I81,59,40.27479865,-77.00127775
PA,I81,57,40.268646849999996,-77.04426435
PA,I81,52B,40.2353824,-77.1266143
PA,I81,47,40.1876461,-77.1945647
PA,I81,49,40.201298,-77.1581797
PA,I81,52,40.2367739,-77.1254986
PA,I81,52A,40.2323403,-77.1299313
PA,I81,151B,41.049798749999994,-76.01013575
PA,I81,151A,41.0442698,-76.01429490000001
PA,I81,159,41.1491654,-75.96147495
PA,I81,155,41.0824138,-75.9648623
PA,I81,165A,41.2075934,-75.8976481
PA,I81,143,40.9431553,-76.0250473
PA,I81,141,40.92446735,-76.0125681
PA,I81,138,40.879422950000006,-76.0191035
PA,I81,134,40.835583650000004,-76.06315865
PA,I81,131A,40.8092001,-76.10669965
PA,I81,131B,40.81180765,-76.10235085
PA,I81,116,40.7162765,-76.3463681
PA,I81,168,41.236180649999994,-75.8434823
PA,I81,170A,41.248953799999995,-75.82093055
PA,I81,170B,41.252649149999996,-75.82040140000001
PA,I81,90,40.4526261,-76.51631585
PA,I81,100,40.53504355,-76.42943385
PA,I81,104,40.59025285,-76.41235785
PA,I81,112,40.662825999999995,-76.3921836
PA,I81,107,40.62107495,-76.4393464
PA,I81,175B,41.3129337,-75.753984
PA,I81,175A,41.3121783,-75.7585952
PA,I81,178,41.334336750000006,-75.7369425
PA,I81,185,41.39557135,-75.64630795
PA,I81,187,41.4200869,-75.61897185000001
PA,I81,188,41.4267453,-75.61764199999999
PA,I81,182B,41.3726249,-75.6791778
PA,I81,85B,40.4138946,-76.5806865
PA,I81,85A,40.413715,-76.586658
PA,I81,80,40.3803652,-76.6608868
PA,I81,67B;67A,40.3070183,-76.8869379
PA,I81,124B,40.77328805,-76.2217263
PA,I81,119,40.73590595,-76.3063473
PA,I81,1,39.7211003,-77.7326918
PA,I81,20,39.96505565,-77.57706995000001
PA,I81,14,39.91057405,-77.64718505
PA,I81,10,39.856441950000004,-77.6865253
PA,I81,3,39.755388350000004,-77.7268872
PA,I81,5,39.7865099,-77.7132354
PA,I81,72,40.3273003,-76.7857865
PA,I81,24,40.014961,-77.53349779999999
PA,I81,37,40.12891915,-77.3498789
PA,I81,16,39.92817945,-77.6354014
PA,I81,17,39.94098435,-77.6226001
PA,I81,182A,41.3717334,-75.6835007
PA,I81,184,41.39412555,-75.64937805
PA,I81,47A,40.1879883,-77.1915918
PA,I81,194,41.483484399999995,-75.6793979
PA,I81,48,40.191958,-77.1668773
PA,I83,50,40.29641595,-76.82544204999999
PA,I83,40A,40.2136124,-76.8803281
PA,I83,39A,40.206031249999995,-76.87431885000001
PA,I83,16B,39.933752299999995,-76.68744085
PA,I83,46A,40.2537348,-76.81496924999999
PA,I83,45,40.25592545000001,-76.82959445
PA,I83,44A,40.2542447,-76.8648963
PA,I83,51A;51B,40.3059509,-76.8309166
PA,I83,4,39.77097665,-76.6675221
PA,I83,41A,40.238938250000004,-76.8924944
PA,I83,41B,40.2406529,-76.88785395
PA,I83,40B,40.2295501,-76.88980825
PA,I83,43,40.2510188,-76.87236885
PA,I83,44B,40.25653495,-76.8576773
PA,I83,47,40.2635238,-76.8145192
PA,I83,39B,40.20885755,-76.87727505000001
PA,I83,48,40.278342949999995,-76.81863045
PA,I83,14,39.909893749999995,-76.70374575
PA,I83,15,39.91849325,-76.70246470000001
PA,I83,16A,39.9318589,-76.69103645
PA,I83,19B,39.9765511,-76.695752
PA,I83,21A,39.9825831,-76.7288764
PA,I83,21B,39.9846172,-76.7306684
PA,I83,21,39.9838188,-76.7300842
PA,I83,19,39.9694708,-76.6915694
PA,I83,19A,39.9722639,-76.6938103
PA,I83,22,39.99163075,-76.7344925
PA,I83,18,39.9529909,-76.6844022
PA,I83,18B,39.9613528,-76.6852649
PA,I83,24,40.020754049999994,-76.74277125
PA,I83,10,39.8676662,-76.698881
PA,I83,8,39.826737300000005,-76.68439810000001
PA,I83,32,40.1312759,-76.79624240000001
PA,I83,33,40.144947200000004,-76.81404155
PA,I83,34,40.1521891,-76.8199124
PA,I83,36,40.17847205,-76.83670345
PA,I83,38,40.19637945,-76.86079624999999
PA,I83,35,40.166342900000004,-76.82902565
PA,I83,28,40.081836300000006,-76.76498864999999
PA,I83,18A,39.956875,-76.6847737
PA,I83,46B,40.253172,-76.814312
PA,I84,53,41.3574934,-74.7127815
PA,I84,34,41.3580144,-75.0552893
PA,I84,17,41.354394400000004,-75.3748856
PA,I84,46,41.338227849999996,-74.83764275
PA,I84,20,41.341208800000004,-75.313415
PA,I84,26,41.360583500000004,-75.2023875
PA,I84,30,41.36647305,-75.12722595
PA,I84,4,41.3760191,-75.5724661
PA,I84,1,41.411640000000006,-75.59830935
PA,I84,2,41.40287635,-75.58983685000001
PA,I84,8,41.406236899999996,-75.5045293
PA,I84,188,41.4235981,-75.6076133
PA,I90,22B,42.033557599999995,-80.11881005000001
PA,I90,24,42.04963675,-80.08080960000001
PA,I90,29,42.092666550000004,-80.00668415
PA,I90,45,42.234185749999995,-79.77975785
PA,I90,35,42.140241200000006,-79.92177755
PA,I90,3,41.9432121,-80.46341335
PA,I90,6,41.9450762,-80.40221084999999
PA,I90,9,41.96262995,-80.340946
PA,I90,18,42.01851335,-80.18823655
PA,I90,22A,42.03030245,-80.12576785
PA,I90,37,42.15241675,-79.8949956
PA,I90,41,42.189575149999996,-79.82798905000001
PA,I90,16,42.00491315,-80.2389518
PA,I90,27,42.069699150000005,-80.04058025
PA,I90,32,42.1190684,-79.96275935
PA,I95,32,40.0463291,-75.0002972
PA,I95,22,39.95691855,-75.1398347
PA,I95,15,39.8859614,-75.2104623
PA,I95,20,39.9351286,-75.14481395
PA,I95,19,39.90780125,-75.149788
PA,I95,17,39.89864825,-75.17569795
PA,I95,23,39.971940000000004,-75.122219
PA,I95,30,40.0256969,-75.02935015
PA,I95,27,40.003142499999996,-75.07309839999999
PA,I95,14,39.8892973,-75.2186741
PA,I95,25,39.982874699999996,-75.09909590000001
PA,I95,12AB,39.8930118,-75.2265836
PA,I95,8,39.87023825,-75.32332679999999
PA,I95,12,39.8762215,-75.2576398
PA,I95,37,40.083318,-74.9346275
PA,I95,39,40.11201545,-74.89189984999999
PA,I95,35,40.0689991,-74.96152535
PA,I95,40,40.12361344999999,-74.8830323
PA,I95,7,39.86632265,-75.34334960000001
PA,I95,9BA,39.8708945,-75.30157840000001
PA,I95,11,39.8203202,-75.4483625
PA,I95,1,39.828590899999995,-75.43234874999999
PA,I95,2,39.8334301,-75.42458690000001
PA,I95,3,39.8390051,-75.4090603
PA,I95,4,39.84763235,-75.38531295
PA,I95,5,39.8503782,-75.3772484
PA,I95,6,39.85790885,-75.35938185
PA,I95,42,40.123574500000004,-74.85571300000001
PA,I95,13,39.8806124,-75.2467383
PA,I95,3A,39.8415488,-75.4031836
PA,I95,26,39.995411,-75.0846157
PA,I95,10,39.8762014,-75.2813165
PA,I95,3B,39.8416288,-75.4022784
PA,I99,69,40.81629015,-77.92141505000001
PA,I99,73,40.8276974,-77.84910775
PA,I99,148,41.38076835,-77.0611491
PA,I99,136,41.2387598,-77.04684385
PA,I99,45,40.6437574,-78.268438
PA,I99,15,40.2583642,-78.45682740000001
PA,I99,28,40.4410361,-78.4260182
PA,I99,23,40.370255400000005,-78.43564420000001
PA,I99,31,40.466404100000005,-78.40843475
PA,I99,32,40.47949365,-78.39417159999999
PA,I99,182,41.807044000000005,-77.09224245
PA,I99,83,40.91664255,-77.74177925000001
PA,I99,3,40.095918999999995,-78.529165
PA,I99,10,40.1922542,-78.48737645
PA,I99,7,40.147182,-78.50926749999999
PA,I99,1,40.0625977,-78.5179545
PA,I99,52,40.710404,-78.1899617
PA,I99,61,40.803210750000005,-78.06379860000001
PA,I99,62,40.8099779,-78.0547192
PA,I99,165,41.5907458,-77.1080479
PA,I99,76,40.847097250000004,-77.8113672
PA,I99,78A,40.8707608,-77.78041379999999
PA,I99,78B,40.87403855,-77.77584920000001
PA,I99,81,40.8908857,-77.7357535
PA,I99,80,40.8828704,-77.7470275
PA,I99,48,40.6713424,-78.2359306
PA,I99,41,40.59840065,-78.3137491
PA,I99,39,40.56151115,-78.32834125
PA,I99,33,40.4946357,-78.38230920000001
PA,I99,179,41.773741099999995,-77.07162919999999
PA,I99,155,41.4585203,-77.12994760000001
PA,I99,183,41.8320251,-77.0902405
PA,I99,162,41.56028825,-77.1168548
PA,I99,172,41.672298850000004,-77.0758637
PA,I99,152,41.437397399999995,-77.0985335
PA,I99,68,40.817760750000005,-77.93338645
PA,I99,137,41.24932245,-77.0472102
PA,I99,140,41.2926425,-77.06524395
PA,I99,143,41.3239511,-77.0946687
PA,I99,158,41.4966542,-77.1424106
PA,I99,196,41.99191275,-77.1362397
PA,I99,191,41.9291024,-77.11518525
PA,I99,71,40.81867065,-77.90115525
PA,I99,74,40.8372951,-77.8334894
PA,SR28,,,
PA,SR865,,,
PA,US220,161,40.9460899,-77.7123768
PA,US220,69,40.81629015,-77.92141505000001
PA,US220,73,40.8276974,-77.84910775
PA,US220,111,41.12683475,-77.4388851
PA,US220,116,41.15182475,-77.3537968
PA,US220,120,41.1963585,-77.29718700000001
PA,US220,109,41.11070745,-77.47520175
PA,US220,173,41.03191785,-77.5186981
PA,US220,107,41.08777465,-77.4761137
PA,US220,178,41.0510999,-77.4417925
PA,US220,118,41.176312499999995,-77.3240585
PA,US220,25,41.247487,-76.9765885
PA,US220,20,41.25750265,-76.8961977
PA,US220,23A,41.247017,-76.944986
PA,US220,23B,41.245678,-76.949861
PA,US220,23,40.66317226666667,-77.93731613333334
PA,US220,29,41.231200400000006,-77.03736655
PA,US220,26,41.2443659,-76.9918172
PA,US220,15,40.58557046666667,-77.90926693333334
PA,US220,21,41.2641109,-76.9179065
PA,US220,27A,41.23919225,-76.9989961
PA,US220,45,40.6437574,-78.268438
PA,US220,28,40.836304874999996,-77.722492725
PA,US220,31,40.466404100000005,-78.40843475
PA,US220,32,40.47949365,-78.39417159999999
PA,US220,83,40.91664255,-77.74177925000001
PA,US220,17,41.245789,-76.833981
PA,US220,3,40.095918999999995,-78.529165
PA,US220,10,40.1922542,-78.48737645
PA,US220,7,40.147182,-78.50926749999999
PA,US220,1,40.05763435,-78.51802375
PA,US220,52,40.710404,-78.1899617
PA,US220,61,40.803210750000005,-78.06379860000001
PA,US220,62,40.8099779,-78.0547192
PA,US220,76,40.847097250000004,-77.8113672
PA,US220,78A,40.8707608,-77.78041379999999
PA,US220,78B,40.87403855,-77.77584920000001
PA,US220,81,40.8908857,-77.7357535
PA,US220,80,40.8828704,-77.7470275
PA,US220,48,40.6713424,-78.2359306
PA,US220,41,40.59840065,-78.3137491
PA,US220,39,40.56151115,-78.32834125
PA,US220,33,40.4946357,-78.38230920000001
PA,US220,68,40.817760750000005,-77.93338645
PA,US220,27B,41.233815,-77.0106465
PA,US220,71,40.81867065,-77.90115525
PA,US220,74,40.8372951,-77.8334894
PA,US220,163,40.9615247,-77.67062965
RI,I295,1A,41.717709049999996,-71.47554255
RI,I295,1B,41.724063799999996,-71.48072775
RI,I295,28A,41.7062861,-71.4724138
RI,I295,6,41.78881385,-71.5059641
RI,I295,3B,41.7610653,-71.4810535
RI,I295,12A,41.8667515,-71.5148569
RI,I295,12B,41.8717349,-71.51506645
RI,I295,18B,41.942978249999996,-71.47247135
RI,I295,15A,41.90666065,-71.51371230000001
RI,I295,15B,41.91018185,-71.50988295
RI,I295,3A,41.7549377,-71.4813042
RI,I295,22,41.9507464,-71.40223785
RI,I295,20,41.94614085,-71.4342492
RI,I295,18A,41.9428615,-71.47920690000001
RI,I295,9,41.8127975,-71.5092073
RI,I295,9CA,41.8369464,-71.5179919
RI,I295,3,41.7514675,-71.4818534
RI,I295,10,41.84930595,-71.51179115
RI,I295,7,41.80449485,-71.51014789999999
RI,I95,31BA,41.7511997,-71.4408208
RI,I95,27,41.6928714,-71.4766898
RI,I95,14A,41.60050635,-71.65835135
RI,I95,18,41.650065,-71.60798975
RI,I95,24A,41.6665404,-71.50155645000001
RI,I95,27A,41.697965,-71.475433
RI,I95,28CA,41.7199735,-71.4692482
RI,I95,29,41.72973575,-71.45695649999999
RI,I95,24B,41.6674323,-71.4932901
RI,I95,19,41.652538750000005,-71.57601285000001
RI,I95,28A,41.7062861,-71.4724138
RI,I95,28B,41.7138343,-71.47131185
RI,I95,14B,41.6058336,-71.65627119999999
RI,I95,31C,41.7569742,-71.4347613
RI,I95,36B,41.813927699999994,-71.41026995
RI,I95,40,41.865711,-71.402893
RI,I95,37DCB,41.8303558,-71.4179035
RI,I95,37A,41.8226858,-71.41838235
RI,I95,35,41.79967345,-71.40429499999999
RI,I95,34,41.7900311,-71.4179472
RI,I95,37BCD,41.8213052,-71.4201102
RI,I95,27B,41.7020178,-71.4741391
RI,I95,21,41.6593085,-71.54784055
RI,I95,39A,41.8459071,-71.4110117
RI,I95,42,41.8854735,-71.3787661
RI,I95,43,41.8896249,-71.37809755
RI,I95,39B,41.8578547,-71.4049234
RI,I95,39BC,41.851292,-71.410179
RI,I95,41,41.8733942,-71.385137
RI,I95,31ABC,41.7425493,-71.445015
RI,I95,41A,41.8722125,-71.3954607
RI,I95,38,41.8409008,-71.4111229
RI,I95,4,41.4857794,-71.7329278
RI,I95,9,41.5357328,-71.6796372
RI,I95,7,41.5126695,-71.69230830000001
RI,I95,1,41.448546199999996,-71.78610105
RI,I95,41B,41.8730371,-71.3893262
RI,I95,42AB,41.8796604,-71.3779876
RI,I95,33AB,41.7784928,-71.4255873
RI,I95,36A,41.81296295,-71.4107478
RI,I95,93,41.4421493,-71.7971341
RI,I95,33BA,41.7864006,-71.4216228
RI,I95,38AB,41.8232287,-71.4198785
SC,I185,7,34.72342,-82.393897
SC,I185,31,34.7708232,-82.2732251
SC,I185,31A,34.767228,-82.278217
SC,I185,4,34.72471,-82.3421155
SC,I185,10,34.740888,-82.4351255
SC,I185,1B,34.751841,-82.293347
SC,I185,16,34.809478,-82.422025
SC,I185,12,34.76487415,-82.4501153
SC,I185,14B,34.7922696,-82.438831
SC,I185,7A,34.7235037,-82.3821221
SC,I185,1A,34.750331,-82.295601
SC,I185,14A,34.78759635,-82.43993745
SC,I185,7B,34.7235784,-82.3876584
SC,I185,15,34.8006505,-82.4297711
SC,I26,217218,32.8410587,-79.968166
SC,I26,213A,32.8746043,-80.0139954
SC,I26,212BC,32.8891528,-80.0194193
SC,I26,220,32.8110064,-79.950973
SC,I26,139,33.63419105,-80.87566319999999
SC,I26,136,33.67262395,-80.89788870000001
SC,I26,172A,33.287755250000004,-80.51510195
SC,I26,60,34.43938105,-81.76089465000001
SC,I26,54,34.49659715,-81.84407075
SC,I26,129,33.7644306,-80.96335644999999
SC,I26,107A,34.038973299999995,-81.112686
SC,I26,116,33.9239597,-81.0682735
SC,I26,113,33.9560911,-81.0932661
SC,I26,110,34.00347855,-81.10992590000001
SC,I26,108BA,34.018358,-81.106067
SC,I26,111B,33.97971155,-81.10682535000001
SC,I26,111A,33.98211345,-81.10699095000001
SC,I26,52,34.50664425,-81.8598604
SC,I26,106,34.046115,-81.119626
SC,I26,104,34.067454,-81.142289
SC,I26,106B,34.041737,-81.11524
SC,I26,106A,34.044443,-81.117778
SC,I26,91,34.17821345,-81.32399305
SC,I26,115,33.929731849999996,-81.07458645
SC,I26,66,34.3789071,-81.6799005
SC,I26,85,34.221276950000004,-81.4133748
SC,I26,82,34.239016750000005,-81.46091625
SC,I26,165,33.35968845,-80.59230725
SC,I26,159,33.41420435,-80.6679724
SC,I26,145,33.558727000000005,-80.82417335
SC,I26,149,33.5213758,-80.79256235
SC,I26,169B,33.3155341,-80.54504465
SC,I26,154B,33.4568042,-80.72848475
SC,I26,169A,33.3213277,-80.55060195
SC,I26,154A,33.459393899999995,-80.73143145
SC,I26,101A,34.1015375,-81.1774051
SC,I26,97,34.144872,-81.23556175
SC,I26,107B,34.0349472,-81.10867415
SC,I26,103,34.0792941,-81.15405185
SC,I26,101B,34.0969037,-81.1724211
SC,I26,108B,34.029661,-81.103206
SC,I26,102B,34.0887156,-81.16351739999999
SC,I26,28,34.837821399999996,-81.9705778
SC,I26,16,35.009343,-82.028115
SC,I26,38,34.69853235,-81.9408857
SC,I26,19A,34.97017145,-82.00644299999999
SC,I26,41,34.663897500000004,-81.9276255
SC,I26,15,35.0273943,-82.03521065000001
SC,I26,18A,34.979822999999996,-82.01376565000001
SC,I26,10,35.080771,-82.06208000000001
SC,I26,1,35.1832425,-82.157164
SC,I26,5,35.136832,-82.1044775
SC,I26,35,34.7473155,-81.954669
SC,I26,44,34.6174496,-81.90132535000001
SC,I26,19B,34.96617605,-82.00573685
SC,I26,21B,34.934666199999995,-81.99437465
SC,I26,22,34.92149315,-81.98915075
SC,I26,17,34.990705500000004,-82.020129
SC,I26,18B,34.976203350000006,-82.00980155
SC,I26,21A,34.9376545,-81.99729310000001
SC,I26,205A,32.981132200000005,-80.0778444
SC,I26,187,33.13686345,-80.30975825
SC,I26,199A,33.03939045,-80.14989925
SC,I26,199B,33.037023250000004,-80.14746844999999
SC,I26,203,32.99784375,-80.09341315
SC,I26,205B,32.977011000000005,-80.07673395
SC,I26,209BA,32.9279436,-80.0436571
SC,I26,218,32.8303021,-79.9556214
SC,I26,216B,32.8428855,-79.97766185
SC,I26,216A,32.844412649999995,-79.9829456
SC,I26,215,32.8530416,-79.98864975000001
SC,I26,213,32.8679912,-80.004484
SC,I26,211AB,32.9085896,-80.0269399
SC,I26,108A,34.0332309,-81.1070576
SC,I26,76,34.29339895,-81.5461817
SC,I26,212C,32.8797606,-80.0174242
SC,I26,212B,32.8837561,-80.0197304
SC,I26,125,33.80966115,-81.00631035
SC,I26,219A,32.8193212,-79.9549995
SC,I26,220B,32.8007952,-79.9459888
SC,I26,213B,32.8715209,-80.0111535
SC,I26,194,33.0849842,-80.2130588
SC,I26,194B,33.0790417,-80.2025551
SC,I26,177,33.23258605,-80.44684225
SC,I26,172B,33.2859919,-80.51157140000001
SC,I26,102A,34.0931322,-81.1682222
SC,I26,221AB,32.8002647,-79.9457049
SC,I26,219B,32.815538,-79.9543316
SC,I26,220A,32.8022863,-79.9471458
SC,I26,51,34.5121602,-81.8669964
SC,I26,74,34.311262049999996,-81.5746732
SC,I26,72,34.3310814,-81.60927645000001
SC,I26,209A,32.9429905,-80.0526636
SC,I26,211A;211B,32.8934027,-80.0184254
SC,I26,197B,33.0498669,-80.1603096
SC,I26,197A,33.053917,-80.1647472
SC,I26,197,33.0570843,-80.1697597
SC,I26,189,33.12078615,-80.276882
SC,I26,194A,33.082454,-80.2077854
SC,I26,119,33.880548250000004,-81.0369186
SC,I26,206,32.96466275,-80.07272044999999
SC,I385,23,34.6803879,-82.2036674
SC,I385,31,34.7666696,-82.27700254999999
SC,I385,42,34.8534896,-82.3832244
SC,I385,24,34.68829845,-82.2177881
SC,I385,30,34.75376355,-82.28248665
SC,I385,37,34.8398193,-82.31393265
SC,I385,40B,34.8575154,-82.3577747
SC,I385,34,34.80568095,-82.2829759
SC,I385,40A,34.8581467,-82.35470745
SC,I385,33,34.790648950000005,-82.28056735
SC,I385,26,34.7044323,-82.23939765
SC,I385,39,34.8541834,-82.3352712
SC,I385,35;36AB,34.8163886,-82.2900868
SC,I385,29,34.73800395,-82.27224805
SC,I385,27,34.71895385,-82.2546982
SC,I385,35,34.8345741,-82.3029694
SC,I385,36BA,34.8355556,-82.3061415
SC,I385,22,34.66760295,-82.180733
SC,I385,19,34.64392525,-82.1499526
SC,I385,2,34.5177797,-81.9001406
SC,I385,5,34.538161349999996,-81.9534087
SC,I385,9,34.5530634,-82.0049639
SC,I385,10,34.56886105,-82.02952955
SC,I385,16,34.62542565,-82.0984469
SC,I385,51,34.5121602,-81.8669964
SC,I520,17,33.48722055,-81.9346343
SC,I520,21,33.527991650000004,-81.92466495
SC,I520,22,33.54824255,-81.92774159999999
SC,I526,28,32.8395947,-79.86245545
SC,I526,17,32.8787443,-80.0248485
SC,I526,11A,32.80814175,-80.03677625
SC,I526,29,32.8261873,-79.8507655
SC,I526,30,32.814578850000004,-79.84950135
SC,I526,11B,32.81243105,-80.03494624999999
SC,I526,18B,32.88977215,-80.00907939999999
SC,I526,18A,32.887363199999996,-80.013081
SC,I526,17A,32.8831299,-80.0203313
SC,I526,14,32.842343150000005,-80.01943335
SC,I526,19,32.8943127,-79.9904595
SC,I526,20,32.8939546,-79.9834562
SC,I526,23B,32.8780313,-79.9302671
SC,I526,15,32.853847650000006,-80.0209535
SC,I526,16B,32.869186,-80.0270958
SC,I526,16,32.8732182,-80.0270334
SC,I526,16A,32.8592589,-80.0237438
SC,I526,24,32.8682565,-79.9105213
SC,I526,17B,32.8859881,-80.0156392
SC,I526,23,32.8769888,-79.9285468
SC,I526,23A,32.8819811,-79.9355252
SC,I77,62,34.71271659999999,-81.0313075
SC,I77,1,33.9298391,-81.0578168
SC,I77,2,33.929215,-81.04282995
SC,I77,9B,33.9823449,-80.9539017
SC,I77,9A,33.9704534,-80.954427
SC,I77,24,34.17129885,-80.97156785
SC,I77,12,34.0216512,-80.94631575
SC,I77,16A,34.0669611,-80.9222885
SC,I77,17,34.08256005,-80.94128764999999
SC,I77,15,34.0560598,-80.9228532
SC,I77,5,33.95027335,-80.9906472
SC,I77,22,34.13516085,-80.9636407
SC,I77,27,34.2140201,-80.98448435
SC,I77,83,34.9975585,-80.97654895
SC,I77,88,35.060830100000004,-80.95575055
SC,I77,73,34.85751075,-81.00858175
SC,I77,85,35.0275802,-80.96515554999999
SC,I77,77,34.9163054,-80.98092184999999
SC,I77,82BA;82C,34.9833403,-80.986358
SC,I77,75,34.8908093,-80.99509415
SC,I77,90,35.093398449999995,-80.9343129
SC,I77,79,34.941224500000004,-80.97298624999999
SC,I77,16B,34.0715316,-80.9258693
SC,I77,15B,34.0527234,-80.9227966
SC,I77,13,34.0355295,-80.938029
SC,I77,10,33.9952008,-80.9576407
SC,I77,9AB,33.96713,-80.9532146
SC,I77,6,33.9524028,-80.9663803
SC,I77,19,34.09844445,-80.95721025
SC,I77,32,34.28247975,-80.9973605
SC,I77,34,34.30816335,-81.0003129
SC,I77,46,34.4723271,-80.9960126
SC,I77,55,34.610199449999996,-81.019448
SC,I77,65,34.745594,-81.035527
SC,I77,18,34.0976961,-80.957248
SC,I77,16,34.0611711,-80.9220571
SC,I77,6A,33.9493605,-80.976809
SC,I77,6B,33.9512283,-80.9692076
SC,I77,82ABC,34.9658859,-80.9832546
SC,I77,15A,34.0492475,-80.9258214
SC,I77,41,34.40519045,-80.9945531
SC,I77,48,34.509528399999994,-80.9978622
SC,I77,81,34.9576635,-80.9798569
SC,I82,,,
SC,I85,77,35.0121915,-81.91250450000001
SC,I85,90,35.08285155,-81.7057361
SC,I85,100,35.128651500000004,-81.5514162
SC,I85,102,35.1408356,-81.5091429
SC,I85,104,35.157337999999996,-81.47982735
SC,I85,11,34.5273135,-82.843032
SC,I85,14,34.546865499999996,-82.8067235
SC,I85,19B,34.573556350000004,-82.70921895000001
SC,I85,35,34.7091675,-82.49974399999999
SC,I85,40,34.774631850000006,-82.4636666
SC,I85,32,34.6746561,-82.53687504999999
SC,I85,27,34.632441,-82.59970949999999
SC,I85,21,34.5795443,-82.69189374999999
SC,I85,39,34.759396,-82.47453999999999
SC,I85,4,34.50610225,-82.9639892
SC,I85,19A,34.573209500000004,-82.7139595
SC,I85,34,34.695242,-82.503988
SC,I85,96,35.1095393,-81.60128235
SC,I85,106,35.162557050000004,-81.4546458
SC,I85,42,34.788923499999996,-82.439652
SC,I85,48B,34.8139909,-82.33528670000001
SC,I85,48A,34.8132299,-82.3379837
SC,I85,51ABC,34.8242016,-82.3113175
SC,I85,54,34.85920095,-82.2588762
SC,I85,46AC,34.7948381,-82.3871911
SC,I85,51BCA,34.8426434,-82.2828027
SC,I85,44BA,34.792501,-82.40662
SC,I85,44B,34.7912321,-82.424917
SC,I85,56,34.869322,-82.230915
SC,I85,1,34.48831285,-83.02288525
SC,I85,2,34.72555916666666,-82.46890946666666
SC,I85,78,35.01780025,-81.8970545
SC,I85,66,34.9395085,-82.0751515
SC,I85,63,34.91456375,-82.10651155
SC,I85,72,34.99836005,-81.99142125
SC,I85,75,35.01275375,-81.95774
SC,I85,70,34.97834605,-82.01173865
SC,I85,69,34.9634326,-82.0395861
SC,I85,68,34.962494199999995,-82.04423564999999
SC,I85,60,34.8931355,-82.160165
SC,I85,58,34.88564565,-82.1898663
SC,I85,80,35.02692295,-81.8748827
SC,I85,5756,34.8808175,-82.2047217
SC,I85,92,35.0970753,-81.66835445000001
SC,I85,46CA,34.8021154,-82.3594978
SC,I85,57,34.8746254,-82.2185508
SC,I85,87,35.0698796,-81.7634522
SC,I85,95,35.1031584,-81.6260058
SC,I85,83,35.044778449999995,-81.81488705
SC,I95,108,33.588831049999996,-80.35634205
SC,I95,102,33.523439800000006,-80.430081
SC,I95,115,33.65119655,-80.2773347
SC,I95,119,33.7047532,-80.24473535
SC,I95,122,33.738504899999995,-80.2110919
SC,I95,42,32.75095075,-80.8284036
SC,I95,62,33.00242205000001,-80.6693648
SC,I95,68,33.08422335,-80.65286384999999
SC,I95,53,32.87974115,-80.7165291
SC,I95,57,32.9326211,-80.68848750000001
SC,I95,190,34.419016150000004,-79.41236939999999
SC,I95,181A,34.341319,-79.535933
SC,I95,181B,34.3442097,-79.5319551
SC,I95,1A,34.5010672,-79.3093856
SC,I95,193,34.44258375,-79.3729123
SC,I95,77,33.19719545,-80.60450660000001
SC,I95,164,34.23188435,-79.79699575000001
SC,I95,157,34.1555779,-79.87278995
SC,I95,169,34.26494265,-79.7319862
SC,I95,160A,34.191514850000004,-79.84670835
SC,I95,160B,34.19672705,-79.83998615
SC,I95,170,34.2693485,-79.7038312
SC,I95,38,32.70207605,-80.8726566
SC,I95,8,32.3119875,-81.05953199999999
SC,I95,21,32.47760715,-80.9719249
SC,I95,5,32.2736324,-81.08011619999999
SC,I95,22,32.5038306,-80.9710091
SC,I95,18,32.4438289,-80.99483685000001
SC,I95,28,32.57981755,-80.9304724
SC,I95,33,32.630447000000004,-80.88266905
SC,I95,90,33.38240115,-80.5189435
SC,I95,98,33.4852548,-80.4712959
SC,I95,86B,33.321329500000004,-80.5458726
SC,I95,93,33.41265065,-80.4990872
SC,I95,146,34.02381200000001,-79.99337299999999
SC,I95,135,33.901080199999996,-80.0931892
SC,I95,141,33.96924799999999,-80.04186530000001
SC,I95,150,34.06878395,-79.9512986
SC,I95,132,33.86014755,-80.11304684999999
SC,I95,97,33.46220125,-80.47822595
SC,I95,153,34.11180815,-79.91055365
SC,I95,86A,33.3155457,-80.55004985
SC,I95,1,34.499641,-79.3109362
SC,I95,82,33.271165100000005,-80.56923695
SD,I229,1C,43.4960183,-96.77008775
SD,I229,1AB,43.4926499,-96.7859412
SD,I229,3,43.510083,-96.7312656
SD,I229,9,43.587285,-96.69210924999999
SD,I229,10B,43.6072488,-96.6906036
SD,I229,6,43.547256950000005,-96.6939557
SD,I229,7,43.5661354,-96.69344305000001
SD,I229,4,43.5160433,-96.71158075
SD,I229,5,43.526358,-96.70235794999999
SD,I229,10A,43.6015675,-96.6905935
SD,I229,2,43.50337045,-96.7490052
SD,I29,127,44.239143,-96.75716105000001
SD,I29,133,44.325773350000006,-96.75833349999999
SD,I29,185,45.006070699999995,-97.05425514999999
SD,I29,150,44.572666850000005,-96.7623399
SD,I29,157,44.659805750000004,-96.81585025
SD,I29,164,44.74647565,-96.8848002
SD,I29,201,45.2242647,-97.05110755000001
SD,I29,75,43.48745185,-96.794645
SD,I29,59,43.2578565,-96.7962085
SD,I29,64,43.330214850000004,-96.79647700000001
SD,I29,71,43.43246325,-96.79631420000001
SD,I29,68,43.38830215,-96.79632875
SD,I29,62,43.3020772,-96.7962751
SD,I29,53,43.170689949999996,-96.79568105
SD,I29,56,43.21421925,-96.795965
SD,I29,73,43.46099065,-96.79750065
SD,I29,50,43.1269465,-96.796764
SD,I29,79,43.54320905,-96.78045875000001
SD,I29,77,43.5152133,-96.78073655
SD,I29,94,43.7610476,-96.78129265000001
SD,I29,81,43.573028699999995,-96.774655
SD,I29,83,43.599767099999994,-96.7711045
SD,I29,84A,43.6103351,-96.7705851
SD,I29,78,43.5267208,-96.78046225
SD,I29,82,43.587326000000004,-96.77108055
SD,I29,114,44.051462,-96.75893070000001
SD,I29,80,43.559514050000004,-96.7794168
SD,I29,121,44.1524713,-96.7596613
SD,I29,104,43.9063534,-96.7585197
SD,I29,207,45.3148796,-97.0516001
SD,I29,242,45.79052155,-96.89455505000001
SD,I29,232,45.6599921,-96.98536915
SD,I29,224,45.54385555,-96.98939935
SD,I29,246,45.84929955,-96.86524349999999
SD,I29,213,45.4036068,-97.02046455
SD,I29,31,42.851774750000004,-96.796029
SD,I29,2,42.5250682,-96.49942245
SD,I29,9,42.605093600000004,-96.57670795
SD,I29,42,43.01126855,-96.79566875
SD,I29,15,42.66767445,-96.66511785
SD,I29,4,42.5501574,-96.50879545
SD,I29,38,42.9535214,-96.7948864
SD,I29,1,42.50464915,-96.49014385000001
SD,I29,18,42.69042595,-96.69722145
SD,I29,26,42.78614255,-96.79094125
SD,I29,47,43.08404605,-96.79612295
SD,I29,98,43.8191588,-96.7805095
SD,I29,86,43.64559285,-96.7719089
SD,I29,109,43.97910755,-96.7584602
SD,I29,132,44.31173185,-96.7585557
SD,I29,140,44.42716595,-96.75668809999999
SD,I29,177,44.890437399999996,-97.05685005000001
SD,I29,180,44.93381945,-97.055902
SD,I29,193,45.10797505,-97.05640875
SD,I29,84B,43.6153843,-96.770313
SD,I29,130,44.28041355,-96.7582039
SD,I90,308,43.7045976,-98.48574355
SD,I90,310,43.69484955,-98.4441197
SD,I90,296,43.7175115,-98.71423935
SD,I90,272,43.752943,-99.1832215
SD,I90,263,43.794409900000005,-99.3427351
SD,I90,RESTAREA,43.782310100000004,-99.33198805
SD,I90,265,43.77096495,-99.3124904
SD,I90,284,43.738023999999996,-98.958268
SD,I90,289,43.737939,-98.8545665
SD,I90,319,43.695389,-98.2655145
SD,I90,332,43.69189675,-98.0124083
SD,I90,325,43.6952285,-98.1460805
SD,I90,330,43.6917221,-98.04663769999999
SD,I90,335,43.69481805,-97.94726320000001
SD,I90,344,43.6646769,-97.78647275
SD,I90,350,43.6656154,-97.6663358
SD,I90,150,43.840891,-101.52432735
SD,I90,127,43.8677758,-101.9599633
SD,I90,143,43.8361005,-101.66106065
SD,I90,152,43.85088395,-101.4826133
SD,I90,170,43.88104275,-101.14130155
SD,I90,163,43.8427866,-101.27197945
SD,I90,131,43.8402053,-101.89920415
SD,I90,172,43.8977366,-101.1042931
SD,I90,183,43.888994999999994,-100.88841099999999
SD,I90,192,43.8830962,-100.7058831
SD,I90,191,43.884795049999994,-100.7346944
SD,I90,201,43.908722,-100.5471855
SD,I90,208,43.909605,-100.4072275
SD,I90,17,44.479078799999996,-103.73975490000001
SD,I90,2,44.546239099999994,-104.01178945000001
SD,I90,23,44.471182400000004,-103.6373938
SD,I90,14,44.4773043,-103.8141278
SD,I90,12,44.4935813,-103.84820785
SD,I90,10,44.51898345,-103.86548675
SD,I90,235,43.8952032,-99.86567314999999
SD,I90,260,43.80104935,-99.395151
SD,I90,226,43.89816435,-100.0454518
SD,I90,241,43.87583925,-99.74143699999999
SD,I90,225,43.8986587,-100.06521725
SD,I90,248,43.8643911,-99.60627815000001
SD,I90,220,43.9037565,-100.16611549999999
SD,I90,214,43.912402,-100.28642285000001
SD,I90,212,43.91238655,-100.31263135
SD,I90,251,43.84995015,-99.56419595
SD,I90,368,43.66659195,-97.307897
SD,I90,374,43.666362,-97.18892785
SD,I90,364,43.666242499999996,-97.388366
SD,I90,353,43.66530795,-97.58844995
SD,I90,357,43.66429485,-97.50843434999999
SD,I90,48,44.19841125,-103.3485036
SD,I90,46,44.22378155,-103.37751465
SD,I90,44,44.2422075,-103.3964591
SD,I90,37,44.344001,-103.4476167
SD,I90,34,44.3712455,-103.47308845
SD,I90,40,44.299418200000005,-103.43290555
SD,I90,30,44.418812700000004,-103.53439159999999
SD,I90,32,44.3945973,-103.50302585
SD,I90,379,43.644021949999996,-97.0894644
SD,I90,406,43.60865235,-96.57215325
SD,I90,390,43.6090474,-96.8905304
SD,I90,387,43.608986099999996,-96.95028525000001
SD,I90,399,43.60573535,-96.71135340000001
SD,I90,396B,43.612754550000005,-96.7667668
SD,I90,400,43.60634365,-96.6947112
SD,I90,410,43.6087344,-96.4921635
SD,I90,116,43.9365217,-102.15151865
SD,I90,109,43.99443185,-102.25859675000001
SD,I90,110,43.98695885,-102.23982695000001
SD,I90,84,44.103519899999995,-102.70881385
SD,I90,90,44.103377550000005,-102.5885291
SD,I90,88,44.1058797,-102.6347378
SD,I90,107,44.01553,-102.28836419999999
SD,I90,78,44.103525649999995,-102.8286791
SD,I90,112,43.984546449999996,-102.2118625
SD,I90,101,44.06743765,-102.3921046
SD,I90,67B,44.1177897,-103.0498834
SD,I90,61,44.1006109,-103.1517321
SD,I90,60,44.100186750000006,-103.17949745
SD,I90,177,43.901065700000004,-101.004289
SD,I90,8,44.522186649999995,-103.89173245
SD,I90,121,43.909266099999996,-102.06022705
SD,I90,98,44.0661172,-102.452579
SD,I90,57,44.10536664999999,-103.2343301
SD,I90,55,44.113987,-103.2710197
SD,I90,58,44.10452705,-103.2212619
SD,I90,59,44.1043411,-103.2035258
SD,I90,63,44.1125313,-103.1217109
SD,I90,67A,44.1177852,-103.0582407
SD,I90,67,44.1180268,-103.0432374
SD,I90,396A,43.6127182,-96.77403925
SD,I90,52,44.1539137,-103.302812
SD,I90,395,43.609869599999996,-96.79575804999999
SD,I90,402,43.60894035,-96.65182999999999
TN,I155,15,36.0706989,-89.3507881
TN,I155,2,36.093057200000004,-89.58559615
TN,I155,13,36.06874655,-89.39672335
TN,I155,7,36.0753192,-89.4951341
TN,I24,43,36.2379718,-86.78441285
TN,I24,31,36.34841385,-86.93144609999999
TN,I24,111,35.4865302,-86.071056
TN,I24,110,35.4996643,-86.0865392
TN,I24,117,35.417542,-86.01656750000001
TN,I24,105,35.535580499999995,-86.1638829
TN,I24,114,35.4573645,-86.0518954
TN,I24,97,35.625251500000005,-86.2432581
TN,I24,60,36.0377567,-86.6464167
TN,I24,56,36.08538405,-86.6997551
TN,I24,87,36.206619399999994,-86.7763135
TN,I24,59,36.045277850000005,-86.65888945
TN,I24,53,36.1245119,-86.726737
TN,I24,52,36.129456700000006,-86.72727284999999
TN,I24,44B;44A,36.2270779,-86.778665
TN,I24,47,36.179829749999996,-86.77389930000001
TN,I24,54,36.11123655,-86.72226905
TN,I24,47A,36.17547475,-86.7716246
TN,I24,57A,36.073348,-86.6923701
TN,I24,49,36.1648188,-86.7633356
TN,I24,57,36.0669099,-86.686772
TN,I24,48,36.173423400000004,-86.76991075000001
TN,I24,211,36.1539867,-86.7573161
TN,I24,62,36.0147657,-86.6209335
TN,I24,213A,36.1405973,-86.7319272
TN,I24,50A;50B,36.1577853,-86.7604175
TN,I24,52A;52B,36.1363901,-86.7267209
TN,I24,212,36.15012955,-86.74881719999999
TN,I24,127,35.300136249999994,-85.9030414
TN,I24,181,35.016589350000004,-85.28077784999999
TN,I24,180B,35.0196425,-85.2955986
TN,I24,174,35.01902055,-85.3830379
TN,I24,180A,35.0212031,-85.2948045
TN,I24,183,35.015246,-85.25349
TN,I24,175,35.027460149999996,-85.36429015
TN,I24,178B,35.0298175,-85.3220231
TN,I24,135,35.2316258,-85.82644105
TN,I24,158,35.032130499999994,-85.5833428
TN,I24,152,35.0413877,-85.6942626
TN,I24,161,35.01538695,-85.54025064999999
TN,I24,155,35.04943315,-85.63099360000001
TN,I24,143,35.145494150000005,-85.77475475
TN,I24,11,36.52527795,-87.2212078
TN,I24,8,36.556060349999996,-87.2490107
TN,I24,1,36.63018375,-87.31710325
TN,I24,4,36.59983165,-87.28250220000001
TN,I24,24,36.4022063,-87.0252807
TN,I24,19,36.45022205,-87.09952935
TN,I24,64,35.9936273,-86.594078
TN,I24,81,35.8084322,-86.3924149
TN,I24,66,35.9712797,-86.5686949
TN,I24,89,35.721969349999995,-86.32059605
TN,I24,78B,35.84552495,-86.4333141
TN,I24,78A,35.8496277,-86.4378314
TN,I24,74B,35.8823345,-86.4737731
TN,I24,84,35.7807107,-86.3693299
TN,I24,80,35.8278445,-86.41387455
TN,I24,74A,35.88798165,-86.4799857
TN,I24,35,36.323983350000006,-86.8677324
TN,I24,40,36.2769668,-86.7997551
TN,I24,184,35.0052228,-85.2273935
TN,I24,178,35.0264959,-85.3041597
TN,I24,152B,35.0384942,-85.6850316
TN,I24,152A,35.0403831,-85.6909747
TN,I24,111B,35.4884645,-86.0729743
TN,I24,46B;46A,36.188403,-86.7753758
TN,I24,84B,35.7858031,-86.3729513
TN,I24,84A,35.7885829,-86.3747294
TN,I24,81B,35.8112556,-86.3957799
TN,I24,81A,35.8165651,-86.4016101
TN,I24,76,35.8673857,-86.45735780000001
TN,I24,88,36.2190094,-86.7744022
TN,I24,70,35.9349376,-86.53229759999999
TN,I24,134,35.239297050000005,-85.8458332
TN,I24,66B,35.9745336,-86.5711715
TN,I24,66A,35.9790766,-86.5750947
TN,I24,181A,35.0148068,-85.2749855
TN,I24,57B,36.0693399,-86.6895589
TN,I24,111A,35.4931061,-86.0767088
TN,I24,60A,36.0418223,-86.6531642
TN,I24,60B,36.0387516,-86.6480317
TN,I24,178A,35.02409,-85.3247961
TN,I240,25B,35.0768854,-90.0264636
TN,I240,12B,35.1530467,-89.8860442
TN,I240,28A,35.1086354,-90.0291454
TN,I240,12C,35.1556729,-89.88899955
TN,I240,26,35.081597349999996,-90.025578
TN,I240,28B,35.1116363,-90.02891735
TN,I240,16,35.0863452,-89.88015254999999
TN,I240,18,35.07876495,-89.90682795000001
TN,I240,23B,35.07663165,-89.98825360000001
TN,I240,24,35.07307005,-90.00955225
TN,I240,23A,35.076504,-89.98408495
TN,I240,21,35.08041,-89.95464325
TN,I240,17,35.0835378,-89.88690875
TN,I240,20,35.0794462,-89.9266713
TN,I240,29,35.1315745,-90.02403745000001
TN,I240,30,35.1388703,-90.02302995
TN,I240,31,35.1448863,-90.0223605
TN,I240,32,35.1540869,-90.0208709
TN,I240,1E,35.1612025,-90.0200795
TN,I240,12A,35.1543242,-89.8878792
TN,I240,13AB,35.1356817,-89.8680442
TN,I240,13,35.1276793,-89.867938
TN,I240,20AB,35.0807975,-89.9375784
TN,I240,15AB,35.10320285,-89.87006925
TN,I55,6B,35.0727847,-90.0257088
TN,I55,5A,35.061438,-90.0200027
TN,I55,6A,35.0681722,-90.0256992
TN,I55,5,35.0575163,-90.0155281
TN,I55,5B,35.0652732,-90.0256182
TN,I55,2B,35.0246887,-90.0026375
TN,I55,2A,35.0208575,-90.0027019
TN,I55,2,35.0164267,-90.0024357
TN,I55,7,35.07924725,-90.0570515
TN,I55,8,35.0797194,-90.0655881
TN,I55,9,35.0873694,-90.0760408
TN,I55,10,35.106876,-90.07577595000001
TN,I55,11,35.11647135,-90.07198364999999
TN,I55,12,35.123325,-90.06980165
TN,I55,291,34.9964852,-90.0025838
TN,I65,86A;86B,36.1918768,-86.7804984
TN,I65,2,36.661319,-86.559279
TN,I65,79,36.1014172,-86.7651664
TN,I65,96,36.3090859,-86.70393924999999
TN,I65,87,36.206619399999994,-86.7763135
TN,I65,209,36.15916355,-86.79105385
TN,I65,81,36.1345399,-86.7749509
TN,I65,209B,36.15481695,-86.78849805
TN,I65,92,36.26524695,-86.7374604
TN,I65,82A;82B,36.1448433,-86.7770005
TN,I65,74B,36.0408394,-86.78207355
TN,I65,80,36.11619065,-86.77187545
TN,I65,78,36.0776032,-86.766109
TN,I65,88,36.2237348,-86.77357555
TN,I65,85,36.18427285,-86.79762984999999
TN,I65,97,36.3224302,-86.70431819999999
TN,I65,6,35.0814466,-86.88351485
TN,I65,22,35.306355350000004,-86.8824186
TN,I65,74A,36.03641705,-86.78299415000001
TN,I65,90AB,36.2357005,-86.7636042
TN,I65,95,36.3007649,-86.7107585
TN,I65,208,36.1716822,-86.7987182
TN,I65,1,35.013513700000004,-86.87942
TN,I65,14,35.1930869,-86.87133895
TN,I65,32,35.44946255,-86.88401515
TN,I65,27,35.37246295,-86.8842334
TN,I65,46,35.642663850000005,-86.89371525
TN,I65,37,35.518318949999994,-86.89791695
TN,I65,108,36.469013,-86.6828797
TN,I65,117,36.59115405,-86.60041745000001
TN,I65,61,35.85707105,-86.83193700000001
TN,I65,65,35.914445799999996,-86.8242011
TN,I65,67,35.9351508,-86.81849375
TN,I65,69,35.96773455,-86.80717425
TN,I65,112,36.52794135,-86.64287665
TN,I65,121,36.6351282,-86.57244705
TN,I65,78AB,36.0906224,-86.7628082
TN,I65,71,35.99875305,-86.79572415
TN,I65,68B,35.95044575,-86.81318784999999
TN,I65,68A,35.945142450000006,-86.81503995
TN,I65,98,36.34741075,-86.71668115
TN,I65,104,36.4190466,-86.71726340000001
TN,I65,90B,36.2435279,-86.7483832
TN,I65,90A,36.2462945,-86.7449951
TN,I65,209A,36.156846,-86.790179
TN,I65,59AB,35.823354550000005,-86.8382339
TN,I65,53,35.744596200000004,-86.87191215
TN,I65,210,36.1484088,-86.7805924
TN,I65,84A;84B,36.1781252,-86.800936
TN,I75,122,36.1668545,-84.08169290000001
TN,I75,33,35.28976985,-84.81475760000001
TN,I75,20,35.15252265,-84.9472906
TN,I75,27,35.21353145,-84.8660402
TN,I75,2,35.0023906,-85.2068878
TN,I75,11,35.08640475,-85.06780309999999
TN,I75,1A,34.9869626,-85.2019286
TN,I75,3B,35.5038337,-84.5742992
TN,I75,5,35.04222605,-85.15626900000001
TN,I75,4,35.026594450000005,-85.1722474
TN,I75,3A,35.0148414,-85.1807303
TN,I75,385,35.9516146,-83.9810564
TN,I75,117,36.1069758,-84.0233602
TN,I75,72,35.73261895,-84.39491620000001
TN,I75,68,35.69327725,-84.4306701
TN,I75,76,35.7831452,-84.3437837
TN,I75,81,35.8291793,-84.27920435
TN,I75,369,35.8781949,-84.2374046
TN,I75,84AB,35.8659527,-84.2572699
TN,I75,42,35.3924643,-84.71872859999999
TN,I75,49,35.46592825,-84.64875125
TN,I75,368,35.8716534,-84.251313
TN,I75,56,35.54815429999999,-84.56609405
TN,I75,52,35.503776599999995,-84.6107677
TN,I75,36,35.3243124,-84.78256505
TN,I75,383,35.94200695,-84.00278359999999
TN,I75,60,35.5988679,-84.51624985000001
TN,I75,62,35.622949399999996,-84.4915703
TN,I75,376,35.91182005,-84.11943145000001
TN,I75,160,36.58059235,-84.10980265
TN,I75,1,35.646093799999996,-84.3880264
TN,I75,4A,35.0255309,-85.1735881
TN,I75,3,35.5113444,-84.5683632
TN,I75,7,35.0629425,-85.127971
TN,I75,9,35.073772000000005,-85.11096535
TN,I75,374,35.9061916,-84.1446591
TN,I75,373,35.899003050000005,-84.1739311
TN,I75,379A,35.9265122,-84.0531571
TN,I75,379,35.92368635,-84.06550475
TN,I75,112,36.049222150000006,-84.00114585
TN,I75,110,36.02518695,-83.99668695
TN,I75,108,36.0105919,-83.9730017
TN,I75,378AB,35.9214865,-84.0758913
TN,I75,378,35.9165249,-84.097462
TN,I75,7AB,35.0541172,-85.1392757
TN,I75,380,35.92879645,-84.04228685
TN,I75,128,36.2280843,-84.15237835
TN,I75,129,36.2333846,-84.16012309999999
TN,I75,134,36.298728800000006,-84.21720705
TN,I75,141,36.378349299999996,-84.24577289999999
TN,I75,144,36.4143228,-84.28084005
TN,I75,156,36.534155150000004,-84.16662955
TN,I75,25,35.194056200000006,-84.8869708
TN,I81,1AB,36.07228,-83.3818058
TN,I81,421,36.0670215,-83.3887589
TN,I81,4,36.109112350000004,-83.33615470000001
TN,I81,8,36.137034,-83.2784951
TN,I81,12,36.16797335,-83.21872095
TN,I81,15,36.193428850000004,-83.1736742
TN,I81,23,36.224170900000004,-83.0405562
TN,I81,30,36.27388515,-82.9227393
TN,I81,36,36.32346595,-82.83295525
TN,I81,44,36.3590393,-82.69933945
TN,I81,50,36.4025281,-82.61330964999999
TN,I81,56,36.446581300000005,-82.53720505
TN,I81,57A,36.4527545,-82.52496735
TN,I81,57B,36.45541085,-82.52087705
TN,I81,59,36.4757107,-82.48975785
TN,I81,63,36.5073129,-82.43184885
TN,I81,66,36.5334623,-82.38729365
TN,I81,69,36.544213600000006,-82.33570710000001
TN,I81,74A,36.5877699,-82.2599537
TN,I81,74B,36.5899262,-82.25592895
TN,I840,55AB,35.903016449999996,-86.45116025
TN,I840,57,35.9388336,-86.43666615000001
TN,I840,65,36.040285350000005,-86.42942305
TN,I840,76AB,36.178715,-86.3515325
TN,I840,70,36.112003099999995,-86.4090879
TN,I840,53B,35.8851252,-86.4755148
TN,I840,53A,35.879915,-86.4827967
TN,I840,47,35.858879849999994,-86.5795272
TN,I840,28,35.821825700000005,-86.88657395
TN,I840,30,35.82183715,-86.85598665
TN,I840,31,35.8219716,-86.8359413
TN,I840,42,35.8457389,-86.66074710000001
TN,I840,53AB,35.8909924,-86.4705309
TN,I840,1A,36.021513,-87.2648809
TN,I840,1B,36.01776175,-87.26216825
TN,I840,7,35.938438250000004,-87.18864955000001
TN,I840,34,35.813928000000004,-86.77579779999999
TN,I840,37,35.8270773,-86.73897005
TN,I840,50,35.8671548,-86.51145115
TN,I840,61,35.986297050000005,-86.438004
TN,I840,67,36.06916305,-86.43028795000001
TN,I840,72B,36.1302622,-86.3976469
TN,I840,72A,36.1278475,-86.4019491
TN,I840,72,36.1330627,-86.3932318
TN,I840,14,35.877853900000005,-87.09811189999999
TN,I840,23,35.815476849999996,-86.980856
TN,SR153,,,
TN,SR155,18B,36.23750335,-86.78877815
TN,SR155,21,36.229724,-86.8402673
TN,SR155,26A,36.1681036,-86.86932
TN,SR155,5,36.130566349999995,-86.69596755
TN,SR155,24,36.20925815,-86.87141650000001
TN,SR155,17,36.23868255,-86.7790765
TN,SR155,15B,36.2397377,-86.7453639
TN,SR155,14A,36.2343906,-86.7198662
TN,SR155,14,36.2348329,-86.7244624
TN,SR155,21A,36.2305723,-86.8291608
TN,SR155,14B,36.2354282,-86.7253808
TN,SR155,15,36.2373305,-86.7302265
TN,SR155,3B,36.1097696,-86.7211437
TN,SR155,18A,36.23812735,-86.7842068
TN,SR155,16B,36.2412918,-86.7642621
TN,SR155,16,36.2404885,-86.7481708
TN,SR155,16A,36.2406965,-86.751645
TN,SR155,15A,36.2386222,-86.7412842
TN,SR155,6A,36.1407806,-86.6999555
TN,SR155,6B,36.1451278,-86.6960249
TN,SR155,7,36.151518949999996,-86.69205769999999
TN,SR155,6AB,36.1478016,-86.6930943
TN,SR155,12,36.215560499999995,-86.69224600000001
TN,SR155,11,36.19814065,-86.68819535
TN,SR155,10,36.1897732,-86.68880845
TN,SR155,8,36.168266849999995,-86.6887986
TN,SR155,21B,36.2290881,-86.8347801
TN,SR155,25,36.1889241,-86.86432310000001
TN,SR155,26,36.1735374,-86.8696607
TN,SR155,26B,36.1720742,-86.8691419
TN,SR155,27AB,36.1581222,-86.8631872
TN,SR155,3A,36.1095386,-86.7223226
TX,I10,,,
TX,I2,161,26.15704825,-97.94091370000001
TX,I2,155B,26.1761074,-98.02274489999999
TX,I2,157,26.1742196,-98.0079262
TX,I2,155A,26.17944605,-98.04025089999999
TX,I2,138,26.1969895,-98.2886545
TX,I2,166,26.1592671,-97.8758379
TX,I2,141B,26.191064750000002,-98.2403524
TX,I2,143A,26.1894061,-98.2321438
TX,I2,164,26.15830055,-97.89489515
TX,I2,131,26.23590255,-98.3906915
TX,I2,143B,26.191243999999998,-98.21122765
TX,I2,144,26.19867855,-98.1976612
TX,I2,146B,26.2062,-98.193953
TX,I2,153,26.1838208,-98.06796535000001
TX,I2,134,26.219746,-98.3516546
TX,I2,176,26.1863921,-97.7272289
TX,I2,170,26.173209,-97.8050975
TX,I2,167,26.16360795,-97.84631569999999
TX,I2,171,26.181173649999998,-97.78692565
TX,I2,173,26.1869194,-97.75608715
TX,I2,175,26.1867805,-97.7330305
TX,I2,169,26.16909845,-97.8196936
TX,I2,158,26.17155535,-97.990396
TX,I2,149,26.195136400000003,-98.1385736
TX,I2,146A,26.205115149999997,-98.1692738
TX,I2,142,26.1896654,-98.2288051
TX,I2,140,26.1942382,-98.26850114999999
TX,I2,165,26.159326450000002,-97.8777603
TX,I2,160,26.1618544,-97.95876435
TX,I2,174,26.1869249,-97.74507990000001
TX,I2,172,26.184922,-97.77255115
TX,I2,159,26.16783125,-97.97544585
TX,I2,154,26.181761,-98.05334210000001
TX,I2,152,26.18654515,-98.08805100000001
TX,I2,150B,26.18882645,-98.104662
TX,I2,150A,26.191232499999998,-98.12204075
TX,I2,147B,26.1933558,-98.1368062
TX,I2,141,26.1942636,-98.2609347
TX,I2,137,26.198427799999997,-98.30743405000001
TX,I2,136,26.203816449999998,-98.32728854999999
TX,I2,135,26.2073073,-98.33750140000001
TX,I2,133,26.227414,-98.36898455
TX,I2,130,26.2368096,-98.3967522
TX,I2,128A,26.2399427,-98.4203392
TX,I2,163A,26.1544073,-97.92569165
TX,I2,163B,26.1566763,-97.90849605
TX,I2,168,26.1656973,-97.8248323
TX,I2,141A,26.1914344,-98.2421541
TX,I2,128B,26.2393548,-98.4159741
TX,I20,,,
TX,I27,552,33.8440695,-101.8472107
TX,I27,561,33.9782492,-101.85384445
TX,I27,586,34.278695600000006,-101.71744874999999
TX,I27,562,33.991761249999996,-101.85384640000001
TX,I27,583,34.23463695,-101.711998
TX,I27,582,34.2195283,-101.725027
TX,I27,551,33.831914499999996,-101.84097639999999
TX,I27,536,33.607018,-101.844939
TX,I27,536B,33.625454,-101.83633
TX,I27,540,33.678399999999996,-101.8360859
TX,I27,543,33.7233894,-101.8404574
TX,I27,530A,33.5344679,-101.8445309
TX,I27,539,33.65718699999999,-101.83654
TX,I27,529,33.5045925,-101.844761
TX,I27,541,33.690255,-101.836439
TX,I27,538,33.643040850000006,-101.83583110000001
TX,I27,532,33.56372415,-101.84455170000001
TX,I27,533A,33.5783044,-101.8403618
TX,I27,536A,33.6160782,-101.8438631
TX,I27,531,33.5428389,-101.8448841
TX,I27,537,33.626892299999994,-101.83811865000001
TX,I27,545,33.750856,-101.837615
TX,I27,530C,33.555818,-101.845158
TX,I27,534,33.5921758,-101.84093225
TX,I27,535,33.602478,-101.844366
TX,I27,528,33.490795000000006,-101.8448012
TX,I27,530,33.5205507,-101.8441005
TX,I27,533,33.5781706,-101.84160605
TX,I27,530B,33.549852,-101.845148
TX,I27,547,33.78075445,-101.8375733
TX,I27,550,33.8150302,-101.8386516
TX,I27,544,33.73704805,-101.84052345
TX,I27,542,33.70104,-101.839373
TX,I27,527,33.475852,-101.8445734
TX,I27,653B,35.1893446,-101.8377472
TX,I27,653A,35.185379499999996,-101.8384165
TX,I27,652B,35.1846438,-101.8382602
TX,I27,629,34.8827625,-101.8486035
TX,I27,646,35.1059178,-101.91206740000001
TX,I27,650B,35.169840750000006,-101.86580765
TX,I27,624,34.807287,-101.8486375
TX,I27,642,35.0578005,-101.9191455
TX,I27,641,35.04314975,-101.91920195
TX,I27,622,34.77815795,-101.8486609
TX,I27,649,35.143546,-101.88919
TX,I27,638,34.998250999999996,-101.89611
TX,I27,633,34.9407225,-101.84934
TX,I27,649B,35.1541564,-101.8803879
TX,I27,649C,35.15897,-101.876215
TX,I27,626,34.8377995,-101.848645
TX,I27,651,35.173893,-101.858914
TX,I27,636,34.97884825,-101.87971785
TX,I27,639,35.016878750000004,-101.91366625
TX,I27,652A,35.176678949999996,-101.8481181
TX,I27,648,35.12640785,-101.9029903
TX,I27,649A,35.1499715,-101.8839413
TX,I27,650A,35.1635955,-101.87206225
TX,I27,110,35.026679,-101.919234
TX,I27,618,34.736863,-101.847785
TX,I27,618A,34.7146,-101.845362
TX,I27,613,34.6459995,-101.82567885
TX,I27,620,34.7498356,-101.8475952
TX,I27,593,34.36934555,-101.76668995
TX,I27,618B,34.719488,-101.846722
TX,I27,607,34.5740435,-101.794423
TX,I27,604,34.5281105,-101.795417
TX,I27,591,34.34545,-101.747479
TX,I27,612,34.631723,-101.81921245
TX,I27,605,34.544515950000005,-101.7948379
TX,I27,3B,27.55867455,-99.5035063
TX,I27,3A,27.543589150000003,-99.50337645
TX,I27,4,27.569167,-99.5023615
TX,I27,2,27.5302409,-99.50294645
TX,I27,18,27.753643,-99.4393273
TX,I27,8,27.6174006,-99.4917583
TX,I27,1B,27.5221212,-99.5030992
TX,I27,4A,27.5672102,-99.5029208
TX,I27,1A,27.515441,-99.5031753
TX,I27,584,34.248861250000004,-101.7087808
TX,I27,579B,34.1931975,-101.750191
TX,I27,579,34.1818222,-101.7499707
TX,I27,575,34.1335536,-101.74916635
TX,I27,573,34.1165589,-101.76631005
TX,I27,571,34.0946011,-101.8006691
TX,I27,568,34.0743675,-101.8376458
TX,I27,567,34.0629797,-101.8437776
TX,I27,566,34.0472377,-101.8503137
TX,I27,557,33.9192469,-101.85377565
TX,I27,554,33.87560275,-101.85380595000001
TX,I27,13,27.6902769,-99.4598129
TX,I27,9,27.6396382,-99.4868971
TX,I27,12A,27.6558776,-99.4783327
TX,I27,12B,27.6709008,-99.4691946
TX,I27,4B,27.5712789,-99.5026124
TX,I27,580,34.20994885,-101.7358764
TX,I27,578,34.1770643,-101.74983574999999
TX,I27,12,27.6846318,-99.463757
TX,I27,598,34.4418548,-101.77700265
TX,I27,643,35.07294375,-101.9182774
TX,I27,579A,34.2020808,-101.744752
TX,I27,647,35.1267527,-101.9037072
TX,I27,8A,27.6000856,-99.4960912
TX,I27,5,27.5932652,-99.4946097
TX,I27,8B,27.6025024,-99.4957542
TX,I27,7,27.5936675,-99.4947676
TX,I30,,,
TX,I35,,,
TX,I37,125,29.21728415,-98.41262845
TX,I37,137,29.368670299999998,-98.45175085
TX,I37,140A,29.406241,-98.480305
TX,I37,133,29.32958445,-98.41584825000001
TX,I37,140B,29.4162497,-98.48023885
TX,I37,127,29.2362093,-98.4022553
TX,I37,139,29.39518135,-98.47809755
TX,I37,120,29.141233,-98.42883599999999
TX,I37,135,29.353436350000003,-98.4290496
TX,I37,138B,29.3796556,-98.464617
TX,I37,130,29.28094335,-98.3957516
TX,I37,136,29.3624065,-98.44218950000001
TX,I37,132,29.3132144,-98.40487915
TX,I37,141A,29.4248916,-98.4816749
TX,I37,122,29.179915100000002,-98.4264759
TX,I37,141,29.417459,-98.480236
TX,I37,142A,29.435437,-98.477404
TX,I37,138C,29.3845894,-98.46998015
TX,I37,138AB,29.3717984,-98.4552225
TX,I37,141C,29.4338358,-98.4783967
TX,I37,117,29.10586935,-98.4323673
TX,I37,104,28.91087705,-98.429053
TX,I37,113,29.0521535,-98.4320872
TX,I37,98,28.843893,-98.3772094
TX,I37,106,28.9454739,-98.4367531
TX,I37,88,28.7327766,-98.28892095
TX,I37,109,28.9950132,-98.43118465
TX,I37,69,28.49028235,-98.14347459999999
TX,I37,76,28.580104849999998,-98.20275405
TX,I37,83,28.663481750000003,-98.25462415000001
TX,I37,65,28.44976365,-98.1042414
TX,I37,59,28.37832445,-98.05420369999999
TX,I37,82,28.654628,-98.2467762
TX,I37,40,28.1615784,-97.85903455
TX,I37,56,28.33816785,-98.02629780000001
TX,I37,47,28.25383855,-97.9259817
TX,I37,72,28.5244295,-98.18338455
TX,I37,3A,27.80384935,-97.4531156
TX,I37,9,27.83375,-97.54636934999999
TX,I37,11B,27.8494375,-97.58012655
TX,I37,3B,27.8044598,-97.4591954
TX,I37,7,27.82189705,-97.5224528
TX,I37,4A,27.8041705,-97.46781835
TX,I37,5,27.805299249999997,-97.48470069999999
TX,I37,2,27.8029972,-97.4433156
TX,I37,13A,27.857627700000002,-97.60377224999999
TX,I37,16,27.890690749999997,-97.62740980000001
TX,I37,6,27.81056745,-97.50068595
TX,I37,14A,27.8612693,-97.6147252
TX,I37,36,28.113166800000002,-97.8181267
TX,I37,31,28.0539367,-97.76999470000001
TX,I37,22,27.9737851,-97.67402375
TX,I37,34,28.0918194,-97.80841190000001
TX,I37,14,27.8671093,-97.6230767
TX,I37,14B,27.8627646,-97.6204425
TX,I37,10A,27.8473544,-97.5743973
TX,I37,11A,27.845658800000002,-97.56939325
TX,I37,10,27.8402796,-97.5573613
TX,I37,4B,27.8042852,-97.4759753
TX,I37,1E,27.8025162,-97.4360476
TX,I37,1D,27.7981695,-97.418789
TX,I37,1A,27.7977832,-97.403687
TX,I37,15,27.8832948,-97.6248711
TX,I37,17,27.906010350000003,-97.6328325
TX,I37,51,28.28555,-97.96223975
TX,I37,92,28.7841091,-98.3190972
TX,I37,103,28.9057881,-98.4292186
TX,I37,138A,29.3756634,-98.4600345
TX,I37,141B,29.4296092,-98.4812626
TX,I37,142B,29.4378173,-98.4771362
TX,I37,13B,27.8575979,-97.6035286
TX,I37,20B,27.947761149999998,-97.65598449999999
TX,I37,78,28.5993188,-98.2169296
TX,I37,10B,27.8459402,-97.5702779
TX,I37,1C,27.7979836,-97.4162751
TX,I40,,,
TX,I410,30,29.4658833,-98.40418405
TX,I410,6,29.3823253,-98.6424216
TX,I410,26,29.520948,-98.3959678
TX,I410,165,29.510252666666663,-98.39766813333334
TX,I410,51,29.31601175,-98.5911721
TX,I410,33,29.43572845,-98.3909755
TX,I410,37,29.372395150000003,-98.39477339999999
TX,I410,163,29.4816563,-98.4037804
TX,I410,27,29.519438,-98.3982477
TX,I410,25B,29.5160615,-98.4057688
TX,I410,46,29.320562449999997,-98.5061633
TX,I410,31,29.4500048,-98.4032395
TX,I410,48,29.32010735,-98.53514565
TX,I410,4,29.3851319,-98.64400295
TX,I410,42,29.3244643,-98.43004115
TX,I410,26A,29.5158957,-98.4052999
TX,I410,41,29.32987,-98.41607880000001
TX,I410,16,29.5006222,-98.54963104999999
TX,I410,20B,29.520498,-98.486191
TX,I410,14B,29.4895025,-98.5682956
TX,I410,32,29.44487325,-98.39766025
TX,I410,1,29.33000435,-98.6201787
TX,I410,43,29.321796,-98.4740773
TX,I410,39,29.35359045,-98.40077685
TX,I410,12,29.4821682,-98.6019843
TX,I410,13A,29.4844388,-98.5952674
TX,I410,2,29.3357376,-98.6226861
TX,I410,53,29.317591999999998,-98.60805780000001
TX,I410,31A,29.4584037,-98.4042971
TX,I410,21B,29.5202172,-98.4835084
TX,I410,7,29.41503285,-98.6489349
TX,I410,15,29.49829785,-98.552649
TX,I410,49,29.32007395,-98.54730755
TX,I410,34,29.4194155,-98.3891639
TX,I410,35,29.394714,-98.3891517
TX,I410,26B,29.5181784,-98.3998786
TX,I410,14C,29.4898548,-98.562552
TX,I410,3A,29.364378,-98.6343554
TX,I410,3B,29.3744934,-98.6384687
TX,I410,17B,29.509451,-98.540642
TX,I410,44,29.321889499999997,-98.4674161
TX,I410,164B,29.4992072,-98.40009583333334
TX,I410,14,29.4854824,-98.5916052
TX,I410,13,29.4772034,-98.6082445
TX,I410,11,29.463098549999998,-98.62125465
TX,I410,166,29.5179081,-98.395785
TX,I410,166A,29.5089795,-98.397933
TX,I410,20,29.5204655,-98.5057511
TX,I410,18,29.51573495,-98.52684665000001
TX,I410,21,29.516774,-98.4631789
TX,I410,19A,29.5207128,-98.5143998
TX,I410,17,29.5160473,-98.5289262
TX,I410,6A,29.4066892,-98.649774
TX,I410,19B,29.5207367,-98.5075677
TX,I410,19,29.5195019,-98.5196161
TX,I410,14A,29.4896537,-98.5745263
TX,I410,20A,29.52057,-98.4930753
TX,I410,21A,29.5203203,-98.4911071
TX,I410,31B,29.4515933,-98.4061798
TX,I410,13B,29.488346,-98.5836949
TX,I410,17A,29.4959272,-98.5521571
TX,I410,22,29.517972049999997,-98.46406400000001
TX,I410,162,29.4837831,-98.403363
TX,I410,164A,29.4956577,-98.400926
TX,I410,23,29.5163114,-98.459783
TX,I410,24,29.51604055,-98.43838695
TX,I410,25A,29.5161175,-98.4160914
TX,I410,25,29.5158975,-98.4287774
TX,I410,47,29.3200223,-98.530751
TX,I410,10,29.4567216,-98.62674050000001
TX,I410,9A,29.42954875,-98.64494454999999
TX,I410,9B,29.4365499,-98.6413249
TX,I410,6B,29.4113834,-98.6497673
TX,I410,33B,29.4242014,-98.389151
TX,I44,14,34.0995832,-98.54781564999999
TX,I44,11,34.0558314,-98.55715585
TX,I44,6,33.995774,-98.54551559999999
TX,I44,13,34.091605900000005,-98.55578765
TX,I44,12,34.078465300000005,-98.55755425
TX,I44,1A,33.9128602,-98.5048523
TX,I44,5A,33.981107300000005,-98.53808765
TX,I44,3C,33.9527932,-98.5266108
TX,I44,2,33.9355818,-98.51818725
TX,I44,1B,33.9143757,-98.5066383
TX,I44,1C,33.92299915,-98.5124199
TX,I44,1D,33.9303998,-98.5156432
TX,I44,3A,33.9436344,-98.52183845
TX,I44,3B,33.943861,-98.52192415
TX,I44,5,33.9721729,-98.5319341
TX,I44,1,33.9091535,-98.5018129
TX,I44,4,33.96177005,-98.53027405
TX,I44,7,34.01229135,-98.55093935
TX,I45,,,
TX,I635,34,32.935126499999996,-97.00842904999999
TX,I635,4,32.768422400000006,-96.622343
TX,I635,6B,32.793943049999996,-96.62534074999999
TX,I635,5,32.78108185,-96.62435024999999
TX,I635,35,32.94505185,-97.021714
TX,I635,27B,32.9081356,-96.90173915
TX,I635,27C,32.90804265,-96.9004966
TX,I635,1A,32.705755350000004,-96.62342785000001
TX,I635,22C,32.9261961,-96.8187704
TX,I635,20,32.924830299999996,-96.7846844
TX,I635,19A,32.920734350000004,-96.75972915
TX,I635,3,32.7488126,-96.61410635
TX,I635,2,32.73519625,-96.6123817
TX,I635,6A,32.79141035,-96.62504175000001
TX,I635,28,32.90811125,-96.92211954999999
TX,I635,22B,32.9261904,-96.8167097
TX,I635,1B,32.71974755,-96.61645505
TX,I635,25,32.9170115,-96.8588196
TX,I635,31,32.91763465,-96.96824555
TX,I635,22A,32.9259404,-96.82074255
TX,I635,18,32.9125646,-96.7366766
TX,I635,21,32.9254094,-96.7994257
TX,I635,23,32.92374105,-96.8387142
TX,I635,26,32.9092967,-96.8883521
TX,I635,13,32.87430045000001,-96.6801325
TX,I635,480,32.6961843,-96.6292776
TX,I635,12,32.8715931,-96.67700645
TX,I635,33,32.9229579,-96.98856839999999
TX,I635,31B,32.9165937,-96.9626357
TX,I635,19B,32.923778,-96.76750584999999
TX,I635,11A,32.8537818,-96.64713625
TX,I635,8BA,32.8337049,-96.6323739
TX,I635,22BC,32.925794,-96.826635
TX,I635,18B,32.923064,-96.756021
TX,I635,9A,32.8311054,-96.63180415
TX,I635,36A;36B,32.9494424,-97.0333628
TX,I635,30,32.9100139,-96.933532
TX,I635,29B,32.9135051,-96.9513741
TX,I635,24,32.9196481,-96.85340385
TX,I635,15,32.8934036,-96.7097928
TX,I635,7A,32.8094449,-96.6277375
TX,I635,7,32.8008662,-96.6262303
TX,I635,17,32.902618,-96.720832
TX,I635,29A,32.9150289,-96.9581288
TX,I635,27A,32.9115756,-96.8805969
TX,I635,29,32.9095228,-96.9313792
TX,I635,1C,32.7067353,-96.6233126
TX,I635,18A,32.9218788,-96.7529577
TX,I635,36C,32.9482819,-97.0305176
TX,I635,14,32.8822933,-96.6944009
TX,I635,9B,32.8530481,-96.6450741
TX,I635,8,32.8147537,-96.6281972
TX,I635,16,32.8949398,-96.7112883
TX,I635,11B,32.8570839,-96.64992
TX,I69,,,
TX,SR375,,,
TX,SR601,,,
TX,SR969,,,
TX,US45,,,
TX,US62,,,
TX,US75,,,
UT,I15,365,41.53847495,-112.06662195
UT,I15,109,38.2494538,-112.6500432
UT,I15,120,38.4128202,-112.6524277
UT,I15,112,38.29307545,-112.65108305000001
UT,I15,351,41.3406818,-112.03672184999999
UT,I15,129,38.5381764,-112.6095482
UT,I15,132,38.5749371,-112.60343470000001
UT,I15,363,41.5097927,-112.0601939
UT,I15,357,41.4207883,-112.053427
UT,I15,398,41.97661050000001,-112.18894595
UT,I15,385,41.7838038,-112.1735941
UT,I15,381,41.72582185,-112.19263045
UT,I15,315,40.861466199999995,-111.9023563
UT,I15,319,40.92083505,-111.8911704
UT,I15,334,41.10328185,-112.00382735
UT,I15,325,40.9923851,-111.9114242
UT,I15,322,40.9664389,-111.8909679
UT,I15,328,41.037172999999996,-111.9504235
UT,I15,332,41.0894543,-111.99103975
UT,I15,313,40.8379775,-111.9156014
UT,I15,316,40.8839959,-111.89666600000001
UT,I15,335,41.12419485,-112.0224871
UT,I15,317,40.897549,-111.89390325
UT,I15,331,41.073855949999995,-111.9766395
UT,I15,314,40.846502,-111.914754
UT,I15,312,40.8265307,-111.9171673
UT,I15,324,40.98676845,-111.90256959999999
UT,I15,71,37.80243145,-112.94666665
UT,I15,51,37.602621400000004,-113.1613812
UT,I15,75,37.8391932,-112.86926185
UT,I15,222,39.6829203,-111.83849715
UT,I15,78,37.8587873,-112.82844355
UT,I15,82,37.90927915,-112.77717355
UT,I15,100,38.1302012,-112.62767145000001
UT,I15,42,37.4822591,-113.22067805
UT,I15,228,39.7483952,-111.83376425
UT,I15,95,38.07165945,-112.68833620000001
UT,I15,57,37.6550858,-113.0823541
UT,I15,62,37.72833285,-113.05252519999999
UT,I15,225,39.710835349999996,-111.81781745
UT,I15,233,39.8218291,-111.83372664999999
UT,I15,167,38.992463900000004,-112.32351455
UT,I15,279,40.388069599999994,-111.8331069
UT,I15,271,40.29681775,-111.72575175
UT,I15,244,39.97594975,-111.77246034999999
UT,I15,282,40.4174089,-111.87343815
UT,I15,242,39.95054225,-111.80273940000001
UT,I15,276,40.360658,-111.78560235
UT,I15,36,37.40503215,-113.2380813
UT,I15,269,40.27806415,-111.72029534999999
UT,I15,31,37.34131305,-113.27510525
UT,I15,4,37.06056475,-113.5854247
UT,I15,40,37.4547015,-113.2281198
UT,I15,10,37.1285594,-113.5257076
UT,I15,22,37.2273671,-113.3759587
UT,I15,30,37.32458595,-113.2864381
UT,I15,27,37.28368155,-113.3067322
UT,I15,250,40.055908599999995,-111.73221175
UT,I15,8,37.1100017,-113.5575756
UT,I15,248,40.03141175,-111.75683895
UT,I15,16,37.1657239,-113.45386694999999
UT,I15,5,37.07866875,-113.58335015
UT,I15,6,37.08209425,-113.58188695
UT,I15,13,37.147908,-113.48755265
UT,I15,33,37.3617966,-113.26207475000001
UT,I15,349,41.306715049999994,-112.0259701
UT,I15,341,41.20494685,-111.99622615
UT,I15,338,41.15997495,-112.0232226
UT,I15,340,41.1924631,-112.0043411
UT,I15,342,41.2145463,-112.0005703
UT,I15,284,40.43146415,-111.8905839
UT,I15,273,40.32575745,-111.73197855000001
UT,I15,346,41.26855405,-112.02577955000001
UT,I15,257AB,40.1207803,-111.661059
UT,I15,272,40.3117721,-111.7260196
UT,I15,253,40.085687300000004,-111.70221125
UT,I15,278,40.37689075,-111.8176719
UT,I15,23,37.2471025,-113.3487349
UT,I15,59,37.680800000000005,-113.0798277
UT,I15,344,41.24421165,-112.01588235
UT,I15,343,41.22902565,-112.0124822
UT,I15,275,40.3499761,-111.76893910000001
UT,I15,311,40.8112148,-111.92329225
UT,I15,263,40.20641445,-111.6578026
UT,I15,308,40.76203,-111.91232535
UT,I15,307,40.7608599,-111.91246964999999
UT,I15,305,40.715355,-111.9041974
UT,I15,304,40.71848535,-111.9042842
UT,I15,297,40.6265751,-111.9030611
UT,I15,298BA,40.6407933,-111.9033801
UT,I15,291,40.526795,-111.8913788
UT,I15,288,40.48333965,-111.8992578
UT,I15,295,40.588298,-111.9014253
UT,I15,293,40.559354400000004,-111.89829985
UT,I15,289,40.504337899999996,-111.8912037
UT,I15,303,40.6997206,-111.90325775
UT,I15,300,40.653851700000004,-111.9018666
UT,I15,301,40.674964349999996,-111.90180004999999
UT,I15,359,41.4628858,-112.0548231
UT,I15,362,41.48673775,-112.05346835
UT,I15,376,41.679924299999996,-112.1412412
UT,I15,41379,41.700319,-112.1834403
UT,I15,265,40.232037649999995,-111.6830101
UT,I15,310,40.7966265,-111.9181939
UT,I15,306,40.75231,-111.9106659
UT,I15,260,40.1618025,-111.64671385
UT,I15,257BA,40.1365402,-111.6470213
UT,I15,261,40.1884692,-111.64718285000001
UT,I15,135,38.61591645,-112.60956385
UT,I15,138,38.6589775,-112.59418025
UT,I15,146,38.7649056,-112.55516560000001
UT,I15,158,38.89389165,-112.41142669999999
UT,I15,163,38.9484887,-112.35035615000001
UT,I15,174,39.0826022,-112.2759871
UT,I15,178,39.14425335,-112.2359559
UT,I15,184,39.202134,-112.1744938
UT,I15,202,39.43582455,-112.03275034999999
UT,I15,207,39.4834278,-111.97873535
UT,I15,188,39.252712700000004,-112.1145248
UT,I15,379,41.7108314,-112.1926751
UT,I15,372,41.63504075,-112.1005499
UT,I15,392,41.88655515000001,-112.17035480000001
UT,I15,309,40.78144005,-111.91165855
UT,I15,292,40.54475855,-111.8948606
UT,I15,330,41.05569235,-111.9615376
UT,I15,2,37.02789345,-113.60503030000001
UT,I15,305CA,40.7486677,-111.9085291
UT,I15,283,40.4307462,-111.8907346
UT,I15,294AC,40.5792814,-111.8999266
UT,I15,321,40.9488863,-111.8910854
UT,I15,259,40.14488355,-111.6468089
UT,I15,326,40.9992917,-111.9219421
UT,I15,12,37.13858355,-113.50929875
UT,I215,27,40.8335479,-111.93567545
UT,I215,313,40.8379775,-111.9156014
UT,I215,26,40.8265454,-111.947538
UT,I215,2,40.7055303,-111.7957071
UT,I215,22,40.7550767,-111.9490924
UT,I215,23,40.784731300000004,-111.94919780000001
UT,I215,22A,40.7722482,-111.9494701
UT,I215,22B,40.7697274,-111.9496349
UT,I215,12,40.6353547,-111.9028945
UT,I215,20A,40.721661499999996,-111.95240055
UT,I215,15,40.6707713,-111.95215555
UT,I215,18B,40.6955499,-111.9521418
UT,I215,18A,40.692157,-111.9518725
UT,I215,1,40.711045,-111.8017975
UT,I215,10,40.630706,-111.8783794
UT,I215,8,40.6328213,-111.83475845000001
UT,I215,9,40.63016825,-111.86387655
UT,I215,6,40.63810445,-111.8116727
UT,I215,13,40.64515495,-111.93930280000001
UT,I215,3,40.7030049,-111.795362
UT,I215,4,40.684858950000006,-111.7979879
UT,I215,5,40.6783187,-111.7997852
UT,I215,11,40.6329229,-111.8925862
UT,I215,25,40.812454849999995,-111.94923969999999
UT,I215,20B,40.72814015,-111.95052
UT,I215,21,40.74072605,-111.94923785
UT,I215,18,40.7012658,-111.9529365
UT,I70,157,38.982531449999996,-110.22934415
UT,I70,149,38.92341405,-110.37683229999999
UT,I70,131,38.88127345,-110.65850525
UT,I70,99,38.81137525,-111.2105964
UT,I70,108,38.84217785,-111.06486810000001
UT,I70,122,38.862942950000004,-110.81310185000001
UT,I70,160,38.9905172,-110.18847275
UT,I70,187,38.96089655,-109.72302669999999
UT,I70,193,38.9423376,-109.6141623
UT,I70,214,39.0383078,-109.28195360000001
UT,I70,227,39.174780999999996,-109.12714825
UT,I70,175,38.9213199,-109.93559594999999
UT,I70,221,39.1135573,-109.1838162
UT,I70,164,38.97584845,-110.1211632
UT,I70,204,38.93847035,-109.40784375
UT,I70,1,38.58672505,-112.58483925
UT,I70,56,38.932611949999995,-111.85441639999999
UT,I70,73,38.8790559,-111.56430295000001
UT,I70,23,38.600404,-112.25161145
UT,I70,17,38.57039895,-112.35088934999999
UT,I70,63,38.91701515,-111.74011295
UT,I70,7,38.58776295,-112.49009649999999
UT,I70,86,38.75709975,-111.42740445
UT,I70,25,38.62531725,-112.22613205
UT,I70,48,38.873385,-111.96575315
UT,I70,40,38.7906406,-112.08250430000001
UT,I70,91,38.7662062,-111.34987720000001
UT,I70,31,38.68297445,-112.15628
UT,I70,37,38.750651399999995,-112.10685505000001
UT,I70,116,38.8539555,-110.9155878
UT,I70,181,38.9366078,-109.8383312
UT,I70,182,38.942358150000004,-109.81700565
UT,I80,115B,40.7646173,-111.9712097
UT,I80,191,41.20098415,-111.10798475
UT,I80,187,41.15396465,-111.14434645
UT,I80,155,40.81200095,-111.405834
UT,I80,185,41.1184502,-111.191092
UT,I80,162,40.91260165,-111.40292765000001
UT,I80,197,41.2489486,-111.0505709
UT,I80,150,40.77521815,-111.46819124999999
UT,I80,168,40.97033215,-111.43808279999999
UT,I80,166,40.9414808,-111.4120514
UT,I80,41,40.7268897,-113.25796215
UT,I80,56,40.76900985,-112.98449805
UT,I80,307,40.7555756,-111.9116204
UT,I80,120,40.7644823,-111.9222291
UT,I80,121,40.7601849,-111.9151545
UT,I80,308,40.7563365,-111.9120366
UT,I80,304,40.7251483,-111.9046632
UT,I80,122,40.7183295,-111.898069
UT,I80,130,40.7143894,-111.7857606
UT,I80,129,40.713281800000004,-111.8043427
UT,I80,128,40.7124784,-111.820528
UT,I80,117,40.765483450000005,-111.9506119
UT,I80,118,40.765389,-111.9467844
UT,I80,131,40.726353849999995,-111.7678048
UT,I80,132,40.739025,-111.7429745
UT,I80,133,40.7425138,-111.7336588
UT,I80,134,40.74998775,-111.71355224999999
UT,I80,137,40.741747000000004,-111.669175
UT,I80,125,40.7188369,-111.8710415
UT,I80,127,40.7144227,-111.8282504
UT,I80,126,40.719565700000004,-111.85472945000001
UT,I80,124,40.71825015,-111.88947675
UT,I80,140,40.75184845,-111.61742635
UT,I80,141,40.7528722,-111.57263545
UT,I80,145,40.72904695,-111.5442567
UT,I80,114,40.7691085,-112.002624
UT,I80,113,40.77105709999999,-112.026056
UT,I80,111,40.77099585,-112.06266504999999
UT,I80,115AC,40.7670916,-111.998133
UT,I80,115A,40.7646334,-111.9756822
UT,I80,306,40.75231,-111.9106659
UT,I80,170,40.989801099999994,-111.4040468
UT,I80,178,41.0694616,-111.2657993
UT,I80,146,40.7309258,-111.49904599999999
UT,I80,49,40.73180875,-113.1143572
UT,I80,169,40.97513725,-111.43142370000001
UT,I80,4,40.74221565,-113.9702181
UT,I80,2,40.74551325,-114.01237415
UT,I80,102,40.7200314,-112.2312279
UT,I80,99,40.6926098,-112.2658158
UT,I80,84,40.70708515,-112.5223441
UT,I80,88,40.685505000000006,-112.44665575
UT,I80,94,40.6634449,-112.3272108
UT,I80,70,40.762348200000005,-112.78055284999999
UT,I80,77,40.745765950000006,-112.65198380000001
UT,I80,62,40.821437849999995,-112.90320525000001
UT,I80,104,40.74523805,-112.18321040000001
UT,I80,1,40.738829,-114.0396268
UT,I80,123,40.7183269,-111.8890942
UT,I80,305CA,40.7486677,-111.9085291
UT,I84,365,41.53847495,-112.06662195
UT,I84,5,41.96480115,-112.75528800000001
UT,I84,40,41.710675050000006,-112.2057366
UT,I84,351,41.3406818,-112.03672184999999
UT,I84,20,41.8849065,-112.4901954
UT,I84,363,41.5097927,-112.0601939
UT,I84,357,41.4207883,-112.053427
UT,I84,85,41.14987965,-111.96899815
UT,I84,111,41.058111749999995,-111.53702065
UT,I84,106,41.051057099999994,-111.62535199999999
UT,I84,92,41.1386297,-111.8333353
UT,I84,108,41.0577458,-111.59121164999999
UT,I84,103,41.046637849999996,-111.67455145
UT,I84,96,41.1155574,-111.76243529999999
UT,I84,115,41.0167883,-111.48992770000001
UT,I84,112,41.0444648,-111.52302159999999
UT,I84,349,41.306715049999994,-112.0259701
UT,I84,341,41.20494685,-111.99622615
UT,I84,340,41.1924631,-112.0043411
UT,I84,342,41.2145463,-112.0005703
UT,I84,87B,41.1376763,-111.9095691
UT,I84,81,41.17571105,-112.00939835
UT,I84,346,41.26855405,-112.02577955000001
UT,I84,87,41.1368424,-111.9188385
UT,I84,344,41.24421165,-112.01588235
UT,I84,343,41.22902565,-112.0124822
UT,I84,359,41.4628858,-112.0548231
UT,I84,362,41.48673775,-112.05346835
UT,I84,376,41.679924299999996,-112.1412412
UT,I84,41379,41.700319,-112.1834403
UT,I84,120,40.9711226,-111.442166
UT,I84,39,41.72041835,-112.22820915
UT,I84,41,41.7038092,-112.1913717
UT,I84,32,41.79940875,-112.30297815
UT,I84,26,41.817714249999995,-112.4119798
UT,I84,24,41.8412125,-112.4375603
UT,I84,17,41.896874600000004,-112.5443875
UT,I84,16,41.897161249999996,-112.5739116
UT,I84,372,41.63504075,-112.1005499
UT,I84,12,41.9244512,-112.6350875
UT,I84,7,41.9615373,-112.71183339999999
UT,I84,87A,41.1374024,-111.914629
UT,US89,405,41.12748345,-111.9089191
UT,US89,319,40.92083505,-111.8911704
UT,US89,322,40.9664389,-111.8909679
UT,US89,404,41.10650405,-111.9099002
UT,US89,324,40.9836333,-111.8982024
UT,US89,317,40.9044012,-111.8915215
UT,US89,394,40.9914356,-111.9030296
UT,US89,395,40.992175450000005,-111.9031753
UT,US89,23,38.6028183,-112.2429227
UT,US89,25,38.62531725,-112.22613205
UT,US89,48,38.873385,-111.96575315
UT,US89,40,38.7906406,-112.08250430000001
UT,US89,31,38.68297445,-112.15628
UT,US89,284,40.43146415,-111.8905839
UT,US89,282,40.4229607,-111.8814795
UT,US89,37,38.750651399999995,-112.10685505000001
UT,US89,56,38.9323579,-111.8619871
UT,US89,291,40.5226159,-111.8909159
UT,US89,288,40.48333965,-111.8992578
UT,US89,289,40.504337899999996,-111.8912037
UT,US89,397,41.01047385,-111.9102176
UT,US89,396,41.0030127,-111.90811915
UT,US89,401,41.0667683,-111.91072945
UT,US89,406,41.1350986,-111.912383
UT,US89,283,40.4307462,-111.8907346
UT,US89,399,41.040807799999996,-111.90968559999999
UT,US89,402,41.07708655,-111.91094985000001
UT,US89,403,41.0916238,-111.910615
UT,US89,321,40.9488863,-111.8910854
VA,I246,,,
VA,I264,10,36.84421475,-76.28093605
VA,I264,3,36.808258499999994,-76.356921
VA,I264,4,36.815865450000004,-76.34672125
VA,I264,2B,36.800800100000004,-76.37531444999999
VA,I264,2A,36.798354,-76.3802625
VA,I264,11A,36.8449056,-76.2690135
VA,I264,7A,36.829207,-76.311779
VA,I264,12,36.84552505,-76.2523161
VA,I264,5,36.8238274,-76.3299603
VA,I264,11,36.8446237,-76.2704735
VA,I264,9,36.8434414,-76.28095295
VA,I264,7B,36.829123,-76.309473
VA,I264,6;5,36.8209149,-76.3389988
VA,I264,8,36.8372568,-76.28738915
VA,I264,11B,36.8453961,-76.2632999
VA,I264,17A,36.834222100000005,-76.14042385
VA,I264,21,36.846904,-76.0159739
VA,I264,151413,36.844465,-76.169464
VA,I264,20,36.8413343,-76.0469136
VA,I264,19A,36.836273899999995,-76.0683801
VA,I264,17B,36.833708400000006,-76.1344392
VA,I264,21B,36.8457,-76.020163
VA,I264,22,36.846516,-75.9993439
VA,I264,18,36.83804945,-76.09705825
VA,I264,19B,36.83620175,-76.06369745
VA,I264,16,36.8387797,-76.15966714999999
VA,I264,131415,36.8419912,-76.2167849
VA,I264,14C,36.8444353,-76.1990931
VA,I264,21A,36.8441016,-76.0270542
VA,I264,19C,36.8380755,-76.0563736
VA,I264,6,36.8282281,-76.3204884
VA,I264,7,36.8310915,-76.302706
VA,I295,15A,37.339763500000004,-77.337166
VA,I295,15B,37.346009,-77.334721
VA,I295,37A,37.6046528,-77.35838255
VA,I295,34B,37.5821807,-77.3316505
VA,I295,34A,37.58002545,-77.32551195
VA,I295,41B,37.6478619,-77.41648775
VA,I295,43A,37.6523836,-77.4234924
VA,I295,37B,37.61021085,-77.36224974999999
VA,I295,28A,37.5265186,-77.2721362
VA,I295,28B,37.5379094,-77.2787806
VA,I295,31A,37.54715975,-77.2843702
VA,I295,25,37.475642449999995,-77.30517345
VA,I295,43DCBA,37.6595215,-77.4682521
VA,I295,28,37.502428,-77.2813516
VA,I295,31B,37.5518139,-77.2877047
VA,I295,53A,37.6590524,-77.6021339
VA,I295,38B,37.63049105,-77.3746984
VA,I295,22A,37.434501499999996,-77.3356385
VA,I295,22B,37.438902049999996,-77.3319323
VA,I295,49A,37.68110585,-77.5373876
VA,I295,51B,37.6692875,-77.58536649999999
VA,I295,49B,37.68007705,-77.54385035
VA,I295,41A,37.64238465,-77.4107225
VA,I295,38A,37.62738485,-77.3703916
VA,I295,51A,37.671778,-77.577686
VA,I295,45B,37.6685379,-77.48687720000001
VA,I295,45A,37.666146999999995,-77.48280009999999
VA,I295,43BCD,37.6572341,-77.4446615
VA,I295,3B,37.1946813,-77.32391015
VA,I295,3A,37.1902362,-77.3318941
VA,I295,1,37.1668682,-77.3457349
VA,I295,46,37.1582047,-77.3519809
VA,I295,9B,37.268169,-77.32463899999999
VA,I295,9A,37.2653928,-77.3201216
VA,I295,16,37.3624679,-77.34164179999999
VA,I64,205,37.723916175,-78.209487025
VA,I64,211,37.50431585,-77.08520965
VA,I64,214,37.495297550000004,-77.02291675000001
VA,I64,78,37.57583485,-77.46273264999999
VA,I64,76B,37.5541386,-77.4460117
VA,I64,75,37.5508271,-77.4381309
VA,I64,190,37.5508484,-77.42863
VA,I64,76A,37.5510968,-77.4387019
VA,I64,187,37.586705,-77.474876
VA,I64,186,37.5878773,-77.47531674999999
VA,I64,79,37.581468,-77.4693576
VA,I64,114,38.033367999999996,-78.6029335
VA,I64,16B,37.7719251,-79.9615655
VA,I64,24,37.80952,-79.849782
VA,I64,27,37.82722,-79.794497
VA,I64,7,37.817073,-80.11829
VA,I64,29,37.83088945,-79.76221615
VA,I64,118B,38.0198928,-78.5352743
VA,I64,10,37.807756,-80.060844
VA,I64,21,37.792322,-79.8853685
VA,I64,35,37.814348499999994,-79.6756855
VA,I64,120,38.008185,-78.5094785
VA,I64,121A,38.009351,-78.482313
VA,I64,16,37.7768873,-79.9733297
VA,I64,118A,38.021487500000006,-78.5394745
VA,I64,124,38.0203817,-78.4301345
VA,I64,107,38.044422499999996,-78.725949
VA,I64,1,37.8038,-80.19639895
VA,I64,87,38.119463,-79.042031
VA,I64,217,38.076579499999994,-79.0871055
VA,I64,220,37.792806150000004,-77.99179325
VA,I64,91,38.08304835,-78.98900105
VA,I64,213,38.022229,-79.144537
VA,I64,213A,38.0247326,-79.141339
VA,I64,99,38.0326361,-78.8623269
VA,I64,221,38.117956,-79.05083
VA,I64,213B,38.028236,-79.135948
VA,I64,167,37.710303499999995,-77.7821395
VA,I64,173,37.6830735,-77.6686196
VA,I64,148,37.8847792,-78.03167934999999
VA,I64,175,37.6717145,-77.6489378
VA,I64,152,37.84400825,-77.98180725
VA,I64,200,37.703602024999995,-78.27918455
VA,I64,181A,37.6239196,-77.5531576
VA,I64,180A,37.636328,-77.57675125
VA,I64,183,37.608667,-77.5313019
VA,I64,178A,37.6501544,-77.59582555
VA,I64,180B,37.6327776,-77.57069785
VA,I64,185B,37.598427,-77.4968771
VA,I64,181,37.6261514,-77.5583547
VA,I64,192,37.5568563,-77.4116015
VA,I64,178B,37.6464524,-77.59196315
VA,I64,181B,37.6206298,-77.5462638
VA,I64,185A,37.603211,-77.501703
VA,I64,193B,37.542912,-77.39184800000001
VA,I64,195,37.68644645,-78.363987925
VA,I64,183C,37.605323,-77.511679
VA,I64,197,37.53008395,-77.32788875
VA,I64,177,37.6562165,-77.60809705
VA,I64,193A,37.54498465,-77.39428179999999
VA,I64,231A,37.387420500000005,-76.76521615
VA,I64,247,37.20958025,-76.5855978
VA,I64,227,37.421391549999996,-76.82431174999999
VA,I64,231B,37.3834892,-76.76097425
VA,I64,143,37.940247,-78.108756
VA,I64,159,37.781209000000004,-77.888397
VA,I64,136,37.977089,-78.2138185
VA,I64,50,37.8528315,-79.4785085
VA,I64,43,37.889348,-79.59203049999999
VA,I64,56,37.795777,-79.404918
VA,I64,55,37.8008416,-79.4142703
VA,I64,191,37.7970773,-79.3959502
VA,I64,243A,37.245430400000004,-76.63713095
VA,I64,238,37.30371085,-76.68345295
VA,I64,234,37.3553046,-76.7346956
VA,I64,243B,37.2385469,-76.6315445
VA,I64,234B,37.3489544,-76.7268673
VA,I64,234A,37.3526618,-76.7310396
VA,I64,242A,37.2588095,-76.646901
VA,I64,242B,37.25477385,-76.64393995
VA,I64,291B,36.761389449999996,-76.27030305
VA,I64,292,36.7578442,-76.278728
VA,I64,291A,36.766594,-76.263742
VA,I64,289AB,36.7891632,-76.2241754
VA,I64,296,36.7583864,-76.350134
VA,I64,296A,36.759031,-76.3402856
VA,I64,121,38.012709,-78.4714107
VA,I64,297,36.771888399999995,-76.36702890000001
VA,I64,289BA,36.7773127,-76.24834
VA,I64,14,37.773711500000005,-79.99471449999999
VA,I64,296B,36.758779,-76.344905
VA,I64,258B,37.0875085,-76.4572875
VA,I64,256A,37.110267,-76.4788345
VA,I64,258A,37.09110395,-76.46083145
VA,I64,255AB,37.119645,-76.512402
VA,I64,284A,36.8480948,-76.1961855
VA,I64,277A,36.9086368,-76.258995
VA,I64,255BA,37.114809,-76.492812
VA,I64,277B,36.905041,-76.25419529999999
VA,I64,273,36.95754465,-76.2653637
VA,I64,256B,37.1071605,-76.4741245
VA,I64,250A,37.177219699999995,-76.552809
VA,I64,250B,37.1729928,-76.5510647
VA,I64,274,36.943643,-76.266446
VA,I64,281,36.8813029,-76.2117215
VA,I64,281B,36.8821719,-76.2158616
VA,I64,282,36.8735264,-76.1965123
VA,I64,279A,36.891731,-76.231241
VA,I64,284B,36.84097735,-76.19640135
VA,I64,281A,36.8835762,-76.2203839
VA,I64,276A,36.9184821,-76.268707
VA,I64,276B,36.9138537,-76.2637608
VA,I64,276C,36.9116289,-76.2621029
VA,I64,278,36.9027966,-76.23977744999999
VA,I64,276,36.9237464,-76.2702542
VA,I64,286A,36.809641,-76.195058
VA,I64,94,38.0602847,-78.93860724999999
VA,I64,96,38.0467975,-78.90579600000001
VA,I64,286B,36.805655,-76.196452
VA,I64,268,37.0174247,-76.32734740000001
VA,I64,267,37.024105399999996,-76.3302208
VA,I64,183A,37.6064209,-77.5218092
VA,I64,183B,37.6059773,-77.518189
VA,I64,265B,37.0349713,-76.3559076
VA,I64,265A,37.0328594,-76.3653017
VA,I64,264,37.0324941,-76.37657635
VA,I64,263,37.045291,-76.4001238
VA,I64,185,37.59678,-77.4875229
VA,I64,299A;299B,36.7835518,-76.3945969
VA,I64,262B,37.0488465,-76.4036302
VA,I64,261A,37.060709849999995,-76.4197725
VA,I64,261B,37.0589364,-76.417373
VA,I64,265C,37.0348436,-76.3563697
VA,I64,272,36.9663713,-76.2928939
VA,I64,263B,37.0369384,-76.3903826
VA,I64,290AB,36.7810638,-76.2410785
VA,I64,279B,36.8895837,-76.2297438
VA,I64,16A,37.7738003,-79.9658705
VA,I64,129,37.9975386,-78.33734620000001
VA,I64,263A,37.0397821,-76.3937904
VA,I64,279,36.8948209,-76.2331177
VA,I64,121B,38.0110904,-78.476174
VA,I64,291290,36.7599984,-76.2719628
VA,I664,13A,36.79155,-76.426467
VA,I664,10,36.84877435,-76.432773
VA,I664,11B,36.81655745,-76.43205785
VA,I664,15AB,36.785947,-76.4046115
VA,I664,11A,36.821583000000004,-76.432838
VA,I664,12,36.8039878,-76.4297848
VA,I664,13B,36.7863968,-76.4225765
VA,I664,13AB,36.7855984,-76.4103143
VA,I664,6,36.981780349999994,-76.42511515
VA,I664,5,36.98872375,-76.42587285
VA,I664,4,36.996436,-76.41350650000001
VA,I664,7,36.96887315,-76.4163214
VA,I664,9,36.8715688,-76.4333361
VA,I664,8B,36.8848605,-76.4301825
VA,I664,9B,36.862489,-76.431326
VA,I664,8A,36.88917135,-76.42849885000001
VA,I664,9A,36.868226,-76.432509
VA,I664,3,37.00429545,-76.40277885
VA,I664,2,37.0160234,-76.38708825
VA,I664,1A;1B,37.0281964,-76.3782106
VA,I664,299A;299B,36.7835518,-76.3945969
VA,I664,14,36.7852687,-76.4110521
VA,I77,,,
VA,I81,1,36.600239,-82.233052
VA,I81,3,36.624315499999994,-82.18040145
VA,I81,1B,36.604738,-82.223609
VA,I81,7,36.630354,-82.121408
VA,I81,5,36.6260484,-82.1562249
VA,I81,1A,36.601817,-82.230181
VA,I81,39,36.807904050000005,-81.61833275000001
VA,I81,44,36.8201137,-81.54378745
VA,I81,54,36.888976400000004,-81.3703715
VA,I81,50,36.863005,-81.435043
VA,I81,45,36.82737365,-81.506273
VA,I81,10,36.650822000000005,-82.0838835
VA,I81,35,36.794512499999996,-81.680711
VA,I81,22,36.738186999999996,-81.89818500000001
VA,I81,32,36.7837955,-81.733622
VA,I81,17,36.699534299999996,-81.97507035
VA,I81,47,36.849772,-81.481121
VA,I81,13,36.677725,-82.04023699999999
VA,I81,19,36.7135995,-81.934173
VA,I81,29,36.771877,-81.78114945
VA,I81,26,36.7652438,-81.8334761
VA,I81,24,36.75721815,-81.85813075
VA,I81,14,36.69412385,-82.00859170000001
VA,I81,225,38.16549125,-79.0106706
VA,I81,217,38.076579499999994,-79.0871055
VA,I81,162,37.4995209,-79.74931035
VA,I81,168,37.5568605,-79.659979
VA,I81,150A,37.386545549999994,-79.90557104999999
VA,I81,150B,37.3915709,-79.90312660000001
VA,I81,156,37.456912,-79.8388835
VA,I81,227,38.1930376,-78.99655659999999
VA,I81,220,38.1066283,-79.0631829
VA,I81,213,38.022229,-79.144537
VA,I81,235,38.288565500000004,-78.9331745
VA,I81,213A,38.0247326,-79.141339
VA,I81,222,38.12983455,-79.03455754999999
VA,I81,221,38.12133815,-79.04713674999999
VA,I81,213B,38.028236,-79.135948
VA,I81,321,39.25703,-78.101111
VA,I81,302,39.0279089,-78.2699762
VA,I81,307,39.081252500000005,-78.216307
VA,I81,313,39.1618326,-78.1577128
VA,I81,317,39.2174982,-78.13774875
VA,I81,315,39.187421150000006,-78.13588965
VA,I81,323,39.290820999999994,-78.084402
VA,I81,313A,39.1621006,-78.157836
VA,I81,313B,39.1659192,-78.1547119
VA,I81,300,39.011061,-78.2984225
VA,I81,109,37.09606085,-80.5066281
VA,I81,114,37.1161145,-80.42237225
VA,I81,105,37.09197245,-80.5743054
VA,I81,94,37.028902,-80.728986
VA,I81,92,37.007031,-80.7526555
VA,I81,98,37.077933099999996,-80.6927905
VA,I81,89B,36.994377,-80.79059699999999
VA,I81,101,37.0842885,-80.649856
VA,I81,89A,36.9930435,-80.7947275
VA,I81,94A,37.020406,-80.732281
VA,I81,94B,37.0264052,-80.7293903
VA,I81,143,37.3411496,-79.99906855
VA,I81,141,37.3247485,-80.033292
VA,I81,146,37.3614541,-79.9560924
VA,I81,132,37.256478,-80.1754325
VA,I81,180,37.67114875,-79.50621515
VA,I81,251,38.4827055,-78.81018
VA,I81,200,37.885712999999996,-79.285589
VA,I81,140,37.313902049999996,-80.05640460000001
VA,I81,191,37.79382095,-79.39657489999999
VA,I81,175,37.6299415,-79.57220050000001
VA,I81,188B,37.758801399999996,-79.40873565000001
VA,I81,205,37.9317085,-79.2291985
VA,I81,188A,37.7557179,-79.4104198
VA,I81,195,37.841291,-79.366927
VA,I81,180A,37.6708789,-79.5064253
VA,I81,257,38.5636375,-78.74461415
VA,I81,298,39.0077135,-78.333506
VA,I81,283,38.872136,-78.5273185
VA,I81,279,38.829404499999995,-78.577066
VA,I81,269,38.7049038,-78.65664135
VA,I81,273,38.7625135,-78.633508
VA,I81,264,38.648073,-78.6762535
VA,I81,291,38.9655495,-78.4364035
VA,I81,296,39.012257149999996,-78.36295659999999
VA,I81,277,38.807834,-78.599882
VA,I81,240,38.3571015,-78.9272635
VA,I81,70,36.96029,-81.09839600000001
VA,I81,86,36.965419,-80.85206245
VA,I81,73,36.9483895,-81.05093
VA,I81,72,36.9598075,-81.062119
VA,I81,80,36.945810699999996,-80.94862505
VA,I81,60,36.91590335,-81.27319349999999
VA,I81,84,36.9504545,-80.881022
VA,I81,77,36.9373375,-80.9934615
VA,I81,67,36.93892,-81.154204
VA,I81,81,36.9485172,-80.92512835
VA,I81,245,38.42909775,-78.87538685
VA,I81,247A,38.436801,-78.8529465
VA,I81,243,38.399964,-78.9084285
VA,I81,247B,38.438677999999996,-78.8492995
VA,I81,137,37.292826500000004,-80.1021035
VA,I81,118CBA,37.1439366,-80.3482109
VA,I81,128,37.2327898,-80.23798249999999
VA,I81,74B,36.5900363,-82.2558809
VA,I81,118ABC,37.1252785,-80.3802932
VA,I81,310,39.12060055,-78.19123685
VA,I85,34,36.894729,-77.8020015
VA,I85,39,36.9385938,-77.734471
VA,I85,24,36.821777499999996,-77.9600075
VA,I85,28,36.850780900000004,-77.89433894999999
VA,I85,27,36.842873,-77.9187305
VA,I85,63B,37.19911,-77.4611505
VA,I85,42,36.976257000000004,-77.7072205
VA,I85,63A,37.1991425,-77.4655205
VA,I85,48,37.036409500000005,-77.6300945
VA,I85,61,37.1862115,-77.490577
VA,I85,53,37.0818065,-77.561937
VA,I85,12B,36.7156575,-78.112404
VA,I85,4,36.601417,-78.152773
VA,I85,15,36.750634,-78.0944075
VA,I85,12A,36.711038,-78.1144165
VA,I85,69,37.2228468,-77.3908002
VA,I85,68,37.21767,-77.391304
VA,I85,65,37.1994675,-77.42588649999999
VA,I85,51,37.2246163,-77.3932202
VA,I95,140,38.42027975,-77.4238084
VA,I95,130B,38.298793599999996,-77.50459745
VA,I95,126B,38.2408621,-77.5002698
VA,I95,104,37.93550955,-77.47021605
VA,I95,98,37.8462916,-77.45293380000001
VA,I95,86A,37.6889703,-77.4518795
VA,I95,84A,37.661986999999996,-77.44972105
VA,I95,84B,37.659904049999994,-77.44997615
VA,I95,83B,37.63762265,-77.45205765
VA,I95,79,37.58576495,-77.46936439999999
VA,I95,78,37.57583485,-77.46273264999999
VA,I95,76B,37.5541386,-77.4460117
VA,I95,75,37.5478972,-77.4332203
VA,I95,74C,37.540030849999994,-77.42742095
VA,I95,74A,37.532020700000004,-77.42985575
VA,I95,73,37.52093325,-77.42712334999999
VA,I95,69,37.4667917,-77.42672619999999
VA,I95,76A,37.5510968,-77.4387019
VA,I95,163,38.707736600000004,-77.22292855
VA,I95,169AB,38.7647889,-77.182814
VA,I95,161,38.677628150000004,-77.23518445
VA,I95,166B,38.74301265,-77.18838175
VA,I95,177AB,38.794841,-77.0614094
VA,I95,173,38.7955805,-77.14026745000001
VA,I95,61B,37.35771255,-77.4042624
VA,I95,58,37.308342,-77.395814
VA,I95,67A,37.43193,-77.431386
VA,I95,61A,37.35147635,-77.40502055
VA,I95,64,37.401451,-77.424712
VA,I95,58A,37.310794,-77.397694
VA,I95,62,37.377495499999995,-77.408985
VA,I95,58B,37.315677,-77.400354
VA,I95,67,37.447479,-77.4232001
VA,I95,67B,37.4368837,-77.4303752
VA,I95,4,36.60546050000001,-77.564154
VA,I95,13,36.73294505,-77.5222727
VA,I95,12,36.723305,-77.530026
VA,I95,8,36.66237865,-77.55625185
VA,I95,82,37.61270155,-77.44779815000001
VA,I95,81,37.605579,-77.4550348
VA,I95,83A,37.6338064,-77.4509261
VA,I95,37,37.034644,-77.38987900000001
VA,I95,41,37.07985565,-77.3595924
VA,I95,156BA,38.6400448,-77.2889292
VA,I95,158A,38.656281,-77.280168
VA,I95,160,38.672008,-77.2474328
VA,I95,152B,38.582019349999996,-77.32168254999999
VA,I95,46,37.16312535,-77.35138245
VA,I95,45,37.14207155,-77.3561667
VA,I95,156,38.6207393,-77.2962828
VA,I95,152A,38.5781576,-77.32501909999999
VA,I95,47,37.17571605,-77.35195970000001
VA,I95,158AB,38.65056,-77.282638
VA,I95,158B,38.6602013,-77.278007
VA,I95,160B,38.6705414,-77.2514651
VA,I95,118,38.13222785,-77.5112802
VA,I95,20,36.804852,-77.45888550000001
VA,I95,31,36.94278025,-77.39262099999999
VA,I95,17,36.766715500000004,-77.474074
VA,I95,33,36.978944850000005,-77.39260635
VA,I95,24,36.853662,-77.424204
VA,I95,54,37.2567906,-77.39801145
VA,I95,11A,36.701482,-77.5500905
VA,I95,11B,36.703894500000004,-77.548736
VA,I95,50,37.217918,-77.388251
VA,I95,51,37.22242815,-77.3920511
VA,I95,52,37.231411,-77.3956885
VA,I95,50ABCD,37.2115528,-77.3730431
VA,I95,48A,37.188361,-77.357385
VA,I95,48B,37.192903,-77.359572
VA,I95,136,38.37362465,-77.46270575
VA,I95,86AB,37.6794841,-77.4505088
VA,I95,86B,37.6905931,-77.4514414
VA,I95,89,37.719927,-77.4488209
VA,I95,92B,37.7603995,-77.4595891
VA,I95,92A,37.7569698,-77.4586431
VA,I95,92,37.7625822,-77.4605139
VA,I95,126,38.2421445,-77.5017797
VA,I95,148,38.522546899999995,-77.3693223
VA,I95,150,38.54631,-77.34446
VA,I95,150B,38.5520335,-77.3429792
VA,I95,130A,38.2935553,-77.50646485
VA,I95,126A,38.2359085,-77.4981994
VA,I95,74B,37.5366324,-77.4292134
VA,I95,110,38.019055550000004,-77.49921595
VA,I95,170A,38.7935663,-77.1538304
VA,I95,170A;170B,38.7739757,-77.1813655
VA,I95,174,38.8013332,-77.11320434999999
VA,I95,176B,38.8002817,-77.07776765
VA,I95,176A,38.801023650000005,-77.08266855
VA,I95,177B;177C,38.7935548,-77.0473749
VA,I95,166A,38.738567149999994,-77.19125389999999
VA,I95,167,38.7617827,-77.183555
VA,I95,143A,38.461188500000006,-77.40836045
VA,I95,143B,38.467748150000006,-77.40606435000001
VA,I95,150A,38.5495092,-77.3439117
VA,I95,80,37.5964305,-77.4661215
VA,I95,177A,38.7945084,-77.0540567
VA,I95,160A,38.6695942,-77.2575285
VA,I95,53,37.243186,-77.3942222
VA,I96,,,
VT,I89,1,43.66462035,-72.3804427
VT,I89,15,44.490649,-73.173022
VT,I89,12,44.4392711,-73.11432485
VT,I89,17,44.591925700000004,-73.17069205
VT,I89,11,44.4235942,-73.0087825
VT,I89,14W,44.47255215,-73.18244010000001
VT,I89,14E,44.4681745,-73.18504150000001
VT,I89,16,44.50586855,-73.18196495000001
VT,I89,13,44.45371425,-73.18320455
VT,I89,21,44.92243595,-73.10763385
VT,I89,18,44.69933375,-73.10559755
VT,I89,20,44.84421245,-73.07937125000001
VT,I89,22,45.00779405,-73.0860716
VT,I89,19,44.79500925,-73.0692251
VT,I89,4,43.94420875,-72.6219739
VT,I89,5,44.115267,-72.6078203
VT,I89,10,44.34242905,-72.75261929999999
VT,I89,8,44.251458400000004,-72.59609245
VT,I89,7,44.216716500000004,-72.5839365
VT,I89,6,44.16600995,-72.57854605
VT,I89,9,44.29871195,-72.68540365000001
VT,I89,3,43.82822735,-72.5813708
VT,I89,2,43.78501595,-72.45224350000001
VT,I91,10A,43.635973449999995,-72.3389608
VT,I91,11,43.64631525,-72.3370286
VT,I91,12,43.66631595,-72.319378
VT,I91,9,43.5272194,-72.40241895
VT,I91,13,43.7060269,-72.30581135
VT,I91,14,43.813012,-72.21570425
VT,I91,15,43.90518385,-72.15202155
VT,I91,50,42.6748181,-72.5427681
VT,I91,50B,42.6710453,-72.5428616
VT,I91,50A,42.6678761,-72.5433459
VT,I91,19,44.3967569,-72.01838695000001
VT,I91,20,44.405088000000006,-72.023104
VT,I91,23,44.517021650000004,-72.00779255
VT,I91,18,44.29775635,-72.05681335
VT,I91,24,44.5565755,-72.02861250000001
VT,I91,21,44.42822155,-72.03381045
VT,I91,22,44.454001000000005,-72.024311
VT,I91,16,43.982793,-72.130048
VT,I91,17,44.1598195,-72.088762
VT,I91,27,44.92453945,-72.17214544999999
VT,I91,28,44.9530715,-72.15096695
VT,I91,26,44.80868595,-72.21164759999999
VT,I91,25,44.7349846,-72.18340025
VT,I91,29,45.003354650000006,-72.09085540000001
VT,I91,6,43.171116299999994,-72.4630791
VT,I91,2,42.855844250000004,-72.58070955
VT,I91,5,43.09135765,-72.45620885
VT,I91,4,42.96451605,-72.52387725
VT,I91,1,42.835106249999995,-72.56666315000001
VT,I91,3,42.88614705,-72.5588568
VT,I91,7,43.2680228,-72.43303685
VT,I91,8,43.4029647,-72.4143177
VT,I91,10B,43.642080449999995,-72.3383925
VT,US4,4,43.617105,-73.2066275
VT,US4,5,43.6167451,-73.16489695
VT,US4,6,43.5884912,-73.0407667
VT,US4,2,43.6045893,-73.2774563
VT,US4,3,43.60548,-73.254788
WA,I182,5B,46.25888425,-119.25975840000001
WA,I182,3A,46.2548981,-119.3035105
WA,I182,9,46.26579695,-119.1828889
WA,I182,7,46.275419,-119.214299
WA,I182,7A,46.273139,-119.227384
WA,I182,13,46.249122150000005,-119.0982832
WA,I182,12B,46.2487247,-119.1127313
WA,I182,14,46.2505785,-119.0825883
WA,I182,12A;12B,46.2507437,-119.1346724
WA,I182,7B,46.274804,-119.223051
WA,I182,12A,46.249216,-119.128127
WA,I182,3B,46.256628,-119.2981166
WA,I182,3,46.2523961,-119.3103292
WA,I182,4,46.25891265,-119.28197785
WA,I182,5A,46.2587949,-119.26754075
WA,I5,168B,47.641990050000004,-122.3228352
WA,I5,168A,47.6394784,-122.3235019
WA,I5,169,47.66338185,-122.3223514
WA,I5,170,47.6698218,-122.3217291
WA,I5,167,47.624726550000005,-122.32744885
WA,I5,143,47.315025399999996,-122.2975714
WA,I5,149,47.399333299999995,-122.29045249999999
WA,I5,151,47.41996385,-122.28638434999999
WA,I5,152,47.43351795,-122.2721295
WA,I5,164A,47.5871322,-122.320144
WA,I5,164B,47.5897829,-122.3206958
WA,I5,166,47.61834195,-122.32935245
WA,I5,177,47.77880075,-122.3188767
WA,I5,179,47.7987381,-122.31436775
WA,I5,164,47.6072293,-122.3302197
WA,I5,163B,47.5800558,-122.3193062
WA,I5,163A,47.5772954,-122.319676
WA,I5,162,47.55379415,-122.31691935
WA,I5,161,47.54688975,-122.3103921
WA,I5,163,47.5665278,-122.3205139
WA,I5,165,47.6058628,-122.3286672
WA,I5,154AB,47.4580427,-122.2633846
WA,I5,154B,47.4720895,-122.269129
WA,I5,182,47.83222545,-122.2649236
WA,I5,175,47.73330255,-122.32542810000001
WA,I5,176,47.7561534,-122.32867505
WA,I5,181B,47.8175811,-122.2850453
WA,I5,173,47.70798295,-122.32853675
WA,I5,171,47.68059275,-122.32175805
WA,I5,133,47.23120145,-122.4439375
WA,I5,142B,47.2914548,-122.30599365
WA,I5,142A,47.2882542,-122.3070718
WA,I5,147,47.358091200000004,-122.29564429999999
WA,I5,224,48.3774026,-122.3353547
WA,I5,242,48.6478527,-122.3656379
WA,I5,253,48.74645,-122.46539770000001
WA,I5,262,48.84767185,-122.57662275000001
WA,I5,275,48.9845541,-122.7331845
WA,I5,257,48.7842641,-122.50205665
WA,I5,266,48.892053649999994,-122.5970953
WA,I5,246,48.6879368,-122.39922849999999
WA,I5,252,48.73041165,-122.470625
WA,I5,255,48.7713241,-122.4643509
WA,I5,250,48.714265600000004,-122.4746834
WA,I5,260,48.81728165,-122.5482759
WA,I5,258,48.789098100000004,-122.51663400000001
WA,I5,254,48.75504425,-122.46199580000001
WA,I5,270,48.935560100000004,-122.6619058
WA,I5,263,48.8590606,-122.5861352
WA,I5,274,48.9726972,-122.720395
WA,I5,276,48.997591799999995,-122.7516191
WA,I5,256,48.782522900000004,-122.48573809999999
WA,I5,1C,45.6358855,-122.6626046
WA,I5,1D,45.6419708,-122.6620107
WA,I5,2,45.6486717,-122.66228219999999
WA,I5,3,45.6583415,-122.66503335
WA,I5,4,45.6785701,-122.66457685
WA,I5,5,45.6932034,-122.66112175
WA,I5,9,45.75061485,-122.66270105000001
WA,I5,14,45.816289499999996,-122.68618035
WA,I5,16,45.8519239,-122.70276155
WA,I5,57,46.3906805,-122.90185545
WA,I5,36AB,46.10683435,-122.87941545
WA,I5,39,46.1448123,-122.8987051
WA,I5,52,46.323528100000004,-122.9126344
WA,I5,49,46.28462585,-122.9027622
WA,I5,48,46.2604546,-122.8877445
WA,I5,46,46.23355505000001,-122.88748865
WA,I5,42,46.1849523,-122.89751960000001
WA,I5,40,46.1571366,-122.9021956
WA,I5,32,46.04119245,-122.85902125000001
WA,I5,27,45.980210400000004,-122.82479725
WA,I5,21,45.91013315,-122.74533295
WA,I5,22,45.92755365,-122.75725589999999
WA,I5,30,46.013685949999996,-122.84834465
WA,I5,76,46.64553445,-122.9583647
WA,I5,77,46.6606222,-122.97821145
WA,I5,60,46.43918855,-122.88861155000001
WA,I5,63,46.476072349999995,-122.88264135
WA,I5,72,46.605574700000005,-122.90736375
WA,I5,68,46.548170400000004,-122.8766348
WA,I5,79,46.676161050000005,-122.97512535
WA,I5,71,46.583967200000004,-122.88877365
WA,I5,59,46.418737,-122.8908188
WA,I5,193,47.9728396,-122.191812
WA,I5,183,47.848497699999996,-122.2572898
WA,I5,186,47.881614400000004,-122.23408595000001
WA,I5,192,47.96042855,-122.19874915
WA,I5,200,48.074971899999994,-122.18480450000001
WA,I5,206,48.1517336,-122.18873125
WA,I5,208,48.18793505,-122.2029508
WA,I5,212,48.238802199999995,-122.24114374999999
WA,I5,199,48.05233065,-122.1842215
WA,I5,202,48.0997389,-122.18489819999999
WA,I5,114,47.0686545,-122.71766170000001
WA,I5,101,46.9806858,-122.9267729
WA,I5,88,46.803990549999995,-123.00626195000001
WA,I5,109,47.0488954,-122.81895019999999
WA,I5,108,47.0454812,-122.8363612
WA,I5,99,46.9526115,-122.93755279999999
WA,I5,95,46.8943757,-122.96156085
WA,I5,103,47.0151058,-122.9065915
WA,I5,105,47.03123015,-122.88706694999999
WA,I5,104,47.02071875,-122.903678
WA,I5,107,47.04194685,-122.85243729999999
WA,I5,102,47.00014685,-122.91206795
WA,I5,111,47.062732049999994,-122.76908875
WA,I5,172,47.6904947,-122.32728405
WA,I5,174,47.7186035,-122.3242584
WA,I5,153,47.453481,-122.2640848
WA,I5,154A,47.4642919,-122.2665502
WA,I5,119,47.09394435,-122.6222985
WA,I5,122B,47.1238815,-122.547973
WA,I5,135,47.24015086666666,-122.40326320000001
WA,I5,130,47.2068692,-122.4620006
WA,I5,118,47.08850885,-122.64221465
WA,I5,116,47.08298595,-122.66725629999999
WA,I5,122BA,47.1307802,-122.5366554
WA,I5,136B,47.2412239,-122.3866372
WA,I5,137,47.24086155,-122.356593
WA,I5,125,47.147163649999996,-122.5045929
WA,I5,122A,47.1162365,-122.560958
WA,I5,136A,47.2413881,-122.3898669
WA,I5,120AB,47.1027329,-122.596677
WA,I5,120BA,47.107856,-122.579962
WA,I5,124,47.1369965,-122.52493899999999
WA,I5,136,47.2406979,-122.3752538
WA,I5,128,47.175822,-122.466873
WA,I5,129,47.19166425,-122.4628442
WA,I5,132,47.2157546,-122.4627115
WA,I5,132A,47.2310784,-122.455666
WA,I5,178,47.7802936,-122.317071
WA,I5,181A,47.8099783,-122.2992438
WA,I5,236,48.5572249,-122.34964545
WA,I5,158,47.5087922,-122.28229010000001
WA,I5,7,45.7296356,-122.6563307
WA,I5,7A,45.7142141,-122.6532023
WA,I5,156,47.482102850000004,-122.26911745
WA,I5,157,47.501577600000005,-122.27609145
WA,I5,127,47.163790950000006,-122.47924125
WA,I5,150,47.4032823,-122.2922805
WA,I5,189,47.916461049999995,-122.20723575
WA,I5,195,47.9875468,-122.1829607
WA,I5,194,47.9812266,-122.1868901
WA,I5,198,48.040926049999996,-122.1798807
WA,I5,240,48.621443299999996,-122.3559683
WA,I5,227,48.436072949999996,-122.3411016
WA,I5,232,48.5071679,-122.33904204999999
WA,I5,230,48.46794905,-122.34183909999999
WA,I5,229,48.451413349999996,-122.34134515
WA,I5,226,48.4172557,-122.3330899
WA,I5,225,48.3997599,-122.3306273
WA,I5,221,48.34068005,-122.3352674
WA,I5,218,48.3075598,-122.31593805
WA,I5,215,48.26761055,-122.26865685
WA,I5,231,48.484284,-122.3382875
WA,I5,210,48.2096698,-122.2160969
WA,I5,1D;1C,45.6278561,-122.6670885
WA,I5,1B,45.622767,-122.671897
WA,I5,1A,45.62480995,-122.6701022
WA,I5,11,45.77578655,-122.6709132
WA,I5,74,46.6266524,-122.93334615
WA,I5,165B,47.6132488,-122.3304551
WA,I5,165A,47.6105663,-122.3313755
WA,I5,181,47.8312685,-122.2633037
WA,I5,7B,45.7181428,-122.6548144
WA,I5,81,46.7000267,-122.9715485
WA,I5,82,46.725632000000004,-122.97587655000001
WA,I5,132B,47.2305331,-122.4514767
WA,I5,134,47.2383551,-122.4166525
WA,I82,114,46.143067,-119.20204100000001
WA,I82,113,46.1634497,-119.2019683
WA,I82,82,46.213616,-119.74136025
WA,I82,88,46.24422525,-119.63184675
WA,I82,96,46.25232565,-119.47509360000001
WA,I82,102,46.24645905,-119.36761285
WA,I82,104,46.217608,-119.34795455
WA,I82,110,46.97033635,-120.51685515
WA,I82,3,46.928779000000006,-120.5004309
WA,I82,11,46.8439258,-120.3781692
WA,I82,31A;31B,46.6295502,-120.5152171
WA,I82,50,46.4160733,-120.3139827
WA,I82,26,46.6769462,-120.48080085000001
WA,I82,54,46.3916659,-120.24116135
WA,I82,44,46.471408249999996,-120.39525845
WA,I82,69,46.30581995,-119.97868575
WA,I82,52,46.40376435,-120.27758589999999
WA,I82,40,46.51178505,-120.45300215
WA,I82,58,46.345849650000005,-120.17764604999999
WA,I82,63,46.32606575,-120.07805635
WA,I82,34,46.58565205,-120.47334755
WA,I82,36,46.56283145,-120.47125395
WA,I82,75,46.256161899999995,-119.8793602
WA,I82,73,46.2695336,-119.91894289999999
WA,I82,109,46.19246735,-119.2647121
WA,I82,122,46.0255058,-119.2251845
WA,I82,131,45.945955,-119.33541009999999
WA,I82,93,46.264053849999996,-119.53561275
WA,I82,80,46.223155399999996,-119.7904128
WA,I82,67,46.30611905,-120.0209293
WA,I82,37,46.54543,-120.470726
WA,I82,38,46.5315878,-120.4713662
WA,I82,33B,46.6073826,-120.4878479
WA,I82,33A,46.6139966,-120.4915646
WA,I82,33,46.6009454,-120.4822635
WA,I82,31,46.6236237,-120.5012776
WA,I82,30B,46.6315739,-120.5176455
WA,I82,30A,46.6321427,-120.5185185
WA,I82,30,46.6345398,-120.5226336
WA,I82,29,46.6471016,-120.5037762
WA,I90,2C,47.5949201,-122.314086
WA,I90,2B,47.5936338,-122.32102495
WA,I90,2A,47.5923266,-122.3258658
WA,I90,6,47.589222,-122.2546597
WA,I90,7B,47.5882977,-122.2345235
WA,I90,11B,47.5793118,-122.1520003
WA,I90,13,47.56632105,-122.1015687
WA,I90,20,47.53258745,-121.98098780000001
WA,I90,10A,47.5790634,-122.189006
WA,I90,10,47.5803284,-122.165417
WA,I90,9,47.579877249999996,-122.18869169999999
WA,I90,10B,47.5799806,-122.1784184
WA,I90,11A,47.5794465,-122.1549578
WA,I90,11,47.5751115,-122.1230424
WA,I90,3,47.5926012,-122.3120244
WA,I90,17,47.54016545,-122.0369967
WA,I90,15,47.54882445,-122.0618886
WA,I90,25,47.50853455,-121.8835195
WA,I90,22,47.526852649999995,-121.93928615
WA,I90,27,47.5120837,-121.8522159
WA,I90,31,47.488028150000005,-121.79719835
WA,I90,32,47.473434999999995,-121.7582698
WA,I90,34,47.46545895,-121.7162087
WA,I90,38,47.43631135,-121.6519212
WA,I90,42,47.415474700000004,-121.58518545
WA,I90,47,47.39616085,-121.48326575
WA,I90,52,47.4284453,-121.420618
WA,I90,53,47.4191801,-121.41066205
WA,I90,45,47.3955957,-121.52623835
WA,I90,221,47.11657975,-118.36670459999999
WA,I90,231,47.21081835,-118.22668594999999
WA,I90,226,47.1628204,-118.29938515
WA,I90,220,47.1125068,-118.39041284999999
WA,I90,215,47.11102255,-118.4948987
WA,I90,206,47.0970913,-118.66806815000001
WA,I90,196,47.08707795,-118.874922
WA,I90,149,47.0845947,-119.86146755
WA,I90,169,47.104054399999995,-119.44933675
WA,I90,164,47.1039792,-119.5549349
WA,I90,188,47.085735850000006,-119.04472255
WA,I90,179,47.098965750000005,-119.24360385
WA,I90,182,47.0924932,-119.17238689999999
WA,I90,184,47.0886099,-119.12921030000001
WA,I90,175,47.103923,-119.3293498
WA,I90,139,46.971935,-119.96769465
WA,I90,151,47.101524600000005,-119.8302893
WA,I90,174,47.103987200000006,-119.3431728
WA,I90,154,47.10351,-119.76882065000001
WA,I90,137,46.94927145,-119.9630003
WA,I90,176,47.10159185,-119.31643224999999
WA,I90,54,47.3963866,-121.39530345
WA,I90,63,47.29710005,-121.2886918
WA,I90,74,47.21721005,-121.13022624999999
WA,I90,78,47.194404000000006,-121.05233545
WA,I90,93,47.11437495,-120.79012695
WA,I90,106,47.006585900000005,-120.5923564
WA,I90,110,46.97033635,-120.51685515
WA,I90,115,46.9715476,-120.4137717
WA,I90,101,47.054194499999994,-120.6659635
WA,I90,70,47.250122,-121.18966295
WA,I90,254,47.3957537,-117.84092015
WA,I90,245,47.30833835,-117.97271795
WA,I90,289,47.67404234999999,-117.23985239999999
WA,I90,264,47.5039546,-117.69136180000001
WA,I90,291B,47.66947025,-117.19800695
WA,I90,282B,47.6539915,-117.3848989
WA,I90,277,47.6376522,-117.4720878
WA,I90,287,47.67355475,-117.2835796
WA,I90,279,47.646804700000004,-117.45096315
WA,I90,257,47.43612465,-117.79026295
WA,I90,276,47.6201624,-117.5024957
WA,I90,280B,47.6527808,-117.419046
WA,I90,272,47.5918694,-117.5646981
WA,I90,296,47.67298285,-117.11022745
WA,I90,293,47.6655948,-117.157263
WA,I90,299,47.695593349999996,-117.04759275
WA,I90,281,47.65245165,-117.41077695
WA,I90,282A,47.6539776,-117.3869533
WA,I90,270,47.5671635,-117.5926941
WA,I90,285,47.65511155,-117.32442555
WA,I90,291A,47.672735599999996,-117.2158575
WA,I90,8,47.57864085,-122.2063344
WA,I90,3B,47.5905746,-122.3035337
WA,I90,71,47.2364178,-121.1736324
WA,I90,84,47.19214525,-120.9490967
WA,I90,85,47.183248750000004,-120.90326655
WA,I90,7,47.5847945,-122.225008
WA,I90,294,47.6667957,-117.125463
WA,I90,283A,47.65394415,-117.375676
WA,I90,286,47.66323475,-117.31327759999999
WA,I90,280A,47.6527287,-117.4256224
WA,I90,62,47.305469200000005,-121.30655945
WA,I90,80,47.1836403,-121.01547959999999
WA,I90,109,46.972927350000006,-120.5362078
WA,I90,277A,47.6290899,-117.4873236
WA,I90,277B,47.6339919,-117.4790883
WA,I90,136,46.94036785,-119.99217494999999
WA,I90,280,47.6504877,-117.4402801
WA,I90,282,47.6520488,-117.398986
WA,I90,283B,47.6539431,-117.35739465
WA,I90,143,47.02066695,-119.94457825
WA,I90,18,47.536693,-122.0257241
WA,I90,3A,47.590601,-122.3079123
WA,I90,7A,47.5904799,-122.2393738
WI,HWY29,,,
WI,I39,159,44.54077275,-89.54445285
WI,I39,153,44.4537943,-89.5183945
WI,I39,161,44.5506861,-89.58136655
WI,I39,165,44.59397405,-89.6131108
WI,I39,158B,44.5239895,-89.5278102
WI,I39,143,44.309810299999995,-89.523416
WI,I39,1,42.4957377,-88.9930628
WI,I39,142A,43.0558458,-89.2774453
WI,I39,158,44.5245575,-89.5287676
WI,I39,158A,44.520371,-89.5242633
WI,I39,139,44.2589186,-89.52385075
WI,I39,156,43.7071306,-89.30191715000001
WI,I39,151,44.430813099999995,-89.51864459999999
WI,I39,171,43.69816675,-89.31685730000001
WI,I39,138A,43.104649699999996,-89.28470680000001
WI,I39,131,43.663813075,-89.43798545
WI,I39,132,43.179133,-89.3245925
WI,I39,142AB,43.0379994,-89.271427
WI,I39,147,43.001581,-89.2005132
WI,I39,160,42.87288855,-89.0552705
WI,I39,92,43.579002849999995,-89.471687
WI,I39,87,43.5252225,-89.4893495
WI,I39,85,43.496257299999996,-89.48414345
WI,I39,108A,43.483534,-89.4916986
WI,I39,108AB,43.4804607,-89.4919225
WI,I39,84,43.4924151,-89.4874404
WI,I39,115,43.3919845,-89.4669205
WI,I39,100,43.701312099999996,-89.47140475
WI,I39,106,43.7906908,-89.48343645
WI,I39,113,43.885519450000004,-89.48296454999999
WI,I39,136,44.21451585,-89.52437995
WI,I39,124,44.03540745,-89.52907235
WI,I39,187,44.8964639,-89.6425545
WI,I39,179,44.78624765,-89.680367
WI,I39,185,44.86205875,-89.64035715
WI,I39,175,43.70035305,-89.33068287500001
WI,I39,181,44.8111335,-89.67256315
WI,I39,163,43.70355565,-89.313507175
WI,I39,183,42.55978065,-88.9769879
WI,I39,135AB,43.1431959,-89.3002583
WI,I39,177,42.63455935,-88.98284025000001
WI,I39,104,43.7553691,-89.4831268
WI,I39,142B,43.0452524,-89.2779425
WI,I39,138B,43.10305285,-89.28495235
WI,I39,135CBA,43.1266874,-89.2909899
WI,I39,89B,43.5597797,-89.4924695
WI,I39,89BA,43.5592627,-89.4933336
WI,I39,126,43.2504743,-89.37778180000001
WI,I39,89A,43.5566733,-89.4946279
WI,I39,185BA,42.5169433,-88.9756334
WI,I39,185AB,42.5387944,-88.9749167
WI,I39,119,43.3346626,-89.45354875000001
WI,I42,,,
WI,I43,73B,43.06045345,-87.92270454999999
WI,I43,83,43.1968634,-87.9234559
WI,I43,80,43.14772225,-87.91549345
WI,I43,77,43.0984443,-87.9189049
WI,I43,72A,43.0335655,-87.9226924
WI,I43,93,43.3395251,-87.92436574999999
WI,I43,97,43.3963652,-87.9273087
WI,I43,78,43.117286050000004,-87.91705395
WI,I43,72E,43.0490177,-87.9262587
WI,I43,72D,43.0415828,-87.9252572
WI,I43,312A,43.0185326,-87.9169313
WI,I43,314A,42.97980475,-87.91540795
WI,I43,8A,42.9618558,-87.9692213
WI,I43,7,42.96246015,-87.98836055000001
WI,I43,9,42.96253695,-87.94693154999999
WI,I43,312AB,43.0026724,-87.9161093
WI,I43,311,43.022608399999996,-87.91974965
WI,I43,312B,43.0145188,-87.9162296
WI,I43,314B,42.9721117,-87.91551285
WI,I43,72B,43.0393737,-87.9250832
WI,I43,185,44.5170772,-87.95512625
WI,I43,171,44.34682025,-87.84533575
WI,I43,178,44.434686,-87.9179275
WI,I43,187,44.5268941,-87.9883275
WI,I43,181,44.46956705,-87.9497701
WI,I43,183,44.4872677,-87.94048305
WI,I43,189,44.541633000000004,-88.02780325
WI,I43,180,44.456294,-87.95654955
WI,I43,152,44.10976345,-87.730933
WI,I43,164,44.27654,-87.78239149999999
WI,I43,144,44.0085425,-87.720996
WI,I43,154,44.152823999999995,-87.73158515
WI,I43,160,44.225563,-87.766742
WI,I43,157,44.197055,-87.730996
WI,I43,149,44.0734472,-87.7126889
WI,I43,137,43.92040245,-87.76579815
WI,I43,85,43.2211386,-87.92107680000001
WI,I43,92,43.320324400000004,-87.91967775
WI,I43,100,43.4127772,-87.87211965
WI,I43,89,43.2794969,-87.921029
WI,I43,96,43.3848317,-87.9278903
WI,I43,107,43.4997914,-87.83008129999999
WI,I43,2,42.5405398,-88.94807695
WI,I43,6,42.5725755,-88.8650765
WI,I43,126AB,43.747656,-87.761624
WI,I43,120,43.6751175,-87.76057685
WI,I43,123,43.717480800000004,-87.76043955
WI,I43,126BA,43.7603954,-87.7653863
WI,I43,113,43.571067,-87.7974545
WI,I43,116,43.623095,-87.77007975000001
WI,I43,128,43.79431925,-87.76429625
WI,I43,36,42.7739229,-88.405444
WI,I43,38,42.791672500000004,-88.38531825000001
WI,I43,15,42.60849155,-88.7245273
WI,I43,50,42.91112,-88.21731249999999
WI,I43,43,42.85207185,-88.3208477
WI,I43,59,42.958159,-88.0763237
WI,I43,57,42.9515971,-88.1103758
WI,I43,54,42.933588900000004,-88.15845175
WI,I43,4,42.9623084,-88.0326031
WI,I43,76B,43.0900778,-87.9216156
WI,I43,76AB,43.0934559,-87.9223449
WI,I43,76A,43.0877331,-87.9216914
WI,I43,74,43.07140865,-87.92062305
WI,I43,75,43.08327095,-87.92120865000001
WI,I43,27A,42.67260745,-88.5237315
WI,I43,27B,42.676192900000004,-88.5200399
WI,I43,29,42.69190985,-88.50329235000001
WI,I43,25,42.6560015,-88.54146
WI,I43,21,42.62821769999999,-88.618459
WI,I43,17,42.6206683,-88.67275810000001
WI,I43,61,42.9601151,-88.0403229
WI,I43,60,42.9571428,-88.047202
WI,I43,73A,43.04932075000001,-87.92572725
WI,I43,192A;192B,44.5534743,-88.0435541
WI,I43,8B,42.9615853,-87.9647926
WI,I43,5B,42.9624672,-88.003766
WI,I43,5A,42.9616556,-88.0123054
WI,I43,5AB,42.9622582,-88.0228758
WI,I43,8AB,42.9625357,-87.9741422
WI,I43,310C,43.0283245,-87.9224833
WI,I43,33,42.7478921,-88.4454611
WI,I43,10B;10A,42.9627162,-87.9491772
WI,I43,131,43.8306415,-87.7713639
WI,I43,82A,43.1725891,-87.9156531
WI,I43,1AB,42.5310581,-88.965992
WI,I43,87,43.24998,-87.9198794
WI,I43,82B,43.1806214,-87.919303
WI,I45,,,
WI,I90,1,42.4957377,-88.9930628
WI,I90,142A,43.0558458,-89.2774453
WI,I90,138A,43.104649699999996,-89.28470680000001
WI,I90,131,43.1937903,-89.34348765
WI,I90,156,42.9193444,-89.08545194999999
WI,I90,132,43.179133,-89.3245925
WI,I90,142AB,43.0379994,-89.271427
WI,I90,147,43.001581,-89.2005132
WI,I90,160,42.87288855,-89.0552705
WI,I90,108AB,43.48759885,-89.49438574999999
WI,I90,115,43.3919845,-89.4669205
WI,I90,92,43.569783,-89.77794965
WI,I90,89,43.58887555,-89.8104921
WI,I90,87,43.6224779,-89.80405619999999
WI,I90,55,43.9217285,-90.26277400000001
WI,I90,79,43.71786215,-89.89426055
WI,I90,61,43.88280365,-90.1469719
WI,I90,85,43.649500149999994,-89.81292685
WI,I90,69,43.796802150000005,-90.05684919999999
WI,I90,12,43.89194665,-91.07528525000001
WI,I90,2,43.8613711,-91.2574286
WI,I90,3,43.86489765,-91.236277
WI,I90,4,43.874088150000006,-91.20910710000001
WI,I90,5,43.876652699999994,-91.18405609999999
WI,I90,41,43.9574318,-90.50448159999999
WI,I90,45,43.984012199999995,-90.44373855
WI,I90,43,43.97286735,-90.4722219
WI,I90,175,42.6709471,-88.98356415
WI,I90,183,42.55978065,-88.9769879
WI,I90,163,42.83678375,-89.0285581
WI,I90,135AB,43.1431959,-89.3002583
WI,I90,48,43.962740800000006,-90.37798459999999
WI,I90,28,43.9411201,-90.7637812
WI,I90,15,43.8862224,-91.00396825
WI,I90,171,42.720191299999996,-88.99180555000001
WI,I90,177,42.63455935,-88.98284025000001
WI,I90,142B,43.0452524,-89.2779425
WI,I90,138B,43.10305285,-89.28495235
WI,I90,135CBA,43.1266874,-89.2909899
WI,I90,276,43.8580755,-91.3011266
WI,I90,126,43.2504743,-89.37778180000001
WI,I90,106,43.513168750000006,-89.52342155
WI,I90,25,43.9204046,-90.821432
WI,I90,185BA,42.5169433,-88.9756334
WI,I90,185AB,42.5387944,-88.9749167
WI,I90,119,43.3346626,-89.45354875000001
WI,I94,310A,43.0354754,-87.9356379
WI,I94,310C,43.03195785,-87.9253257
WI,I94,312A,43.0185326,-87.9169313
WI,I94,314A,42.97980475,-87.91540795
WI,I94,309A,43.0321869,-87.95789395
WI,I94,308A,43.03140755,-87.9780076
WI,I94,138A,43.1100579,-89.2857692
WI,I94,240,43.103952,-89.277306
WI,I94,131,43.1937903,-89.34348765
WI,I94,244,43.10949375,-89.20033395
WI,I94,250,43.1090645,-89.082577
WI,I94,132,43.179133,-89.3245925
WI,I94,108AB,43.48759885,-89.49438574999999
WI,I94,115,43.850424775,-90.154761125
WI,I94,92,43.569783,-89.77794965
WI,I94,89,43.58887555,-89.8104921
WI,I94,87,43.6224779,-89.80405619999999
WI,I94,320,42.91644615,-87.93569585
WI,I94,319,42.925522,-87.9352258
WI,I94,322,42.8729129,-87.93721595
WI,I94,307A,43.02946215,-87.99976375
WI,I94,324,42.851142499999995,-87.94368515
WI,I94,309B,43.03472855,-87.94320185
WI,I94,308C,43.032618049999996,-87.96942305
WI,I94,306,43.02731685,-88.02358795
WI,I94,308B,43.03277265,-87.97086780000001
WI,I94,312AB,43.0026724,-87.9161093
WI,I94,311,43.022608399999996,-87.91974965
WI,I94,312B,43.0145188,-87.9162296
WI,I94,314B,42.9721117,-87.91551285
WI,I94,310B,43.0355888,-87.9325546
WI,I94,52,44.885908549999996,-91.72998125
WI,I94,32,44.9208203,-92.11506495
WI,I94,41,44.907133650000006,-91.93282930000001
WI,I94,45,44.59857576666667,-91.38246496666666
WI,I94,81,44.64287675,-91.30578485000001
WI,I94,128,44.1927244,-90.63937865
WI,I94,267,43.08650565,-88.7643858
WI,I94,259,43.0930865,-88.90848249999999
WI,I94,277,43.069919,-88.558788
WI,I94,275,43.07487655,-88.5909732
WI,I94,98,44.45882455,-91.09231475
WI,I94,55,43.9217285,-90.26277400000001
WI,I94,79,43.71786215,-89.89426055
WI,I94,61,43.88280365,-90.1469719
WI,I94,85,43.649500149999994,-89.81292685
WI,I94,69,43.796802150000005,-90.05684919999999
WI,I94,116,44.2958156,-90.82261835
WI,I94,347,42.52328625,-87.9519134
WI,I94,342,42.5898232,-87.9528769
WI,I94,337,42.67003235,-87.9528801
WI,I94,345,42.543326050000005,-87.9523264
WI,I94,339,42.6406652,-87.95262375
WI,I94,340,42.614910449999996,-87.95228145
WI,I94,135,44.1265398,-90.53357510000001
WI,I94,327,42.80789595,-87.95317605
WI,I94,329,42.7791754,-87.95377915
WI,I94,88,44.57872665,-91.20464725
WI,I94,294,43.048829,-88.22621699999999
WI,I94,301B,43.0245228,-88.1009017
WI,I94,293,43.04668025,-88.2556518
WI,I94,290,43.050529499999996,-88.30355850000001
WI,I94,291,43.0489655,-88.28585960000001
WI,I94,283,43.061169500000005,-88.44254685
WI,I94,287,43.051396249999996,-88.37228575
WI,I94,295,43.0478484,-88.2085267
WI,I94,293C,43.0482546,-88.2390383
WI,I94,285,43.0539731,-88.4078623
WI,I94,297,43.035474949999994,-88.16969805
WI,I94,282,43.0686341,-88.47222055
WI,I94,1A,42.4921561,-87.9490523
WI,I94,135AB,43.1431959,-89.3002583
WI,I94,48,43.962740800000006,-90.37798459999999
WI,I94,305AB,43.0293616,-88.03925175
WI,I94,335,42.69483845,-87.95368205
WI,I94,4,44.96413775,-92.68052035
WI,I94,2,44.9635224,-92.7218182
WI,I94,105,44.3878177,-91.00422979999999
WI,I94,145,43.99752465,-90.47031115
WI,I94,143,44.0195031,-90.50076924999999
WI,I94,3,44.9638827,-92.69836955
WI,I94,307B,43.03044215,-87.98815289999999
WI,I94,326,42.830027799999996,-87.95268444999999
WI,I94,333,42.725116799999995,-87.9539106
WI,I94,321,42.9022167,-87.93619175
WI,I94,70,44.7666721,-91.42152335
WI,I94,59,44.841940199999996,-91.60144715
WI,I94,65,44.7776412,-91.5299732
WI,I94,68,44.76573865,-91.4587429
WI,I94,135CBA,43.1266874,-89.2909899
WI,I94,126,43.2504743,-89.37778180000001
WI,I94,106,43.513168750000006,-89.52342155
WI,I94,147,43.9898344,-90.4537793
WI,I94,1,44.96272415,-92.75463975
WI,I94,24,44.9347519,-92.27817405
WI,I94,28,44.933485250000004,-92.1987994
WI,I94,19,44.938404,-92.3741777
WI,I94,10,44.95890505,-92.56053195000001
WI,I94,16,44.94203695,-92.43602419999999
WI,I94,344,42.56921085,-87.95274935
WI,I94,301AB,43.0250485,-88.1154258
WI,I94,301A,43.0245371,-88.1074516
WI,I94,317,42.9437954,-87.9348828
WI,I94,316319,42.9647316,-87.9332067
WI,I94,318,42.9313454,-87.9351184
WI,I94,304,43.02895805,-88.0470478
WI,I94,119,43.3346626,-89.45354875000001
WI,I94,325,42.8387854,-87.952299
WI,SR16,,,
WI,SR29,,,
WI,US10,159,44.54077275,-89.54445285
WI,US10,161,44.5506861,-89.58136655
WI,US10,165,44.59397405,-89.6131108
WI,US10,158,44.5245575,-89.5287676
WI,US10,250,44.35636325,-89.11555725
WI,US10,238,44.4539094,-89.31247655
WI,US10,240,44.4371557,-89.28356765
WI,US10,230,44.5212996,-89.4493558
WI,US10,163,44.57032755,-89.59845625
WI,US10,154,44.148137,-87.73169
WI,US10,152,44.1140537,-87.7315303
WI,US10,260A,44.31666835,-88.94469430000001
WI,US10,252,44.3435919,-89.0968256
WI,US10,267,44.25316645,-88.8500362
WI,US10,260B,44.3055311,-88.9315613
WI,US10,291,44.2337215,-88.4098618
WI,US10,286,44.2184453,-88.49499245
WI,US10,273,44.23417635,-88.7352396
WI,US10,284,44.2179176,-88.54419755
WI,US10,287AB,44.2182799,-88.4841475
WI,US10,290,44.23393075,-88.4236703
WI,US10,276,44.2097414,-88.6832392
WI,US10,264,44.26316245,-88.91068285
WI,US10,208,44.59788685,-89.71918170000001
WI,US10,213,44.5969946,-89.6215876
WI,US10,253,44.3380057,-89.06984994999999
WI,US10,237,44.4758983,-89.3298488
WI,US10,254,44.3296132,-89.0391729
WI,US10,204,44.5991359,-89.80735225000001
WI,US10,187,44.6222238,-90.13972925
WI,US10,289A,44.2211838,-88.44966835
WI,US10,289B,44.229994500000004,-88.43901715
WI,US10,287B,44.2184828,-88.4683933
WI,US10,287A,44.2182846,-88.4636611
WI,US12,262,43.040470049999996,-89.37826365
WI,US12,261,43.036203,-89.39377775
WI,US12,260AB,43.034664,-89.401328
WI,US12,259,43.035223349999995,-89.4229013
WI,US12,258A,43.0352421,-89.4381919
WI,US12,257,43.046152500000005,-89.47311400000001
WI,US12,255,43.053208,-89.50299749999999
WI,US12,254,43.05989425,-89.52144204999999
WI,US12,253,43.075089000000006,-89.5220235
WI,US12,252,43.090026,-89.52024650000001
WI,US12,263,43.04336335,-89.36852884999999
WI,US12,260B,43.0346183,-89.4067228
WI,US12,260A,43.03476,-89.410043
WI,US12,258,43.037278900000004,-89.45249605000001
WI,US12,267A,43.047113,-89.28273935
WI,US12,272,43.031653500000004,-89.20024000000001
WI,US12,267B,43.04584785,-89.27270615
WI,US12,264,43.043838750000006,-89.354762
WI,US12,265,43.04482795,-89.3234157
WI,US12,266,43.04622065,-89.30718095
WI,US12,211B,43.56789685,-89.77844925
WI,US12,211A,43.5697621,-89.7783507
WI,US12,61,44.8901871,-91.7142615
WI,US12,251A,43.102051,-89.5155375
WI,US12,251AB,43.0959353,-89.5171651
WI,US12,250,43.1113067,-89.51698735
WI,US12,249,43.1257629,-89.51513525
WI,US12,2,44.9635224,-92.7218182
WI,US12,4,44.9637495,-92.6867399
WI,US12,3,44.9638827,-92.69836955
WI,US12,321,42.67198715,-88.52005274999999
WI,US12,328,42.60745445,-88.4200145
WI,US12,330AB,42.5948245,-88.4091558
WI,US12,330A,42.5980626,-88.4122642
WI,US12,330B,42.5936201,-88.4085626
WI,US12,335,42.5454673,-88.3371775
WI,US12,1,44.96272415,-92.75463975
WI,US12,212,43.559084049999996,-89.7811475
WI,US12,215,43.51444475,-89.78413775
WI,US12,214,43.53246165,-89.78715165
WI,US12,219,43.460148849999996,-89.777614
WI,US12,218,43.47499515,-89.77520325
WI,US12,269,43.03969815000001,-89.24305715
WI,US12,268,43.0449174,-89.2654289
WI,US151,144,43.60294025,-88.7253455
WI,US151,260AB,43.034664,-89.401328
WI,US151,259,43.035223349999995,-89.4229013
WI,US151,258A,43.0352421,-89.4381919
WI,US151,261,43.0348461,-89.3986425
WI,US151,260B,43.0346183,-89.4067228
WI,US151,260A,43.03476,-89.410043
WI,US151,98A,43.1435764,-89.2879583
WI,US151,102,43.1875919,-89.23293855
WI,US151,77,42.9745705,-89.5449255
WI,US151,108,43.239964549999996,-89.1465319
WI,US151,75,42.987323,-89.5825975
WI,US151,70,42.998904499999995,-89.668984
WI,US151,65,43.001104,-89.760299
WI,US151,76,42.9847721,-89.56290515
WI,US151,83AB,43.0286805,-89.4641054
WI,US151,79,42.9761946,-89.5168873
WI,US151,100,43.16154805,-89.26724455
WI,US151,97A,43.13568075,-89.2979826
WI,US151,103,43.19681105,-89.2115033
WI,US151,69,43.00360255,-89.70195975
WI,US151,111,43.267841000000004,-89.1068507
WI,US151,81,42.996492,-89.50214
WI,US151,97B,43.13933745,-89.29343385
WI,US151,83A,43.0100698,-89.4759127
WI,US151,115,43.31735365,-89.04549585
WI,US151,118,43.34755675,-89.03410360000001
WI,US151,21,42.73247075,-90.43364455
WI,US151,120,43.3581243,-88.9945022
WI,US151,146,43.633218850000006,-88.71508395000001
WI,US151,130,43.4356107,-88.84323309999999
WI,US151,136,43.50821535,-88.80519475
WI,US151,134,43.472955,-88.815149
WI,US151,129,43.43480235,-88.86445789999999
WI,US151,132,43.45622855,-88.8159081
WI,US151,142,43.580437,-88.757492
WI,US151,19,42.7155527,-90.45779515
WI,US151,52,42.983980700000004,-90.01441455
WI,US151,47,42.9661677,-90.09930525
WI,US151,44,42.9352235,-90.1308789
WI,US151,40,42.8869961,-90.16658875
WI,US151,18,42.7123601,-90.4858296
WI,US151,37,42.8491312,-90.1997222
WI,US151,26,42.7447593,-90.33866575
WI,US151,164,43.744229250000004,-88.4157702
WI,US151,168,43.7796829,-88.4004826
WI,US151,58,43.0098289,-89.9029487
WI,US151,1,42.51958345,-90.6150748
WI,US151,3,42.5551458,-90.6098161
WI,US151,8,42.616975800000006,-90.58630389999999
WI,US151,2,42.5321739,-90.612743
WI,US151,147,43.6498292,-88.7046412
WI,US151,148,43.65738575,-88.6859699
WI,US151,160,43.73809715,-88.506601
WI,US151,5,42.58412095,-90.60520604999999
WI,US151,98B,43.1458007,-89.2852504
WI,US151,101,43.17568715,-89.249853
WI,US151,135,43.48692294999999,-88.81453875
WI,US151,98AB,43.1507989,-89.2796737
WI,US151,161,43.7365981,-88.46704875
WI,US151,83B,43.0163354,-89.4722274
WI,US151,258,43.0348238,-89.4455641
WI,US18,262,43.040470049999996,-89.37826365
WI,US18,261,43.036203,-89.39377775
WI,US18,260AB,43.034664,-89.401328
WI,US18,259,43.035223349999995,-89.4229013
WI,US18,258A,43.0352421,-89.4381919
WI,US18,263,43.04336335,-89.36852884999999
WI,US18,260B,43.0346183,-89.4067228
WI,US18,260A,43.03476,-89.410043
WI,US18,267A,43.047113,-89.28273935
WI,US18,77,42.9745705,-89.5449255
WI,US18,272,43.031653500000004,-89.20024000000001
WI,US18,75,42.987323,-89.5825975
WI,US18,267B,43.04584785,-89.27270615
WI,US18,70,42.998904499999995,-89.668984
WI,US18,264,43.043838750000006,-89.354762
WI,US18,65,43.001104,-89.760299
WI,US18,76,42.9847721,-89.56290515
WI,US18,83AB,43.0286805,-89.4641054
WI,US18,79,42.9761946,-89.5168873
WI,US18,265,43.04482795,-89.3234157
WI,US18,69,43.00360255,-89.70195975
WI,US18,266,43.04622065,-89.30718095
WI,US18,81,42.996492,-89.50214
WI,US18,83A,43.0100698,-89.4759127
WI,US18,52,42.983980700000004,-90.01441455
WI,US18,60,42.9667919,-90.1078363
WI,US18,47,42.9666653,-90.0984786
WI,US18,58,43.0098289,-89.9029487
WI,US18,83B,43.0163354,-89.4722274
WI,US18,258,43.0348238,-89.4455641
WI,US18,269,43.03969815000001,-89.24305715
WI,US18,268,43.0449174,-89.2654289
WI,US51,159,44.54077275,-89.54445285
WI,US51,153,44.4537943,-89.5183945
WI,US51,161,44.5506861,-89.58136655
WI,US51,165,44.59397405,-89.6131108
WI,US51,158B,44.5239895,-89.5278102
WI,US51,192,44.95900295,-89.6625255
WI,US51,143,44.309810299999995,-89.523416
WI,US51,158,44.5245575,-89.5287676
WI,US51,158A,44.520371,-89.5242633
WI,US51,139,44.2589186,-89.52385075
WI,US51,156,43.96806313333334,-89.37403883333333
WI,US51,151,44.430813099999995,-89.51864459999999
WI,US51,171,44.6761422,-89.64190905000001
WI,US51,61,43.1946837,-89.3243527
WI,US51,160,42.8771234,-89.0602385
WI,US51,92,43.5838307,-89.469913
WI,US51,100,43.701312099999996,-89.47140475
WI,US51,106,43.7906908,-89.48343645
WI,US51,113,43.885519450000004,-89.48296454999999
WI,US51,136,44.21451585,-89.52437995
WI,US51,131,44.13383585,-89.53248325
WI,US51,124,44.03540745,-89.52907235
WI,US51,190,44.93310105,-89.6643478
WI,US51,187,44.8964639,-89.6425545
WI,US51,179,44.78624765,-89.680367
WI,US51,185,44.86205875,-89.64035715
WI,US51,188,44.9114781,-89.65069
WI,US51,175,44.729759,-89.67780160000001
WI,US51,197,45.024558999999996,-89.6680455
WI,US51,181,44.8111335,-89.67256315
WI,US51,193,44.97001925,-89.6566339
WI,US51,163,44.57032755,-89.59845625
WI,US51,229,45.470612599999995,-89.6916571
WI,US51,225,45.4175894,-89.67256119999999
WI,US51,208,45.177436,-89.64631399999999
WI,US51,205,45.13210315,-89.64006785000001
WI,US51,211,45.2115149,-89.6665714
WI,US51,234,45.5427788,-89.67174045
WI,US51,231,45.4960121,-89.69445175
WI,US51,104,43.7553691,-89.4831268
WI,US51,191B,44.9482963,-89.6663861
WI,US51,191A,44.9532553,-89.66388
WI,US51,63,43.2169531,-89.32288115
WI,US51,65,43.252213499999996,-89.3237421
WI,US51,194AB,44.9808661,-89.6571553
WI,US51,194,44.996301,-89.657687
WI,US53,140,45.4733633,-91.75889845
WI,US53,99,44.965426,-91.42791700000001
WI,US53,110,45.099724,-91.5042305
WI,US53,96,44.9255385,-91.4282427
WI,US53,112,45.135726899999995,-91.52137605
WI,US53,102,45.0008993,-91.44208515
WI,US53,118,45.202873100000005,-91.57266505000001
WI,US53,227,46.648270999999994,-91.98090149999999
WI,US53,165,45.81758035,-91.85624429999999
WI,US53,168,45.856121400000006,-91.85593825000001
WI,US53,4,43.871476,-91.2157097
WI,US53,3,43.8664211,-91.23052
WI,US53,143,45.5088225,-91.76197975
WI,US53,135,45.3954315,-91.757942
WI,US53,94,44.87969435,-91.41632085
WI,US53,89,44.81801255,-91.45447675
WI,US53,90,44.834152849999995,-91.44933075
WI,US53,92,44.86201775,-91.4268951
WI,US53,95A,44.888878250000005,-91.41335745
WI,US53,95B,44.8959461,-91.4198348
WI,US53,85,44.777092100000004,-91.4350234
WI,US53,126,45.304079349999995,-91.65943345
WI,US53,84A,44.7666876,-91.4217884
WI,US53,86,44.790537,-91.45113845
WI,US53,87,44.793462000000005,-91.45387605
WI,US53,6,43.88395335,-91.21171849999999
WI,US53,7,43.89793305,-91.22016465
WI,US53,15,43.995563849999996,-91.28626890000001
WI,US53,11,43.942401950000004,-91.2573538
WI,US53,9,43.92318145,-91.24101365
WI,US53,13,43.9673608,-91.28615149999999
WI,US53,84B,44.77357,-91.4300641
WI,US53,150,45.61373145,-91.76915425
WI,US53,172,45.896809399999995,-91.82783655
WI,US61,1,42.51958345,-90.6150748
WI,US61,3,42.5551458,-90.6098161
WI,US61,8,42.6126913,-90.5885098
WI,US61,2,42.5321739,-90.612743
WI,US61,5,42.58412095,-90.60520604999999
WI,US8,,,
WV,I68,1,39.58326285,-79.95616265000001
WV,I68,4,39.6147298,-79.91882435
WV,I68,15,39.6572037,-79.78173065
WV,I68,23,39.655586799999995,-79.63718015
WV,I68,7,39.64564585,-79.89442650000001
WV,I68,10,39.66834145,-79.85120724999999
WV,I68,29,39.65766635,-79.5330884
WV,I70,2A,40.07191885,-80.70171769999999
WV,I70,4,40.0510316,-80.667133
WV,I70,11,40.066752300000005,-80.57015985
WV,I70,1B,40.0734943,-80.71383785
WV,I70,10,40.06308355,-80.5900719
WV,I70,0,40.0717667,-80.729442
WV,I70,1A,40.07229585,-80.7240429
WV,I70,2B,40.067322950000005,-80.6923619
WV,I70,5A,40.0474854,-80.6605018
WV,I70,5,40.04471595,-80.65389125
WV,I70,1,40.1031018,-80.5024064
WV,I77,60,37.97210105,-81.28379530000001
WV,I77,66,38.0293051,-81.35751205
WV,I77,138,38.82073785,-81.7274982
WV,I77,146,38.924454,-81.71957090000001
WV,I77,119,38.59740515,-81.6395668
WV,I77,111,38.46261515,-81.6431338
WV,I77,95,38.3076388,-81.56606745
WV,I77,101,38.3593132,-81.62975175
WV,I77,116,38.54484345,-81.63739865
WV,I77,97,38.3222919,-81.5692839
WV,I77,96,38.3173478,-81.55931054999999
WV,I77,89,38.24089605,-81.56471095
WV,I77,85,38.1937882,-81.4995593
WV,I77,9,37.364005649999996,-81.04917155000001
WV,I77,7,37.3362937,-81.059629
WV,I77,1,37.28683585,-81.1255141
WV,I77,14,37.42473255,-81.06588149999999
WV,I77,48,37.833623849999995,-81.214309
WV,I77,176,39.2676304,-81.49830025
WV,I77,185,39.389125,-81.43953404999999
WV,I77,170,39.1895124,-81.5296266
WV,I77,40,37.73588495,-81.19944905
WV,I77,5,37.3128314,-81.0607474
WV,I77,20,37.4974596,-81.10557545
WV,I77,28,37.6152378,-81.11983230000001
WV,I77,45,37.8108115,-81.2131914
WV,I77,54,37.9156778,-81.2693778
WV,I77,74,38.1288637,-81.38895455
WV,I77,79,38.15824415,-81.44738465
WV,I77,100,38.352028000000004,-81.62434505
WV,I77,98,38.3356996,-81.6000024
WV,I77,104,38.37607195,-81.60751805
WV,I77,102,38.36332435,-81.62012014999999
WV,I77,106,38.41339135,-81.6286003
WV,I77,114,38.509313,-81.6440993
WV,I77,124,38.667831050000004,-81.64910155
WV,I77,132,38.7593387,-81.69231735
WV,I77,173,39.228238950000005,-81.52047685
WV,I77,154,39.00496465,-81.62970425
WV,I77,161,39.084643549999996,-81.55099255
WV,I77,174,39.2355525,-81.50630964999999
WV,I77,179,39.3132285,-81.47860130000001
WV,I77,42,37.760534750000005,-81.21370404999999
WV,I77,44,37.792273800000004,-81.216768
WV,I77,99,38.342048500000004,-81.6119255
WV,I79,117,39.2582477,-80.28682105
WV,I79,119,39.2771187,-80.28479085000001
WV,I79,124,39.3269758,-80.23581685
WV,I79,133,39.4432601,-80.16796635
WV,I79,137,39.4722662,-80.12099334999999
WV,I79,148,39.5796218,-79.97738035
WV,I79,153,39.63907845,-80.0010538
WV,I79,99,39.022980950000004,-80.42692545
WV,I79,1,38.83955936666666,-81.0793142
WV,I79,155,39.65551415,-80.0095952
WV,I79,152,39.627497950000006,-79.98935320000001
WV,I79,132,39.43350115,-80.18613959999999
WV,I79,135,39.45691925,-80.14523795
WV,I79,136,39.466658550000005,-80.13364659999999
WV,I79,139,39.489056149999996,-80.08913865
WV,I79,146,39.537555049999995,-79.99188315
WV,I79,121,39.3063601,-80.27351695
WV,I79,125,39.3378462,-80.22491185
WV,I79,115,39.22734045,-80.2978944
WV,I79,110,39.1684089,-80.34832265
WV,I79,105,39.1035028,-80.39205995
WV,I79,91,38.96358505,-80.51529065
WV,I79,96,39.0141838,-80.46835945000001
WV,I79,79,38.85796525000001,-80.66056280000001
WV,I79,62,38.658990700000004,-80.73814275000001
WV,I79,67,38.703490200000005,-80.66275915
WV,I79,57,38.61653715,-80.7586805
WV,I79,46,38.618196499999996,-80.9508238
WV,I79,51,38.61863525,-80.86314465
WV,I79,40,38.597552500000006,-81.0420572
WV,I79,34,38.5669491,-81.13638355
WV,I79,25,38.56944645,-81.26971865
WV,I79,19,38.5198822,-81.35789969999999
WV,I79,5,38.4165317,-81.54838509999999
WV,I79,9,38.456994800000004,-81.49579455
WV,I79,104,38.3731134,-81.6065122
WY,I25,11,41.14592965,-104.83923254999999
WY,I25,126,42.6571762,-105.20279145
WY,I25,140,42.7590395,-105.4153025
WY,I25,165,42.837410399999996,-105.89311330000001
WY,I25,160,42.8240391,-105.7970462
WY,I25,146,42.78207475,-105.5167669
WY,I25,150,42.7938591,-105.59824524999999
WY,I25,151,42.795630450000004,-105.6160498
WY,I25,154,42.8065173,-105.67307890000001
WY,I25,291,44.236306549999995,-106.68465695
WY,I25,299,44.353986649999996,-106.6867541
WY,I25,8B,41.11603315,-104.85093755
WY,I25,39,41.54477265,-104.8911062
WY,I25,47,41.65491345,-104.84311915
WY,I25,9,41.123018900000005,-104.84943325
WY,I25,29,41.407733300000004,-104.8743142
WY,I25,298,44.33517565,-106.6848554
WY,I25,34,41.476866900000005,-104.89502665
WY,I25,21,41.29133555,-104.8510148
WY,I25,25,41.349149600000004,-104.86821705
WY,I25,280,44.082813349999995,-106.6341235
WY,I25,4,41.06196815,-104.8763026
WY,I25,17,41.2283822,-104.8375889
WY,I25,300,44.3665328,-106.6892161
WY,I25,235,43.4995164,-106.4516024
WY,I25,254,43.716541750000005,-106.6407612
WY,I25,265,43.87249265,-106.62968515
WY,I25,197,42.98277105,-106.33298325
WY,I25,185,42.85408995,-106.27086405
WY,I25,191,42.8981672,-106.34010835000001
WY,I25,189,42.86732435,-106.34244575
WY,I25,187,42.8571252,-106.31141769999999
WY,I25,188B,42.85867725,-106.33350145
WY,I25,188A,42.85701925,-106.3237976
WY,I25,78,42.04662425,-104.9654797
WY,I25,92,42.2307433,-105.0236126
WY,I25,73,41.96155645,-104.95156685
WY,I25,54,41.75656155,-104.83029195
WY,I25,111,42.502999349999996,-105.0302093
WY,I25,57,41.78425385,-104.79201710000001
WY,I25,104,42.396417549999995,-105.04395249999999
WY,I25,94,42.2641044,-105.0395613
WY,I25,186,42.857066149999994,-106.29920855
WY,I25,8D,41.11085265,-104.85079635
WY,I25,10B,41.1394564,-104.8402293
WY,I25,10D,41.1353998,-104.84088595
WY,I25,156,42.817595100000005,-105.70775985
WY,I25,135,42.73114755,-105.3392739
WY,I25,80,42.07330165,-104.96770330000001
WY,I25,12,41.16751535,-104.83979529999999
WY,I25,13,41.1834777,-104.838088
WY,I25,16,41.21839675,-104.8380847
WY,I25,7,41.099473399999994,-104.85046205
WY,I25,2,41.035436950000005,-104.89663254999999
WY,I25,227,43.41913185,-106.38551799999999
WY,I25,223,43.35961025,-106.39488355
WY,I25,216,43.24710655,-106.38701745
WY,I25,210,43.16854715,-106.33942345
WY,I25,68,41.90493955,-104.91812285
WY,I25,66,41.8824843,-104.8822093
WY,I25,65,41.871207299999995,-104.87532064999999
WY,I25,70,41.9280347,-104.94210815
WY,I25,249,43.65443715,-106.62650845
WY,I25,246,43.6289667,-106.57496655
WY,I25,100,42.33954055,-105.04585745
WY,I25,84,42.1227631,-104.99301
WY,I25,87,42.16117345,-105.0000773
WY,I25,182,42.8444315,-106.2173196
WY,I25,194,42.93587275,-106.33404585
WY,I80,197,41.2489486,-111.0505709
WY,I80,1,41.1814884,-104.051241
WY,I80,323,41.239782250000005,-105.43850345
WY,I80,313,41.296602050000004,-105.59121490000001
WY,I80,316,41.28947185,-105.52590004999999
WY,I80,335,41.124922,-105.30509565
WY,I80,290,41.44061085,-105.9436314
WY,I80,214,41.77943845,-107.22527099999999
WY,I80,255,41.72409125,-106.45966175000001
WY,I80,272,41.597835200000006,-106.20584585
WY,I80,221,41.77264545,-107.08130895
WY,I80,209,41.776780099999996,-107.31108015000001
WY,I80,267,41.634182550000006,-106.2841591
WY,I80,279,41.54283005,-106.08313665
WY,I80,201,41.7730641,-107.46599710000001
WY,I80,228,41.7541032,-106.96156715000001
WY,I80,235,41.741448399999996,-106.83049765
WY,I80,211,41.78120975,-107.26776755
WY,I80,238,41.742847850000004,-106.7741205
WY,I80,219,41.78055085,-107.13069475
WY,I80,204,41.7852758,-107.4105368
WY,I80,215,41.78887725,-107.1953566
WY,I80,206,41.786665,-107.3721567
WY,I80,260,41.6926091,-106.38397055
WY,I80,359A,41.11349845,-104.85382584999999
WY,I80,359C,41.11452545,-104.8478251
WY,I80,348,41.10056175,-105.06171714999999
WY,I80,362,41.11904505,-104.80456425
WY,I80,358,41.115953250000004,-104.86646125
WY,I80,364,41.1238418,-104.7672299
WY,I80,391,41.158706249999994,-104.2539594
WY,I80,370,41.156862700000005,-104.65457635
WY,I80,339,41.104720349999994,-105.23041875000001
WY,I80,377,41.15810775,-104.52226694999999
WY,I80,342,41.097172400000005,-105.17285545
WY,I80,386,41.157644250000004,-104.34973675
WY,I80,345,41.09816015,-105.1158706
WY,I80,367,41.135276250000004,-104.7049343
WY,I80,187,41.72841,-107.728339
WY,I80,122,41.671227,-108.93149535
WY,I80,165,41.6516941,-108.128229
WY,I80,91,41.526200700000004,-109.44382415000001
WY,I80,196,41.7523962,-107.55932485
WY,I80,102,41.5797355,-109.25743885
WY,I80,107,41.595318750000004,-109.194186
WY,I80,66,41.544204199999996,-109.90465015000001
WY,I80,144,41.643216499999994,-108.53873625
WY,I80,142,41.6455482,-108.57657735000001
WY,I80,104,41.60900455,-109.22591729999999
WY,I80,61,41.509395049999995,-109.9859296
WY,I80,99,41.557614799999996,-109.3099552
WY,I80,72,41.5428274,-109.79297
WY,I80,158,41.633548450000006,-108.263203
WY,I80,173,41.6745263,-107.98098415
WY,I80,156,41.63041215,-108.31015555
WY,I80,184,41.7159871,-107.7828344
WY,I80,111,41.61331525,-109.1265466
WY,I80,13,41.276156650000004,-110.8014156
WY,I80,3,41.25882075,-110.9835173
WY,I80,30,41.3127038,-110.50851424999999
WY,I80,53,41.433209950000006,-110.10840160000001
WY,I80,39,41.35710865,-110.33763785
WY,I80,68,41.54233015,-109.85761165
WY,I80,152,41.63348725,-108.37881715
WY,I80,41,41.366848399999995,-110.29941095000001
WY,I80,130,41.6784547,-108.78262375
WY,I80,18,41.30794965,-110.731657
WY,I80,24,41.2984867,-110.6287347
WY,I80,33,41.32760975,-110.45891900000001
WY,I80,6,41.267716199999995,-110.93830505
WY,I80,48,41.39313515,-110.1849273
WY,I80,21,41.2991713,-110.6702602
WY,I80,34,41.33146775,-110.43082129999999
WY,I80,10,41.2715015,-110.858847
WY,I80,5,41.26247445,-110.95508244999999
WY,I80,83,41.554452749999996,-109.59097585
WY,I80,136,41.64731305,-108.6750338
WY,I80,85,41.56249785,-109.5420689
WY,I80,401,41.174844050000004,-104.07499585
WY,I80,89,41.54259355000001,-109.479444
WY,I80,357,41.11671215,-104.8860447
WY,I80,329,41.15796935,-105.40297215000001
WY,I80,311,41.308460499999995,-105.61349075
WY,I80,310,41.32807315,-105.61586605
WY,I80,297,41.3951142,-105.82432075
WY,I80,170,41.665543,-108.03127285
WY,I80,150,41.635482749999994,-108.40954775
WY,I80,146,41.6399064,-108.4839556
WY,I80,139,41.64883675,-108.6271875
WY,I80,103,41.59823415,-109.24148445
WY,I80,23,41.29873885000001,-110.64391015000001
WY,I80,28,41.302929750000004,-110.5382051
WY,I80,101,41.57144145,-109.27651045
WY,I90,102,44.17870455,-105.90315430000001
WY,I90,116,44.2449151,-105.66114685
WY,I90,113,44.24533135,-105.7059662
WY,I90,106,44.207069149999995,-105.8466338
WY,I90,199,44.5231639,-104.20824275000001
WY,I90,56B,44.37244165,-106.68828905000001
WY,I90,56A,44.3790743,-106.6990719
WY,I90,47,44.476837,-106.7972845
WY,I90,58,44.3582067,-106.65755060000001
WY,I90,65,44.27874535,-106.56295695
WY,I90,91,44.21858605,-106.1075261
WY,I90,44,44.51894985,-106.80270920000001
WY,I90,82,44.1947314,-106.2661487
WY,I90,77,44.215612750000005,-106.35249809999999
WY,I90,73,44.251110499999996,-106.43546045
WY,I90,53,44.4057998,-106.726865
WY,I90,51,44.4361271,-106.7508004
WY,I90,88,44.21325015,-106.1594105
WY,I90,37,44.61885095,-106.84881665
WY,I90,16,44.884424749999994,-107.00500635
WY,I90,33,44.6652785,-106.87961005
WY,I90,25,44.772446099999996,-106.93676575
WY,I90,9,44.916524800000005,-107.1514726
WY,I90,14,44.9042518,-107.02768495
WY,I90,23,44.8051251,-106.93689405
WY,I90,205,44.54298405,-104.08184905
WY,I90,191,44.4387008,-104.2942621
WY,I90,126,44.27972555,-105.49563605
WY,I90,128,44.28689115,-105.4697123
WY,I90,185,44.392145400000004,-104.39732864999999
WY,I90,189,44.4148338,-104.34293885
WY,I90,187,44.40187400000001,-104.36581675
WY,I90,165,44.2808001,-104.72389050000001
WY,I90,153,44.27241595,-104.96701039999999
WY,I90,154,44.26643325,-104.94278195000001
WY,I90,141,44.2930676,-105.20580455000001
WY,I90,132,44.2930028,-105.37203930000001
WY,I90,129,44.29516855,-105.44993405
WY,I90,124,44.29230365,-105.53158065
WY,I90,1,44.9793222,-107.28452974999999
WY,I90,69,44.262947600000004,-106.4967172
WY,I90,160,44.273844749999995,-104.8220465
WY,I90,172,44.314583,-104.6151428
WY,I90,178,44.33107765,-104.4922594
WY,I90,20,44.8383041,-106.9723146
AR,I555,45,35.809740000000005,-90.7213245
AR,I555,36,35.775220450000006,-90.58568255
AR,I555,35,35.75379815,-90.57912139999999
AR,I555,39,35.8016514,-90.6246883
AR,I555,46,35.82016525,-90.7360184
AR,I555,40,35.8069301,-90.63995205
AR,I555,44,35.80722595,-90.69851975
AR,I555,42,35.80710665,-90.67472245
AR,I555,1A,35.3970679,-90.2762893
AR,I555,1B,35.391527,-90.2728556
AR,I555,47,35.8348962,-90.74983215
AR,I555,49,35.85641495,-90.77675565
AR,I555,13,35.5205719,-90.41575035
AR,I555,24,35.63038615,-90.50057065
AR,I555,7,35.473674,-90.3352712
AR,I555,14,35.52607965,-90.43056175000001
AR,I555,2,35.4108176,-90.2824038
AR,I555,8,35.48019815,-90.3561907
AR,I555,18,35.546943299999995,-90.4960154
AR,I555,29,35.67825795,-90.55274495
AR,US63,45,35.809740000000005,-90.7213245
AR,US63,46,35.279810000000005,-91.1480165
AR,US63,47,35.8348962,-90.74983215
AR,US63,49,35.85641495,-90.77675565
AR,US63,43,34.1710349,-92.0026633
AR,US63,44,34.1757221,-91.99032435000001
AR,US63,202,34.8461818,-91.414478
AR,US63,193,34.8191452,-91.5628394
AR,US63,216,34.9084649,-91.2028042
AR,US63,16,33.2107994,-92.6353805
AR,US63,15,33.1981873,-92.64097430000001
AZ,US80,,,
CO,I25,205,39.68780395,-104.963907
CO,I25,149,38.9332444,-104.8131424
CO,I25,146,38.89701545,-104.83015745
CO,I25,288,40.8415974,-104.96607835
CO,I25,269B,40.58301995,-105.00129725
CO,I25,257,40.406975450000004,-104.993169
CO,I25,265,40.52305285,-104.9923791
CO,I25,278,40.703772,-104.9975682
CO,I25,281,40.755084350000004,-104.99247805
CO,I25,269A,40.57951395,-105.0013088
CO,I25,255,40.37842035,-104.99235995
CO,I25,262,40.48031185,-104.99178004999999
CO,I25,254,40.36225895,-104.9850779
CO,I25,271,40.61018195,-105.0013405
CO,I25,268,40.5664443,-105.00134990000001
CO,I25,145,38.8752305,-104.8348114
CO,I25,156,39.02462355,-104.83317875
CO,I25,139,38.807983300000004,-104.80674135000001
CO,I25,158,39.05568095,-104.850847
CO,I25,142,38.83782695,-104.83081165
CO,I25,252,40.3355782,-104.98029555
CO,I25,235,40.087411,-104.98042365
CO,I25,243,40.20429285,-104.98014079999999
CO,I25,293,40.911268500000006,-104.93800705000001
CO,I25,245,40.2328281,-104.9803853
CO,I25,240,40.16122825,-104.9791713
CO,I25,143,38.851033599999994,-104.83194370000001
CO,I25,250,40.3061736,-104.98031745
CO,I25,140,38.8154464,-104.8231994
CO,I25,123,38.609732449999996,-104.68285130000001
CO,I25,148,38.9142737,-104.82039520000001
CO,I25,144,38.86112305,-104.83356835
CO,I25,167,39.18813195,-104.85055464999999
CO,I25,182,39.379794399999994,-104.861454
CO,I25,174,39.26774125,-104.8957684
CO,I25,188,39.47120755,-104.8730269
CO,I25,184,39.4126556,-104.86814530000001
CO,I25,187,39.4500143,-104.87550505
CO,I25,215,39.8022144,-104.98464799999999
CO,I25,219,39.8487498,-104.98552765
CO,I25,220,39.8663641,-104.98758484999999
CO,I25,221,39.885624,-104.98755645
CO,I25,228,39.9802218,-104.9875832
CO,I25,216AB,39.812999,-104.982783
CO,I25,216,39.8243688,-104.9831828
CO,I25,225,39.9427468,-104.98791955
CO,I25,217A,39.825789549999996,-104.982943
CO,I25,223,39.91336375,-104.9895889
CO,I25,229,40.0013249,-104.98168204999999
CO,I25,211,39.752280049999996,-105.01519975
CO,I25,202,39.66756355,-104.92568215
CO,I25,212C,39.761675350000004,-105.00467425
CO,I25,210C,39.744724,-105.0172858
CO,I25,213,39.77171995,-104.99350129999999
CO,I25,198,39.6091527,-104.8931735
CO,I25,197,39.59435885,-104.8846193
CO,I25,195,39.562616250000005,-104.87173695
CO,I25,52,37.6583078,-104.79405845
CO,I25,42,37.5238959,-104.69856405
CO,I25,41,37.51177585,-104.68876975
CO,I25,27,37.3396364,-104.56763910000001
CO,I25,2,37.021037050000004,-104.4933901
CO,I25,34,37.4275346,-104.6396652
CO,I25,8,37.08794845,-104.5221327
CO,I25,91,38.16104355,-104.64356194999999
CO,I25,96,38.231324,-104.6135951
CO,I25,100B,38.298018049999996,-104.61093955
CO,I25,83,38.0728905,-104.7091748
CO,I25,87,38.116471700000005,-104.6723214
CO,I25,102,38.3200892,-104.6154728
CO,I25,114,38.48520805,-104.61964230000001
CO,I25,94,38.217095799999996,-104.62086205
CO,I25,77,37.9949966,-104.7618276
CO,I25,99B,38.27871275,-104.6046221
CO,I25,116,38.5116371,-104.62863935
CO,I25,153,38.988875699999994,-104.8140171
CO,I25,151,38.96704795,-104.80379385
CO,I25,161,39.08752095,-104.8615424
CO,I25,212B,39.7568229,-105.01062335
CO,I25,214A,39.777766799999995,-104.99179670000001
CO,I25,206,39.6943526,-104.97807689999999
CO,I25,203,39.67836715,-104.934119
CO,I25,194,39.55582345,-104.8705751
CO,I25,128,38.672785399999995,-104.70886469999999
CO,I25,132,38.7212992,-104.7296616
CO,I25,132B,38.7284513,-104.7367319
CO,I25,135,38.7650522,-104.7752233
CO,I25,196,39.58028785,-104.87686255
CO,I25,199,39.628156149999995,-104.90388475
CO,I25,200,39.634969,-104.9079909
CO,I25,138,38.79552905,-104.7970867
CO,I25,201,39.6542669,-104.9187115
CO,I25,207B,39.70830505,-104.9963055
CO,I25,209A,39.725278,-105.0132278
CO,I25,209C,39.72908915,-105.0147475
CO,I25,141,38.8276666,-104.83486909999999
CO,I25,204,39.6812863,-104.9401365
CO,I25,192,39.5227764,-104.8676203
CO,I25,181,39.3661566,-104.86557875
CO,I25,95,38.2238699,-104.6143501
CO,I25,97A,38.241994500000004,-104.61191885
CO,I25,97B,38.2519076,-104.60952664999999
CO,I25,98A,38.257753199999996,-104.6058403
CO,I25,98B,38.26797655,-104.60492715000001
CO,I25,99A,38.2730983,-104.6042012
CO,I25,100A,38.2844753,-104.6051993
CO,I25,101,38.3069379,-104.6136204
CO,I25,104,38.339947949999996,-104.61922179999999
CO,I25,108,38.4021433,-104.61671125000001
CO,I25,88,38.1283167,-104.6692603
CO,I25,71,37.924347100000006,-104.8225166
CO,I25,74,37.9627423,-104.79481025
CO,I25,59,37.7413502,-104.83103940000001
CO,I25,64,37.8215055,-104.82868124999999
CO,I25,110,38.4320343,-104.6071256
CO,I25,119,38.55247095,-104.64769085
CO,I25,122,38.589355999999995,-104.6707043
CO,I25,125,38.62800905,-104.69056334999999
CO,I25,132A,38.7243225,-104.7325653
CO,I25,207A,39.6979294,-104.9841224
CO,I25,232,40.0439382,-104.98057
CO,I25,173,39.2499519,-104.8851321
CO,I25,23,37.293127350000006,-104.52648255
CO,I25,15,37.1845596,-104.49861204999999
CO,I25,18,37.22647005,-104.49239130000001
CO,I25,14,37.1735159,-104.5079947
CO,I25,163,39.13101365,-104.86363345000001
CO,I25,226,39.9574133,-104.98803695000001
CO,I25,150,38.952246599999995,-104.80764735
CO,I25,6,37.06101395,-104.5222087
CO,I25,11,37.1354045,-104.52057705
CO,I25,13B,37.1659309,-104.51253055000001
CO,I25,13A,37.1595519,-104.5159867
CO,I25,460,36.98829955,-104.48219765
CO,I25,172,39.242546250000004,-104.87883635
CO,I25,193,39.53581629999999,-104.86837835
CO,I25,185,39.4245514,-104.87589495
CO,I25,212A,39.7535163,-105.014873
CO,I25,30,37.3831557,-104.60309315
CO,I25,210A,39.73906065,-105.0156789
CO,I25,210B,39.7380431,-105.0138718
CO,I25,209B,39.7288432,-105.014939
CO,I25,50,37.6295713,-104.76698934999999
CO,I25,49,37.6180866,-104.75967474999999
CO,I25,55,37.69400055,-104.8108482
CO,I25,56,37.7100098,-104.81767285000001
CO,I25,60,37.76441725,-104.83525865
CO,I25,67,37.860871,-104.8288262
CO,I25,214B,39.7912385,-104.988811
CO,I25,155,39.02100215,-104.8310431
CO,I25,259,40.43615065,-104.99235635
CO,I25,209AB,39.7217258,-105.008941
CO,I25,208,39.7149915,-105.001517
CO,I25,217B,39.8337462,-104.9835811
CO,I25,106,38.3834945,-104.61884420000001
GA,I20,11,33.68553915,-85.15197355000001
GA,I20,24,33.7222654,-84.93906145
GA,I20,19,33.71665405,-85.0269748
GA,I20,47,33.7718973,-84.5467123
GA,I20,46A,33.774058,-84.5615973
GA,I20,46B,33.7732395,-84.5537643
GA,I20,46,33.7740161,-84.5639104
GA,I20,190,33.483772,-82.19935459999999
GA,I20,194,33.48250015,-82.13160515
GA,I20,62,33.7305373,-84.3231587
GA,I20,71,33.7033925,-84.17029435
GA,I20,61A,33.7452907,-84.3390402
GA,I20,61B,33.7395438,-84.32812369999999
GA,I20,75,33.7001267,-84.0898616
GA,I20,60,33.7456604,-84.3456079
GA,I20,63,33.71669465,-84.3084163
GA,I20,65,33.713568550000005,-84.272426
GA,I20,67,33.71293415,-84.22952384999999
GA,I20,74,33.702541749999995,-84.12485175
GA,I20,66,33.7162303,-84.2571768
GA,I20,30,33.71900995,-84.83288935
GA,I20,37,33.750795749999995,-84.71463175
GA,I20,34,33.7279531,-84.7618366
GA,I20,44,33.776824899999994,-84.60649055
GA,I20,26,33.724636849999996,-84.9011943
GA,I20,36,33.7333147,-84.7384632
GA,I20,41,33.7687115,-84.65165895
GA,I20,56B,33.7433337,-84.39550385000001
GA,I20,58B,33.7435145,-84.3748164
GA,I20,55A,33.74157415,-84.41733115
GA,I20,51A,33.7603917,-84.4839106
GA,I20,53,33.750272499999994,-84.44590715000001
GA,I20,54,33.744908,-84.4266579
GA,I20,59B,33.7432403,-84.3673827
GA,I20,57,33.7440136,-84.3907428
GA,I20,55B,33.7413395,-84.4115147
GA,I20,49,33.766423599999996,-84.5267895
GA,I20,59A,33.74347605,-84.3651138
GA,I20,58A,33.743494,-84.3776418
GA,I20,52,33.7583332,-84.4730958
GA,I20,52A,33.7572971,-84.4692607
GA,I20,52B,33.7554936,-84.4668242
GA,I20,130,33.545762800000006,-83.2054663
GA,I20,138,33.54462875,-83.080325
GA,I20,5,33.6845097,-85.26229004999999
GA,I20,9,33.689106100000004,-85.18834294999999
GA,I20,175,33.51117515,-82.44606060000001
GA,I20,172,33.511368000000004,-82.5023845
GA,I20,121,33.55113635,-83.35716855000001
GA,I20,114,33.55524705,-83.4742996
GA,I20,105,33.5929628,-83.6301414
GA,I20,113,33.561518250000006,-83.4996884
GA,I20,104,33.6008265,-83.65435489999999
GA,I20,92,33.615301099999996,-83.84537245
GA,I20,101,33.6094235,-83.69935749999999
GA,I20,93,33.6134323,-83.82671765
GA,I20,98,33.6121888,-83.75043535
GA,I20,88,33.6158084,-83.9202914
GA,I20,90,33.607764849999995,-83.87877275
GA,I20,199,33.51205335,-82.04313540000001
GA,I20,80,33.664339049999995,-84.02960245
GA,I20,82,33.6535765,-84.00616550000001
GA,I20,78,33.683265500000005,-84.0638405
GA,I20,84,33.635789349999996,-83.97820335
GA,I20,148,33.529749,-82.910089
GA,I20,165,33.49528765,-82.61742885000001
GA,I20,160,33.5024155,-82.713318
GA,I20,154,33.49852165,-82.80766259999999
GA,I20,196,33.49455745,-82.08296135
GA,I20,56A,33.7412116,-84.4072084
GA,I20,200,33.52261835,-82.0289059
GA,I20,195,33.48789425,-82.10767015
GA,I20,183,33.49675165,-82.3153436
GA,I20,60A,33.7444091,-84.3535291
GA,I20,60B,33.7451598,-84.3501526
GA,I20,51B,33.7629447,-84.4891948
GA,I20,51AB,33.7661362,-84.4994377
GA,I20,68,33.7142859,-84.2386331
GA,I75,306,34.37697025,-84.91090969999999
GA,I75,172,32.9280515,-83.73090725
GA,I75,164,32.8493832,-83.6472808
GA,I75,162,32.813763050000006,-83.65608235
GA,I75,163,32.82520185,-83.6556128
GA,I75,160B,32.7943012,-83.6654129
GA,I75,171,32.918890399999995,-83.70882225
GA,I75,167,32.8772137,-83.6650154
GA,I75,169,32.9026225,-83.6868314
GA,I75,160A,32.7882993,-83.668458
GA,I75,350,34.928313,-85.1524229
GA,I75,348,34.910366499999995,-85.1267265
GA,I75,345,34.892500549999994,-85.07461085
GA,I75,353,34.96796005,-85.190595
GA,I75,277,34.0793072,-84.6531829
GA,I75,HOVEXIT,33.692065725,-84.39235157499999
GA,I75,235,33.58592815,-84.37845855
GA,I75,231,33.564343699999995,-84.3190163
GA,I75,238B,33.6465178,-84.3982993
GA,I75,237A,33.6298603,-84.4006825
GA,I75,238A,33.6322504,-84.4010068
GA,I75,237,33.613351300000005,-84.39721925
GA,I75,263,33.9395638,-84.5021388
GA,I75,271,34.03355845,-84.57680529999999
GA,I75,269,34.0099116,-84.5672046
GA,I75,261,33.92119265,-84.4843762
GA,I75,259A,33.88463745,-84.45609110000001
GA,I75,267A,33.983115049999995,-84.54075995
GA,I75,265,33.960735150000005,-84.51984885
GA,I75,258,33.880853450000004,-84.45286605
GA,I75,273,34.0538094,-84.59406419999999
GA,I75,260,33.899836300000004,-84.46979404999999
GA,I75,259B,33.8910996,-84.4613399
GA,I75,259,33.8986924,-84.4703502
GA,I75,45,31.21506885,-83.45998485
GA,I75,49,31.269032850000002,-83.47216455
GA,I75,32,31.04425025,-83.3975079
GA,I75,37,31.11266905,-83.427832
GA,I75,41,31.16569835,-83.4493311
GA,I75,104,32.0043509,-83.75856255
GA,I75,92,31.83588435,-83.71398955000001
GA,I75,101,31.96021905,-83.7515662
GA,I75,97,31.9072032,-83.7377898
GA,I75,99,31.93442055,-83.74748675000001
GA,I75,122,32.260839399999995,-83.74971405
GA,I75,117,32.191761650000004,-83.74784105
GA,I75,121,32.2497218,-83.74474090000001
GA,I75,109,32.0860397,-83.76325489999999
GA,I75,243,33.69437685,-84.40134185
GA,I75,244,33.72208665,-84.395366
GA,I75,254,33.83251145,-84.42687140000001
GA,I75,256,33.8664253,-84.44050845
GA,I75,252B,33.8038757,-84.4098572
GA,I75,248C,33.75954435,-84.3809008
GA,I75,255,33.8478904,-84.43044714999999
GA,I75,248D,33.7609211,-84.3807131
GA,I75,245,33.7287842,-84.3929045
GA,I75,249C,33.7692046,-84.390567
GA,I75,247,33.74400635,-84.3879149
GA,I75,248A,33.7508201,-84.3813698
GA,I75,241,33.6839028,-84.39956670000001
GA,I75,246,33.7393984,-84.3904717
GA,I75,249A,33.7654361,-84.3858025
GA,I75,248B,33.7517678,-84.379779
GA,I75,250,33.78686555,-84.3927597
GA,I75,249D,33.7714554,-84.38964215
GA,I75,251B,33.790386,-84.3908395
GA,I75,242,33.6932385,-84.4036998
GA,I75,252,33.8077637,-84.4171966
GA,I75,251,33.7981207,-84.3958976
GA,I75,239,33.6502419,-84.3974024
GA,I75,249B,33.7655556,-84.3854374
GA,I75,312,34.471255549999995,-84.91907105
GA,I75,228,33.546996,-84.27892215
GA,I75,222,33.482085999999995,-84.2172576
GA,I75,218,33.4278627,-84.1820939
GA,I75,212,33.35282755,-84.12537814999999
GA,I75,221,33.4627897,-84.21018025
GA,I75,216,33.413477900000004,-84.16403875
GA,I75,224,33.50532045,-84.23069705
GA,I75,227,33.5392702,-84.2647928
GA,I75,127,32.336253,-83.76757665
GA,I75,138,32.493328649999995,-83.74264425
GA,I75,136,32.471935650000006,-83.74397765
GA,I75,135,32.4469109,-83.75457605
GA,I75,134,32.4314994,-83.75757924999999
GA,I75,198,33.16622695,-84.0402312
GA,I75,18,30.8449648,-83.33074984999999
GA,I75,13,30.7786044,-83.29602155
GA,I75,16,30.82035655,-83.317858
GA,I75,22,30.89125435,-83.35334280000001
GA,I75,181,32.991224200000005,-83.84458599999999
GA,I75,193,33.112854,-84.00295510000001
GA,I75,188,33.0554572,-83.95350155
GA,I75,177,32.9601095,-83.8149251
GA,I75,142,32.54629025,-83.7439527
GA,I75,146,32.61296555,-83.7427913
GA,I75,149,32.659589499999996,-83.74425364999999
GA,I75,144,32.586639399999996,-83.74322839999999
GA,I75,66,31.50213375,-83.5153441
GA,I75,59,31.41635405,-83.5052986
GA,I75,64,31.4789025,-83.5197046
GA,I75,63B,31.46290775,-83.5298479
GA,I75,55,31.35874315,-83.4901809
GA,I75,60,31.431052,-83.5172753
GA,I75,61,31.44030175,-83.5259429
GA,I75,69,31.550082949999997,-83.53427414999999
GA,I75,63A,31.45841,-83.53020105
GA,I75,62,31.4479567,-83.53006669999999
GA,I75,71,31.5701812,-83.5471469
GA,I75,82,31.711471250000002,-83.63699875
GA,I75,80,31.6808561,-83.61994765
GA,I75,78,31.6658137,-83.60786105
GA,I75,84,31.735350949999997,-83.65138590000001
GA,I75,75,31.626765550000002,-83.57650925
GA,I75,341,34.86093095,-85.02577735
GA,I75,278,34.08136055,-84.675893
GA,I75,283,34.1189063,-84.73769
GA,I75,285,34.14164435,-84.7396613
GA,I75,288,34.17428015,-84.7594488
GA,I75,290,34.20600675,-84.76132995
GA,I75,293,34.2452936,-84.7733826
GA,I75,296,34.27319095,-84.81135495000001
GA,I75,315,34.51187165,-84.91886365
GA,I75,317,34.540916499999994,-84.92256125
GA,I75,318,34.557098100000005,-84.93623400000001
GA,I75,320,34.57739765,-84.95008185
GA,I75,326,34.65400955,-84.98410375
GA,I75,328,34.68770585,-85.00200369999999
GA,I75,333,34.7610146,-85.0019779
GA,I75,336,34.7901513,-85.0005355
GA,I75,205,33.2619049,-84.09562274999999
GA,I75,201,33.20766975,-84.0617124
GA,I75,185,33.02835035,-83.91024235
GA,I75,268,33.9943921,-84.5567288
GA,I75,186,33.034763749999996,-83.9217439
GA,I75,187,33.04332685,-83.93811525000001
GA,I75,251A,33.7842848,-84.3908465
GA,I75,252A,33.8018556,-84.4034731
GA,I75,155,32.7495909,-83.71443895
GA,I75,156,32.7536745,-83.7110204
GA,I75,39,31.136027900000002,-83.43893785
GA,I75,5,30.680096849999998,-83.2229445
GA,I75,267B,33.98621515,-84.5440369
GA,I75,160,32.7855706,-83.6716624
GA,I75,153,32.7134243,-83.73084815
GA,I75,102,31.9747542,-83.7538833
GA,I75,175,32.9400615,-83.7750985
GA,I75,336AB,34.7976779,-85.0037393
GA,I75,112,32.123424,-83.76089075
GA,I75,233,33.5767794,-84.34301395
GA,I75,165,32.852505550000004,-83.64679989999999
GA,I75,310,34.441886749999995,-84.91998275
GA,I75,29,30.9916858,-83.3878693
GA,I75,238,33.6225353,-84.3995967
GA,I75,2,30.643260650000002,-83.18885975
GA,I75,11,30.7517414,-83.27434704999999
IA,I80,117,41.56275635,-93.88041630000001
IA,I80,113,41.54765765,-93.954823
IA,I80,110,41.5402493,-94.01235324999999
IA,I80,104,41.517641,-94.12256450000001
IA,I80,100,41.513582,-94.19607930000001
IA,I80,118,41.56957025,-93.85361635000001
IA,I80,75,41.493163499999994,-94.65902600000001
IA,I80,93,41.4930045,-94.3184975
IA,I80,97,41.493427999999994,-94.24139249999999
IA,I80,86,41.495933,-94.4521435
IA,I80,76,41.493180100000004,-94.6432159
IA,I80,88,41.495954499999996,-94.409695
IA,I80,83,41.49618595,-94.52086215
IA,I80,60,41.497177050000005,-94.94521789999999
IA,I80,57,41.49728,-95.00403850000001
IA,I80,51,41.497288999999995,-95.117751
IA,I80,54,41.4968817,-95.0604252
IA,I80,64,41.49738895,-94.86824605000001
IA,I80,70,41.4969545,-94.7584055
IA,I80,259,41.6633815,-91.24975065000001
IA,I80,277,41.633852649999994,-90.918749
IA,I80,267,41.6449565,-91.1112616
IA,I80,271,41.6361214,-91.03551759999999
IA,I80,254,41.6640255,-91.34565315
IA,I80,265,41.64606755,-91.1518004
IA,I80,216,41.688890099999995,-92.06727169999999
IA,I80,225,41.687648499999995,-91.9104796
IA,I80,220,41.6871148,-92.0078137
IA,I80,205,41.69608225,-92.27948165
IA,I80,211,41.695997750000004,-92.16259225
IA,I80,155,41.691939399999995,-93.24762609999999
IA,I80,173,41.6824632,-92.9036536
IA,I80,179,41.695321,-92.7961602
IA,I80,164,41.6835689,-93.07486295
IA,I80,159,41.690650500000004,-93.180013
IA,I80,168,41.68257645,-93.00015765
IA,I80,244,41.68661325,-91.5398988
IA,I80,242,41.6858527,-91.5639162
IA,I80,237,41.69401875,-91.66524225
IA,I80,246,41.68674865,-91.49940035
IA,I80,230,41.687713099999996,-91.8001554
IA,I80,249,41.6713708,-91.44477725
IA,I80,240,41.693932700000005,-91.60912695
IA,I80,239,41.694258700000006,-91.63740535
IA,I80,126,41.62878835,-93.77691924999999
IA,I80,137A,41.6533668,-93.5730367
IA,I80,137B,41.6532605,-93.5646555
IA,I80,125,41.6153891,-93.77684525000001
IA,I80,40,41.49764225,-95.33773
IA,I80,135,41.6495039,-93.61914619999999
IA,I80,34,41.498733,-95.45069050000001
IA,I80,123B,41.5915101,-93.7840477
IA,I80,72B123,41.59752,-93.777208
IA,I80,23,41.4407645,-95.612169
IA,I80,29,41.498405500000004,-95.546206
IA,I80,127,41.6513924,-93.7671283
IA,I80,5,41.24112235,-95.8219714
IA,I80,27,41.49574335,-95.58152475
IA,I80,8,41.2798656,-95.78469905
IA,I80,131,41.652136049999996,-93.69804400000001
IA,I80,141,41.659513000000004,-93.52538895
IA,I80,46,41.49730275,-95.22233315
IA,I80,136,41.64992325,-93.6003777
IA,I80,17,41.37546265,-95.6764562
IA,I80,197,41.695742499999994,-92.4454425
IA,I80,191,41.69653435,-92.5520467
IA,I80,201,41.6955795,-92.35409
IA,I80,182,41.695851450000006,-92.72759214999999
IA,I80,124,41.6020094,-93.77575415000001
IA,I80,1B,41.2320659,-95.904136
IA,I80,4A,41.232397,-95.8314845
IA,I80,292,41.59992195,-90.618028
IA,I80,280,41.63299885,-90.85968564999999
IA,I80,142,41.661955,-93.49422949999999
IA,I80,295A,41.596861000000004,-90.574266
IA,I80,298,41.59617515,-90.5284742
IA,I80,284,41.616512,-90.7829395
IA,I80,306,41.5880987,-90.3699207
IA,I80,301,41.59714435,-90.45963499999999
IA,I80,290,41.60379365,-90.67706415
IA,I80,295B,41.5955475,-90.566093
IA,I80,149,41.680457000000004,-93.36774299999999
IA,I80,121,41.59047475,-93.808805
IA,I80,122,41.5920574,-93.7974728
IA,I80,1A,41.2318707,-95.9072596
IA,I80,129,41.6521724,-93.736421
IA,I80,106,41.5199375,-94.07672744999999
IA,I80,143,41.6671507,-93.46510825
IA,I80,128,41.6516322,-93.75527775
IA,I80,4B,41.2318942,-95.8350922
IA,I80,127A,41.6398404,-93.7768853
IA,I80,127B,41.6444232,-93.7767733
IA,US63,178,42.714490049999995,-92.3372796
IA,US63,204,43.06743995,-92.33418795
IA,US63,205,43.084451900000005,-92.3194484
IA,US63,201,43.03018085,-92.3266239
IA,US63,42,41.0940705,-92.43959699999999
IA,US63,40,41.090774800000005,-92.40993585
IA,US63,35,41.026685099999995,-92.37833195
IA,US63,36,41.0504412,-92.37310205
IA,US63,191,41.0204687,-92.3786415
IA,US63,60,41.2544961,-92.640848
IA,US63,54,41.173257899999996,-92.63208645
IA,US63,53,41.151060099999995,-92.6190825
IA,US63,196,42.96781765,-92.3177212
IA,US63,175,42.67127945,-92.3419854
ID,US20,71,43.38535525,-115.99709595
ID,US20,54,43.5638623,-116.1909688
ID,US20,59A,43.5156621,-116.1473872
ID,US20,57,43.541330349999996,-116.16084945
ID,US20,59,43.501667,-116.13709
ID,US20,64,43.4656964,-116.09478225000001
ID,US20,308B,43.5122767,-112.0426036
ID,US20,308A,43.508805,-112.04703395
ID,US20,310,43.5270778,-112.02363489999999
ID,US20,315,43.592608999999996,-111.9685725
ID,US20,318,43.6269005,-111.94331199999999
ID,US20,29,43.664999,-116.6652713
ID,US20,26,43.6876995,-116.6907195
ID,US20,27,43.68047455,-116.68852005
ID,US20,90,43.174148,-115.749695
ID,US20,95,43.142826,-115.6675343
ID,US20,74,43.3445655,-115.953052
ID,US20,343,43.94089995,-111.7009846
ID,US20,346,43.9622745,-111.6827505
ID,US20,320,43.657903,-111.921818
ID,US20,322,43.683132799999996,-111.9051123
ID,US20,333,43.8261257,-111.8111911
ID,US20,339,43.8836515,-111.74949749999999
ID,US20,338,43.872075,-111.759992
ID,US20,332,43.80443245,-111.81364295
ID,US20,337,43.86344575,-111.7781079
ID,US20,328,43.76221575,-111.84389780000001
ID,US20,28,43.6703134,-116.67690393333334
ID,US20,307,43.50566044999999,-112.05188075
ID,US20,311,43.5431437,-112.0039438
ID,US20,313,43.56878815,-111.9840666
ID,US20,59B,43.5074124,-116.1430669
ID,US20,325,43.7243255,-111.87512535
ID,US20,119,43.5002602,-112.053956
ID,US20,118,43.5009068,-112.054488
IN,I70,23,39.4493579,-87.12624215
IN,I70,96,39.818109899999996,-85.9148276
IN,I70,104,39.821028,-85.76966250000001
IN,I70,66,39.6679819,-86.37084155
IN,I70,59,39.613543699999994,-86.47980065
IN,I70,131,39.85209555,-85.26219
IN,I70,123,39.85343295,-85.41582919999999
IN,I70,115,39.8392945,-85.5574015
IN,I70,90,39.7998329,-86.0232158
IN,I70,79B,39.753574650000004,-86.160158
IN,I70,79A,39.753885350000004,-86.16595815
IN,I70,73B,39.7133474,-86.2633971
IN,I70,83B,39.7866077,-86.1357309
IN,I70,91,39.800657799999996,-86.00940095
IN,I70,75,39.7323725,-86.2429965
IN,I70,77,39.75162175,-86.22602465
IN,I70,78,39.75571895,-86.1910113
IN,I70,83A,39.7855781,-86.1387353
IN,I70,85B,39.7975275,-86.1167515
IN,I70,110A,39.7595707,-86.1435745
IN,I70,89,39.80182925,-86.04452094999999
IN,I70,73A,39.7158598,-86.2597272
IN,I70,51,39.5699424,-86.6317722
IN,I70,68,39.69370135,-86.31281195
IN,I70,87,39.8023818,-86.08364245
IN,I70,80,39.7532788,-86.1506718
IN,I70,69,39.6870305,-86.3249047
IN,I70,110B,39.7551511,-86.1448265
IN,I70,37,39.526226,-86.87777435000001
IN,I70,41,39.532775,-86.80230925000001
IN,I70,1,39.4409873,-87.51007885
IN,I70,153,39.8686822,-84.862798
IN,I70,137,39.8530562,-85.1446398
IN,I70,145,39.859571,-84.9958089
IN,I70,151,39.87208965,-84.8892457
IN,I70,156A,39.8344335,-84.8182419
IN,I70,149A,39.867001349999995,-84.92912659999999
IN,I70,149B,39.8680279,-84.92194215
IN,I70,156B,39.8329469,-84.8168935
IN,I70,11AB,39.4306712,-87.3319235
IN,I70,7,39.430838699999995,-87.41395525
IN,I70,111,39.7639272,-86.14294
IN,I70,3,39.4485457,-87.47145954999999
IN,I70,85A,39.7949126,-86.1211604
IN,I70,112A,39.773948,-86.1425708
IN,I70,85,39.7985267,-86.1112355
IN,I70,11,39.4307907,-87.3292515
KS,I435,79,38.932244350000005,-94.6686747
KS,I435,83,38.9412831,-94.75466655
KS,I435,5,39.0011778,-94.78296385
KS,I435,6B,39.0114035,-94.7849014
KS,I435,6A,39.0052465,-94.7840521
KS,I435,9,39.06737995,-94.7937108
KS,I435,75B,38.934945,-94.6140465
KS,I435,1B,38.9472503,-94.7678903
KS,I435,1A,38.9417426,-94.7524546
KS,I435,6AB,39.0168235,-94.7854602
KS,I435,16,39.15754935,-94.81958935
KS,I435,18,39.17977115,-94.7988527
KS,I435,15B,39.14583255,-94.82030925000001
KS,I435,15A,39.1402687,-94.8196193
KS,I435,14B,39.13088085,-94.81755705
KS,I435,14A,39.126309750000004,-94.8154213
KS,I435,13,39.1211127,-94.8131957
KS,I435,13B,39.1173182,-94.8118165
KS,I435,13A,39.1093689,-94.8112737
KS,I435,12B,39.1074355,-94.8111072
KS,I435,12,39.1112306,-94.8118459
KS,I435,12A,39.100069,-94.8105483
KS,I435,11,39.086969999999994,-94.80217455
KS,I435,8B,39.05334860000001,-94.79030424999999
KS,I435,8A,39.0391977,-94.7888536
KS,I435,6C,39.024743900000004,-94.78608399999999
KS,I435,2,38.9601631,-94.77550905
KS,I435,3,38.970758700000005,-94.7763869
KS,I435,77,38.9308777,-94.6561008
KS,I435,82,38.9351539,-94.7169335
KS,I435,81,38.934857550000004,-94.70640175
KS,I435,80,38.9347659,-94.6928236
KS,I435,77B;77A,38.9330705,-94.6330565
KY,I275,4A,39.069876,-84.650952
KY,I275,6,39.0802685,-84.7152571
KY,I275,6A,39.0818437,-84.7056058
KY,I275,6B,39.0813034,-84.709724
KY,I275,4,39.0715983,-84.6600965
KY,I275,2,39.05399,-84.627236
KY,I275,11,39.0878956,-84.79177680000001
KY,I275,4B,39.070724,-84.654816
KY,I275,8,39.083554199999995,-84.73655575000001
KY,I275,77,39.023969,-84.4821665
KY,I275,74B,39.0458646,-84.46172075
KY,I275,74A,39.0464628,-84.4588852
KY,I275,76,39.034451,-84.470307
KY,I275,82,39.0269542,-84.56942065
KY,I275,84,39.035928999999996,-84.59899
KY,I275,79,39.02268535,-84.5118697
KY,I275,83,39.028467199999994,-84.5744624
KY,I275,80,39.02854205,-84.53812429999999
LA,I12,7,30.442347650000002,-91.00773095
LA,I12,6,30.43813595,-91.0245047
LA,I12,4,30.4302189,-91.05637275
LA,I12,15,30.4700965,-90.8626838
LA,I12,74,30.3523141,-89.9205351
LA,I12,59,30.44680435,-90.14037365
LA,I12,267AB,30.3041088,-89.7332113
LA,I12,65,30.41335895,-90.04072145
LA,I12,60,30.441875250000002,-90.12514025
LA,I12,85BC,30.3057627,-89.7399225
LA,I12,57,30.457605,-90.17745500000001
LA,I12,80,30.3131662,-89.82567660000001
LA,I12,63B,30.427862,-90.078773
LA,I12,63AB,30.4311,-90.093444
LA,I12,85A,30.3076389,-89.7466031
LA,I12,83,30.31028355,-89.77361255
LA,I12,63A,30.4293316,-90.0850433
LA,I12,1A,30.4182647,-91.1074023
LA,I12,1B,30.4174364,-91.1015578
LA,I12,2B,30.424856849999998,-91.07258965
LA,I12,2A,30.42262045,-91.07779665000001
LA,I12,10,30.45495435,-90.95650735
LA,I12,12,30.4644615,-90.91677785
LA,I12,19,30.47351525,-90.79764865
LA,I12,22,30.47425285,-90.7479302
LA,I12,29,30.47471005,-90.64217925
LA,I12,32,30.4778095,-90.57835125
LA,I12,35,30.479182299999998,-90.5418915
LA,I12,38A,30.478975,-90.491789
LA,I12,38B,30.4789948,-90.48683005000001
LA,I12,40,30.47898815,-90.4568405
LA,I12,42,30.4789546,-90.41424695
LA,I12,47,30.4809132,-90.33125695000001
LA,I12,1C,30.4198769,-91.08441
LA,I12,68,30.393166649999998,-90.00377395
LA,I12,158,30.4185633,-91.1137404
LA,I20,19B,32.5138764,-93.73347435
LA,I20,20B,32.5136499,-93.7206352
LA,I20,22,32.5255188,-93.69904115
LA,I20,26,32.5397446,-93.62931785
LA,I20,21,32.51744005,-93.7095977
LA,I20,67,32.5670442,-92.9474403
LA,I20,20A,32.5138819,-93.72646405
LA,I20,69,32.5633445,-92.90958495000001
LA,I20,33,32.5494602,-93.5150241
LA,I20,61,32.563357350000004,-93.0539476
LA,I20,55,32.5631008,-93.1594659
LA,I20,13,32.461569499999996,-93.82761450000001
LA,I20,14,32.4720687,-93.79775459999999
LA,I20,17A,32.493575,-93.76477034999999
LA,I20,10,32.4507895,-93.865365
LA,I20,5,32.44421405,-93.94999725
LA,I20,11,32.4558416,-93.84555445000001
LA,I20,8,32.44726905,-93.90056315
LA,I20,18A,32.5000099,-93.7520152
LA,I20,3,32.447308899999996,-93.9807794
LA,I20,19A,32.50684495,-93.74466645
LA,I20,16B,32.485408750000005,-93.7742299
LA,I20,16A,32.479144399999996,-93.77972975
LA,I20,17B,32.49604705,-93.76117694999999
LA,I20,18D,32.507179,-93.745719
LA,I20,18C,32.5021397,-93.7493887
LA,I20,81,32.54179995,-92.7154845
LA,I20,93,32.53795845,-92.5096118
LA,I20,77,32.54837695,-92.78912220000001
LA,I20,84,32.540153700000005,-92.65320235
LA,I20,85,32.54021875,-92.638278
LA,I20,86,32.5402846,-92.61750475
LA,I20,78,32.546879849999996,-92.7675223
LA,I20,171,32.3917965,-91.1990045
LA,I20,186,32.32054975,-90.961647
LA,I20,173,32.3803305,-91.1714475
LA,I20,157,32.4314375,-91.419127
LA,I20,182,32.329399800000004,-91.0213065
LA,I20,101,32.521572649999996,-92.36379995
LA,I20,112,32.5109469,-92.19188335000001
LA,I20,103,32.51875575,-92.33006979999999
LA,I20,115,32.497946999999996,-92.1381666
LA,I20,120,32.49495665,-92.05641
LA,I20,124,32.4890731,-91.9910795
LA,I20,118AB,32.4996094,-92.0887357
LA,I20,107,32.50998115,-92.2694036
LA,I20,108,32.5099721,-92.24691530000001
LA,I20,153,32.4429825,-91.4939195
LA,I20,132,32.477104,-91.860841
LA,I20,138,32.457197050000005,-91.76143429999999
LA,I20,148,32.4512239,-91.5814365
LA,I20,141,32.4563185,-91.696708
LA,I20,145,32.4559985,-91.6275785
LA,I20,49,32.5804871,-93.24793965
LA,I20,38,32.57892955,-93.43189945
LA,I20,44,32.59038605,-93.33657679999999
LA,I20,47,32.58977925000001,-93.29425425
LA,I20,52,32.5710894,-93.2043808
LA,I20,20C,32.5134224,-93.7186473
LA,I20,118B,32.4991271,-92.078664
LA,I20,118A,32.4995079,-92.0834957
LA,I20,23,32.52876005,-93.67382334999999
LA,I20,117B,32.500505000000004,-92.09795215
LA,I20,117A,32.497093,-92.1136142
LA,I20,117C,32.5010975,-92.1055471
LA,I20,116B,32.4956903,-92.1175834
LA,I20,117D,32.4995509,-92.1099289
LA,I20,116A,32.49563155,-92.12564745
LA,I20,114,32.5070703,-92.15934544999999
LA,I20,113,32.51095265,-92.1797441
LA,I20,83,32.5405017,-92.67831425
LA,US90,182,29.6700535,-91.09048125000001
LA,US90,185,29.668070399999998,-91.04383765
LA,US90,31A,30.23595735,-93.20378984999999
LA,US90,4,30.1525715,-93.6425891
LA,US90,27,30.2371205,-93.26173075
LA,US90,30B,30.2359948,-93.2176784
LA,US90,26,30.23761,-93.274115
LA,US90,1,30.1316551,-93.691846
LA,US90,29,30.237077,-93.232292
LA,US90,31B,30.2360626,-93.1967966
LA,US90,30A,30.2366975,-93.2217029
LA,US90,134,29.9418072,-91.7717562
LA,US90,129,29.967707,-91.835844
LA,US90,128B,29.9759172,-91.8469089
LA,US90,128A,29.985422999999997,-91.8598205
LA,US90,141,29.8908904,-91.68269380000001
LA,US90,137,29.91971095,-91.72866005
LA,US90,130,29.9601192,-91.82097465
LA,US90,126,30.002649650000002,-91.882994
LA,US90,122,30.050795899999997,-91.92903645000001
LA,US90,115A,30.138265949999997,-91.94542035
LA,US90,215A,29.7073372,-90.5728097
LA,US90,210,29.68916835,-90.6366846
LA,US90,215B,29.7120671,-90.5684181
LA,US90,175A,29.6977797,-91.2085615
LA,US90,175B,29.69954,-91.2040119
LA,US90,158,29.757169349999998,-91.4577296
LA,US90,159,29.74331855,-91.43584805
LA,US90,181,29.67089,-91.1094269
LA,US90,174,29.6937056,-91.2190733
LA,US90,176,29.69877435,-91.1822219
LA,US90,175,29.7016662,-91.194504
LA,US90,148,29.837631000000002,-91.56921439999999
LA,US90,152,29.797009,-91.5336885
LA,US90,144,29.8669437,-91.63437339999999
LA,US90,202,29.6797034,-90.78370755
LA,US90,194,29.7064984,-90.90048375
LA,US90,204,29.6826716,-90.7506745
LA,US90,189,29.692070450000003,-90.978838
LA,US90,200,29.68177485,-90.8143793
LA,US90,215,29.7027446,-90.5765668
LA,US90,115B,30.1397951,-91.9454703
LA,US90,173,29.6904136,-91.2301387
MA,I90,137,42.357841,-71.025971
MA,I90,134ABC,42.3465367,-71.0621819
MA,I90,133,42.3476739,-71.0810451
MA,I90,131,42.35561085,-71.1236108
MA,I90,111,42.2947273,-71.4817903
MA,I90,135134,42.3467488,-71.0384809
MA,I90,135,42.3476898,-71.0514905
MA,I90,106,42.2613586,-71.5752482
MA,I90,106A,42.2666339,-71.5648303
MA,I90,106B,42.26751875,-71.5627825
MA,I90,51,42.1616081,-72.54141680000001
MA,I90,49,42.1696355,-72.58184800000001
MA,I90,54,42.1683119,-72.47013580000001
MA,I90,90,42.19314075,-71.8527603
MA,I90,96,42.222581149999996,-71.74058335000001
MA,I90,94,42.207838,-71.7875655
MA,I90,127,42.3566426,-71.18377125
MA,I90,125,42.3476179,-71.2313427
MA,I90,117,42.312643550000004,-71.3833424
MA,I90,63,42.172098500000004,-72.333462
MA,I90,78,42.13081875,-72.06030525
MA,I90,45,42.15362385,-72.6400811
MA,I90,3,42.3270522,-73.364304
MA,I90,41,42.14471915,-72.7336179
MA,I90,10,42.2986272,-73.23426900000001
MA,I90,123,42.3387243,-71.2782456
MA,I90,123AB,42.3420369,-71.2587338
MA,SR79,,,
MD,I695,44,39.231836400000006,-76.50722685
MD,I695,3,39.2063311,-76.5903871
MD,I695,4,39.20506315,-76.63505115000001
MD,I695,5,39.2053542,-76.63982395
MD,I695,28,39.40932375,-76.57928185
MD,I695,26A,39.4127492,-76.6167973
MD,I695,41,39.277196599999996,-76.47336585
MD,I695,13,39.273903950000005,-76.7234259
MD,I695,20,39.38420475,-76.7345953
MD,I695,21,39.39078885,-76.71636964999999
MD,I695,36,39.325071,-76.48306325
MD,I695,32A,39.371819099999996,-76.5160195
MD,I695,29A,39.4044568,-76.5725408
MD,I695,12BC,39.2603743,-76.7027892
MD,I695,27A,39.4131484,-76.60245545000001
MD,I695,9,39.23647165,-76.66777594999999
MD,I695,35A,39.33348065,-76.48909155
MD,I695,8A,39.2328887,-76.6671864
MD,I695,11A,39.2477886,-76.6765964
MD,I695,17,39.311139600000004,-76.74435545
MD,I695,30A,39.398079499999994,-76.55068225
MD,I695,25,39.4172679,-76.6313466
MD,I695,35B,39.3306111,-76.4860558
MD,I695,18,39.3531075,-76.7460152
MD,I695,38B,39.2965355,-76.5033533
MD,I695,26,39.4137584,-76.6073968
MD,I695,31AB,39.3905859,-76.5364815
MD,I695,15A,39.2849067,-76.73642555
MD,I695,24,39.4197686,-76.63972235
MD,I695,43,39.23774195,-76.47312425000001
MD,I695,42,39.2462134,-76.4557708
MD,I695,32B,39.3681379,-76.51164915
MD,I695,33,39.352290350000004,-76.49959235
MD,I695,11A;11B,39.2541203,-76.6859578
MD,I695,12A,39.2565255,-76.6938859
MD,I695,14,39.27918495,-76.72810855
MD,I695,19,39.372569049999996,-76.74595335000001
MD,I695,15B,39.2876931,-76.7399431
MD,I695,10,39.2422184,-76.6708547
MD,I695,38,39.2897019,-76.5011402
MD,I695,18AB,39.3445104,-76.7449348
MD,I695,1,39.20458975,-76.56010054999999
MD,I695,23A,39.4068456,-76.6687214
MD,I695,3B,39.2036978,-76.6267741
MD,I695,6A,39.2105356,-76.6498767
MD,I695,23B,39.4116506,-76.6634338
MD,I695,16AB,39.2991996,-76.7429686
MD,I695,11B,39.2517236,-76.6810513
MD,I695,6B,39.2123705,-76.6525769
MD,I695,2,39.20673815,-76.60409025
MD,I695,3A,39.2061123,-76.6148338
MD,I695,31C,39.3848471,-76.5240233
MD,I695,23AB,39.4158624,-76.6592069
MD,I695,34,39.33695455,-76.49265135
MD,I695,30B,39.3957094,-76.54666255000001
MD,I695,40,39.28608715,-76.49384835000001
MD,I695,39,39.2959134,-76.5035618
MD,I695,29BA,39.402201,-76.5689292
MD,I695,26B,39.413797,-76.6111861
MD,I695,38A,39.3018928,-76.5013364
MD,I695,22,39.39597275,-76.68782365
MD,I695,7A,39.2208306,-76.65940505
MD,I695,7B,39.21772645,-76.6574468
MD,I695,8,39.2245957,-76.6615746
MD,I695,27B,39.41346125,-76.5977078
MD,I695,29B,39.4017621,-76.5684141
MD,I695,31A,39.388591,-76.5304965
MD,I695,16A;16B,39.3119507,-76.7446859
MD,I695,8B,39.2286556,-76.664498
MD,I695,12CB,39.2624854,-76.7073309
MD,I695,31B,39.3864287,-76.5259695
MD,I895,46,39.2207663,-76.7231599
MD,I895,4,39.2320805,-76.6488535
MD,I895,1,39.2189387,-76.6994375
MD,I895,3,39.2340399,-76.6631315
MD,I895,8A,39.2410373,-76.5926793
MD,I895,11B,39.280584,-76.553241
MD,I895,13,39.3008359,-76.5472481
MD,I895,14,39.315888900000004,-76.5370049
MD,I895,10,39.2720876,-76.5546331
MD,I895,12,39.29273825,-76.5529933
MD,I895,9,39.2409935,-76.5871464
MD,I895,7,39.2400414,-76.6110692
MD,I895,11A,39.2781503,-76.5532105
MD,I895,6,39.2345656,-76.6196878
MD,I895,8B,39.2410924,-76.5905522
MD,I895,62,39.3265158,-76.5263567
MD,US15,9,39.39051785,-77.45067285
MD,US15,10,39.394959,-77.4450075
MD,US15,11,39.4023782,-77.4376902
MD,US15,16,39.4356578,-77.41035
MD,US15,15,39.4301278,-77.41752435000001
MD,US15,14,39.424531400000006,-77.42708809999999
MD,US15,17,39.441179,-77.4041516
MD,US15,18,39.4608151,-77.40088315
MD,US15,13A,39.4137322,-77.43549365
MD,US15,13B,39.417205949999996,-77.4343293
MD,US15,12AB,39.404699,-77.4354262
MD,US50,13ABC,38.9544597,-76.7172319
MD,US50,7A,38.9460236,-76.8526455
MD,US50,8,38.94689285,-76.83990424999999
MD,US50,3BA,38.9319537,-76.8954997
MD,US50,7A;7B,38.9448229,-76.8650724
MD,US50,5,38.9416178,-76.88111555
MD,US50,28,39.02269615,-76.4732715
MD,US50,16,38.960556249999996,-76.6553332
MD,US50,22,38.9834518,-76.566735
MD,US50,29A,39.0276984,-76.4609554
MD,US50,32,39.0172357,-76.4111628
MD,US50,3B,38.9254288,-76.9022281
MD,US50,29,39.0266266,-76.4436939
MD,US50,27A,39.0138447,-76.4920462
MD,US50,27B,39.0158062,-76.4879845
MD,US50,27,39.0123239,-76.4958733
MD,US50,29B,39.026917,-76.4484998
MD,US50,24B,38.9976608,-76.511472
MD,US50,23A,38.9887579,-76.5284882
MD,US50,24A,38.9940394,-76.5159504
MD,US50,24,38.9920624,-76.5202471
MD,US50,23B,38.9843719,-76.543853
MD,US50,21,38.98342805,-76.5690125
MD,US50,38A,38.976573349999995,-76.31124345
MD,US50,37,38.97920345,-76.3224215
MD,US50,40A,38.9743586,-76.26898985
MD,US50,39B,38.9754649,-76.28056605
MD,US50,39A,38.9759067,-76.29015415
MD,US50,41,38.9724035,-76.25627915
MD,US50,40B,38.9735174,-76.2644851
MD,US50,43B,38.9633791,-76.2154466
MD,US50,43A,38.964822749999996,-76.22142149999999
MD,US50,42,38.9682521,-76.23695914999999
MD,US50,45A,38.965302699999995,-76.19259715
MD,US50,44B,38.96334665,-76.19820295
MD,US50,44A,38.96163955,-76.2045828
MD,US50,45B,38.9678603,-76.18544355
MD,US50,11,38.952042899999995,-76.7429804
MD,US50,3A,38.9306233,-76.8970977
MD,US50,7B,38.9464797,-76.8473562
MD,US50,6,38.9447216,-76.8686761
MD,US50,30,39.0261613,-76.4408211
MD,US50,23,38.9845317,-76.5422944
MI,I275,165,42.4636566,-83.4313099
MI,I275,167,42.43874685,-83.4295766
MI,I275,170,42.4115855,-83.42472185
MI,I275,169A,42.4252146,-83.4241609
MI,I275,17,42.2213024,-83.41413865000001
MI,I275,28,42.35965775,-83.4363515
MI,I275,15,42.194669000000005,-83.388746
MI,I275,20,42.24950965,-83.44006205
MI,I275,8,42.0942966,-83.3774021
MI,I275,11B,42.1425984,-83.3823463
MI,I275,11A,42.1373876,-83.3822304
MI,I275,22,42.28000935,-83.44233025
MI,I275,13,42.1655897,-83.38736345000001
MI,I275,29,42.3782677,-83.436558
MI,I275,25,42.3234254,-83.44327175000001
MI,I275,169B,42.4181429,-83.423833
MI,I275,169,42.4308717,-83.4263359
MI,I275,11,42.1313082,-83.3815488
MI,I275,2,42.01847525,-83.34701534999999
MI,I275,5,42.06512125,-83.3619568
MO,I49,77,37.4936287,-94.2999255
MO,I49,80,37.544910200000004,-94.2956939
MO,I49,83,37.588529550000004,-94.2936909
MO,I49,120,38.097316500000005,-94.3489065
MO,I49,131,38.25716185,-94.3582303
MO,I49,141,38.394137,-94.3411055
MO,I49,136,38.322339,-94.343921
MO,I49,129,38.2208605,-94.35063650000001
MO,I49,144,38.4304077,-94.3429648
MO,I49,130,38.238314,-94.3508441
MO,I49,157,38.617586,-94.34871025
MO,I49,175,38.82557735,-94.52093685
MO,I49,160,38.66062055,-94.3701436
MO,I49,147,38.4794215,-94.341365
MO,I49,159,38.6503812,-94.3649828
MO,I49,177,38.8578431,-94.5279495
MO,I49,56,37.2118543,-94.3032829
MO,I49,66,37.340595500000006,-94.2931395
MO,I49,63,37.295949500000006,-94.303334
MO,I49,15,36.90361865,-94.38972045
MO,I49,46A,37.0856765,-94.3124313
MO,I49,18A,37.081724,-94.316581
MO,I49,18B,37.081714,-94.31143
MO,I49,47,37.09630355,-94.3117996
MO,I49,11,37.063816,-94.420441
MO,I49,55,37.20435485,-94.32705185
MO,I49,53,37.17820725,-94.33364325
MO,I49,50,37.14017725,-94.32213465000001
MO,I49,49,37.1317804,-94.3122851
MO,I49,39B,37.0566165,-94.4263977
MO,I49,27,36.880691049999996,-94.43106695
MO,I49,35,36.99691,-94.4317452
MO,I49,24,36.840253700000005,-94.41570965
MO,I49,20,36.7886615,-94.421671
MO,I49,39A,37.0520387,-94.42674165
MO,I49,33,36.96735915,-94.43001665
MO,I49,103,37.862472,-94.34453400000001
MO,I49,88,37.662212,-94.30907
MO,I49,112,37.97845115,-94.3683916
MO,I49,101,37.83610625,-94.32052905
MO,I49,102,37.8429007,-94.3303267
MO,I49,102A,37.845251,-94.334609
MO,I49,102B,37.8543681,-94.3449374
MO,I49,110,37.9528485,-94.3679925
MO,I49,116,38.0391195,-94.3674055
MO,I49,91,37.70592795,-94.30848735000001
MO,I49,17,36.738421200000005,-94.4258188
MO,I49,10,36.6487705,-94.41975299999999
MO,I49,30,36.92401825,-94.4301361
MO,I49,5,36.5826547,-94.3952812
MO,I49,7,36.60368495,-94.40837755
MO,I49,70,37.3985975,-94.2998635
MO,I49,95,37.762575850000005,-94.3129009
MO,I49,107,37.91079765,-94.34939059999999
MO,I49,51,37.15493515,-94.33200045000001
MO,I49,153,38.55977945,-94.35117600000001
MO,I49,4,36.5692059,-94.3861955
MO,I49,74,37.456661,-94.29869015
MO,I49,168,38.73986655,-94.47078055
MO,I49,2,36.5297181,-94.39081490000001
MO,I49,158,38.6371272,-94.35431170000001
MO,I49,167,38.72310195,-94.45505385
MO,I49,172,38.78616915,-94.49710715
MO,I49,174,38.81364575,-94.5052649
MO,I49,176,38.84261055,-94.529196
MO,I49,179,38.88882005,-94.5251906
MO,I49,181,38.905567500000004,-94.52439835
MO,I49,180,38.9067321,-94.52401
MO,I49,182,38.92646145,-94.52852555
MO,I49,13,37.06930165,-94.4037463
MO,I49,178,38.872221800000005,-94.5263455
MO,I70,243,38.6952605,-90.2605411
MO,I70,241A,38.71821425,-90.29955445
MO,I70,246A,38.68342115,-90.21964345
MO,I70,246B,38.67970315,-90.21135605
MO,I70,244B,38.6851444,-90.2431818
MO,I70,248A,38.6623789,-90.19786189999999
MO,I70,248B,38.6531102,-90.1938533
MO,I70,245B,38.68317705,-90.22748485
MO,I70,243A,38.6996607,-90.2622483
MO,I70,101,38.9357158,-92.77701175
MO,I70,103,38.93643255,-92.74385050000001
MO,I70,121,38.9717111,-92.43076615
MO,I70,126,38.9690876,-92.33374445000001
MO,I70,131,38.96018465,-92.25321045
MO,I70,203,38.81657615,-90.95422454999999
MO,I70,214,38.804030600000004,-90.77082999999999
MO,I70,208,38.80980195,-90.87479049999999
MO,I70,209,38.80580515,-90.85507820000001
MO,I70,216,38.80308155,-90.73304255
MO,I70,220,38.8017734,-90.65216335
MO,I70,227,38.7863278,-90.5318911
MO,I70,224,38.79824565,-90.59112255
MO,I70,210A,38.80627315,-90.841188
MO,I70,219,38.8032149,-90.6748261
MO,I70,229A,38.77066375,-90.49957215
MO,I70,225,38.79380265,-90.56568924999999
MO,I70,125,38.966657299999994,-92.35124375
MO,I70,128A,38.961787650000005,-92.29130900000001
MO,I70,124,38.96808315,-92.3723721
MO,I70,133,38.95867825,-92.20398825
MO,I70,115,38.96657725,-92.53432434999999
MO,I70,117,38.97362795,-92.495657
MO,I70,127,38.968694299999996,-92.32499064999999
MO,I70,137,38.953604999999996,-92.128935
MO,I70,144,38.952160500000005,-92.0084735
MO,I70,161,38.9113726,-91.7006221
MO,I70,155,38.93375245,-91.80548114999999
MO,I70,148,38.94433565,-91.9410961
MO,I70,106,38.937598300000005,-92.69143174999999
MO,I70,89,38.944686,-92.991918
MO,I70,111,38.93965715,-92.5967921
MO,I70,98,38.935172449999996,-92.8465752
MO,I70,20,39.030200199999996,-94.27151169999999
MO,I70,2E,39.1066477,-94.5805595
MO,I70,24,39.02146235,-94.198123
MO,I70,28,39.0162021,-94.12850335
MO,I70,11,39.047148449999995,-94.44249224999999
MO,I70,18,39.03429285,-94.30577679999999
MO,I70,2H,39.1037754,-94.571958
MO,I70,8B,39.0575629,-94.48677939999999
MO,I70,2C,39.106894249999996,-94.5887763
MO,I70,2G,39.1048839,-94.571274
MO,I70,2A,39.107012499999996,-94.5923761
MO,I70,2GH,39.1063438,-94.5732081
MO,I70,58,38.99188345,-93.5674138
MO,I70,41,39.0056414,-93.88756699999999
MO,I70,38,39.007697,-93.9382991
MO,I70,31,39.01148345,-94.0696583
MO,I70,52,38.992218,-93.672921
MO,I70,37B,39.0085938,-93.9725497
MO,I70,45,39.0026465,-93.80920850000001
MO,I70,62,38.9845665,-93.4933695
MO,I70,49,39.000825000000006,-93.735213
MO,I70,37A,39.0086006,-93.9728325
MO,I70,37,39.008529,-93.9626115
MO,I70,175,38.8996379,-91.45665315
MO,I70,179,38.873787750000005,-91.37339775
MO,I70,170,38.9072405,-91.5408965
MO,I70,183,38.858462200000005,-91.3045845
MO,I70,235C,38.7430425,-90.38317805
MO,I70,236,38.739549749999995,-90.3676802
MO,I70,237,38.7330248,-90.3513607
MO,I70,234,38.743898099999996,-90.4124721
MO,I70,238C,38.7268186,-90.3275078
MO,I70,240,38.71927865,-90.30830115
MO,I70,78A,38.9627112,-93.20986925
MO,I70,84,38.9531105,-93.088676
MO,I70,74,38.971475749999996,-93.27169025
MO,I70,78B,38.96117745,-93.203877
MO,I70,66,38.9770455,-93.41691850000001
MO,I70,232,38.7486245,-90.4393106
MO,I70,231A,38.7565913,-90.46143775
MO,I70,241B,38.7111457,-90.2855929
MO,I70,238B,38.729514449999996,-90.33271025
MO,I70,199,38.8283086,-91.04003184999999
MO,I70,193,38.821158749999995,-91.1398208
MO,I70,200,38.830152,-91.016977
MO,I70,188,38.83892365,-91.22457925
MO,I70,238A,38.7320899,-90.34082905
MO,I70,239,38.7211498,-90.320125
MO,I70,235B,38.7434703,-90.3949586
MO,I70,235A,38.7437558,-90.3995761
MO,I70,242,38.70381185,-90.27018029999999
MO,I70,243B,38.6951557,-90.2603805
MO,I70,247,38.672453399999995,-90.20397650000001
MO,I70,245A,38.6828272,-90.2371626
MO,I70,244A,38.6871072,-90.2473265
MO,I70,231B,38.7546478,-90.4561066
MO,I70,210B,38.8065017,-90.83223849999999
MO,I70,212,38.8054879,-90.80789675
MO,I70,217,38.8023608,-90.7075525
MO,I70,222A,38.7999965,-90.6238712
MO,I70,222B,38.7997156,-90.6203162
MO,I70,222,38.7996158,-90.6168995
MO,I70,228,38.7748398,-90.50754785000001
MO,I70,229B,38.7691909,-90.4956908
MO,I70,17,39.0389124,-94.34112295
MO,I70,21,39.027558,-94.24895655
MO,I70,71,38.97351315,-93.33180105
MO,I70,244,38.6899713,-90.2547032
MO,I70,248C,38.6549853,-90.1951737
MO,I70,249,38.6434268,-90.1871401
MO,I70,249B,38.6444635,-90.1901662
MO,I70,249A,38.6451915,-90.1902671
MO,I70,206,38.8068612,-90.9146321
MO,I70,2J,39.1025773,-94.5726102
MO,I70,2K,39.0973309,-94.5706815
MO,I70,3A,39.0961419,-94.5614386
MO,I70,3B,39.096511,-94.5538473
MO,I70,3C,39.0957726,-94.5541919
MO,I70,4A,39.090811,-94.5424667
MO,I70,4B,39.086996549999995,-94.54195795
MO,I70,5A,39.0782714,-94.5382086
MO,I70,5B,39.0748501,-94.5362779
MO,I70,4C,39.085779,-94.5413242
MO,I70,5,39.072868,-94.531038
MO,I70,6,39.0713544,-94.5208738
MO,I70,7A,39.068806699999996,-94.51112685
MO,I70,2M,39.0991538,-94.5727396
MO,I70,7B,39.06307495,-94.4987836
MO,I70,8A,39.059494400000005,-94.49098595000001
MO,I70,9,39.0503125,-94.4709687
MO,I70,10,39.0474367,-94.4518138
MO,I70,12,39.045987049999994,-94.41445295
MO,I70,14,39.0448619,-94.38742450000001
MO,I70,15A,39.042400400000005,-94.3667543
MO,I70,15B,39.041242249999996,-94.35806185
MO,I70,2D,39.10681805,-94.58316765000001
MO,I70,2B,39.1068846,-94.5936845
MO,I70,2L,39.0963108,-94.5674943
MO,I70,218,38.8027977,-90.68850280000001
MO,I70,191,38.82004905,-91.17728555
MO,I70,235AB,38.7431356,-90.3866351
MS,I59,134,32.16367715,-88.86738199999999
MS,I59,126,32.06004795,-88.9043027
MS,I59,60,31.26067055,-89.3376975
MS,I59,104,31.7847974,-89.0554008
MS,I59,95A,31.68374115,-89.14866115000001
MS,I59,78,31.4973627,-89.3134992
MS,I59,90,31.633645950000002,-89.18098085
MS,I59,93,31.6643239,-89.15926105
MS,I59,51,31.1398844,-89.36878465000001
MS,I59,65,31.327833,-89.3524832
MS,I59,65AB,31.3184588,-89.3522942
MS,I59,157A,32.38272755,-88.6398034
MS,I59,149,32.34182395,-88.7689532
MS,I59,165,32.41352445,-88.50584015
MS,I59,154B,32.3679303,-88.6716237
MS,I59,169,32.42617785,-88.45174725
MS,I59,152,32.34906945,-88.7111297
MS,I59,151,32.34908925,-88.7262249
MS,I59,153,32.35342145,-88.6911476
MS,I59,150,32.350502899999995,-88.73875045
MS,I59,142,32.266816649999996,-88.8125537
MS,I59,160,32.3957173,-88.57993395
MS,I59,157B,32.3839234,-88.6335816
MS,I59,35,30.9241335,-89.458224
MS,I59,27,30.8114205,-89.5132758
MS,I59,10,30.6005415,-89.6184265
MS,I59,41,31.00053485,-89.41894835
MS,I59,19,30.718252800000002,-89.55447724999999
MS,I59,29,30.84799735,-89.4962374
MS,I59,1,30.46984345,-89.68780964999999
MS,I59,6,30.543009400000003,-89.64989385
MS,I59,4,30.51752855,-89.6633805
MS,I59,59,31.24119375,-89.3255233
MS,I59,67A,31.3551891,-89.34797855
MS,I59,67B,31.35829005,-89.34513580000001
MS,I59,73,31.431455149999998,-89.31932675
MS,I59,76,31.46887415,-89.3228979
MS,I59,80,31.52124855,-89.28550575
MS,I59,88,31.6133813,-89.2070109
MS,I59,96B,31.6878479,-89.12247364999999
MS,I59,95C,31.684508100000002,-89.13822355
MS,I59,96A,31.68562285,-89.12931975000001
MS,I59,95B,31.6842692,-89.1436833
MS,I59,97,31.6975838,-89.11733075000001
MS,I59,99,31.721153100000002,-89.104253
MS,I59,118,31.9647982,-88.96724209999999
MS,I59,137,32.2046491,-88.84396455
MS,I59,154,32.3690522,-88.6708632
MS,I59,156,32.37861665,-88.65450095
MS,I59,154A,32.3600186,-88.6807186
MS,I59,113,31.9073483,-89.0151099
MS,I59,85,31.5857568,-89.23868295
MS,I59,15,30.656922350000002,-89.5823587
MS,I59,69,31.38233605,-89.3249242
NC,I74,,,
NC,US64,254,35.906597000000005,-81.177701
NC,US64,381,35.74256805,-79.20702955
NC,US64,385,35.731668299999995,-79.14559955
NC,US64,383,35.74838545,-79.16802895000001
NC,US64,496,35.83510295,-77.37383455
NC,US64,494,35.84317915,-77.4063755
NC,US64,488,35.86858495,-77.50138655
NC,US64,439,35.861263,-78.2681235
NC,US64,442,35.878931699999995,-78.22245655
NC,US64,453,35.94009115,-78.05416385
NC,US64,463,35.9810397,-77.8976349
NC,US64,464,35.981857950000006,-77.87680355
NC,US64,432,35.8246823,-78.3753449
NC,US64,404B,35.7369603,-78.7920437
NC,US64,101B,35.7638666,-78.7420895
NC,US64,101A,35.7608544,-78.7480126
NC,US64,300,35.7565587,-78.6177434
NC,US64,295,35.7519772,-78.70109415
NC,US64,15,35.767620949999994,-78.57422015
NC,US64,293A,35.7674148,-78.7356571
NC,US64,436,35.83414085,-78.30732455
NC,US64,99,35.74859565,-78.77194545
NC,US64,298B,35.7532231,-78.64660795
NC,US64,299,35.75369685,-78.6360745
NC,US64,297,35.75670545,-78.66640000000001
NC,US64,435,35.83457675,-78.32440035
NC,US64,404A,35.7379927,-78.7957283
NC,US64,14,35.792674700000006,-78.4958649
NC,US64,101,35.7598151,-78.7491735
NC,US64,293B,35.7625351,-78.7333208
NC,US64,298A,35.75346355,-78.65138164999999
NC,US64,98B,35.7392997,-78.7893857
NC,US64,300B,35.7578373,-78.6079901
NC,US64,300A,35.7578632,-78.6131236
NC,US64,1A,35.7655384,-78.73809925
NC,US64,548,35.8932881,-76.53752645
NC,US64,554,35.89374205,-76.43714505
NC,US64,301,35.7554527,-78.6001297
NC,US64,293,35.7593559,-78.7313599
NC,US64,16,35.753532,-78.5853413
NC,US64,13,35.8032295,-78.4272442
NC,US64,7,35.76766365,-78.5060968
NC,US64,3,35.7809701,-78.5696753
NC,US64,4,35.776381650000005,-78.5568739
NC,US64,6,35.7688074,-78.52479005000001
NC,US64,11,35.7804298,-78.44345415000001
NC,US64,9,35.7676242,-78.4649293
NC,US64,386,35.7247995,-79.12709054999999
NC,US64,378,35.72777,-79.2391689
NC,US64,485,35.886673900000005,-77.5479468
NC,US64,505,35.84291405,-77.20622925
NC,US64,507,35.829066,-77.1805474
NC,US64,515,35.8385118,-77.0504098
NC,US64,514,35.81863595,-77.0678056
NC,US64,502,35.83630265,-77.2528484
NC,US64,458,35.967966,-77.9933623
NC,US64,544,35.867175450000005,-76.60760495
NC,US64,562,35.9041493,-76.3189588
NC,US64,558,35.875232,-76.38738235
NC,US64,446,35.916280650000004,-78.16356485
NC,US64,450,35.931603300000006,-78.09725605
NC,US64,461,35.9751334,-77.9329198
NC,US64,486,35.8857573,-77.5352191
NC,US64,466,35.9770357,-77.84902285000001
NC,US64,472,35.9416604,-77.7561858
NC,US64,467,35.9711613,-77.8400119
NC,US64,557,35.8770456,-76.4060876
NC,US64,478,35.9257367,-77.67526295
NC,US64,484,35.88591795000001,-77.58738885
NC,US64,487,35.87129915,-77.5239972
NC,US64,491,35.85444605,-77.46054185
NC,US64,512,35.82283875,-77.10243925
NC,US64,339,35.6967269,-79.87062925000001
NC,US64,341,35.67415335,-79.8625047
NC,US64,346,35.6501262,-79.80315515000001
NC,US64,344A,35.64998345,-79.83713069999999
NC,US64,344B,35.6496714,-79.82967525
NC,US64,352,35.718050649999995,-79.7554543
NC,US64,349,35.6764893,-79.7661327
ND,I29,85,47.1518875,-96.97405
ND,I29,92,47.2386508,-97.0101779
ND,I29,64,46.8609621,-96.84134155000001
ND,I29,65,46.87653855,-96.84072044999999
ND,I29,66,46.89074995,-96.83941915
ND,I29,72,46.9772435,-96.88395399999999
ND,I29,62,46.8279867,-96.8396641
ND,I29,54,46.7171595,-96.8305715
ND,I29,62B,46.836757,-96.8405554
ND,I29,63AB,46.853529,-96.841007
ND,I29,56,46.745755,-96.83982950000001
ND,I29,78,47.050619499999996,-96.93959000000001
ND,I29,50,46.6590679,-96.831294
ND,I29,60,46.80422925,-96.83891955
ND,I29,69,46.9340725,-96.8506285
ND,I29,67,46.9042829,-96.83940915
ND,I29,63B,46.848349,-96.840681
ND,I29,63A,46.84149,-96.840701
ND,I29,48,46.630078999999995,-96.83155
ND,I29,62A,46.8324914,-96.8402903
ND,I29,138,47.888827649999996,-97.0886677
ND,I29,141,47.93399335,-97.09352475
ND,I29,157,48.13556035,-97.19103215
ND,I29,123,47.6720691,-97.0790861
ND,I29,152,48.0772827,-97.1692221
ND,I29,145,47.98827395,-97.0930015
ND,I29,140,47.91595555000001,-97.0935317
ND,I29,200,48.7603039,-97.21032274999999
ND,I29,187,48.57087045,-97.18640785
ND,I29,191,48.629128,-97.181741
ND,I29,196,48.70223005,-97.19018885
ND,I29,203,48.803196,-97.23121075
ND,I29,208,48.876375499999995,-97.2308215
ND,I29,193,48.658337,-97.182237
ND,I29,215,48.97060055,-97.2575579
ND,I29,212,48.934825000000004,-97.2578935
ND,I29,1,45.9387051,-96.8417479
ND,I29,2,45.9649965,-96.836066
ND,I29,42,46.544008149999996,-96.82432134999999
ND,I29,31,46.384017,-96.83026849999999
ND,I29,44,46.5728655,-96.8231815
ND,I29,15,46.152862,-96.8343055
ND,I29,23,46.2563152,-96.8336832
ND,I29,26,46.3115805,-96.83118300000001
ND,I29,23B,46.266386,-96.833916
ND,I29,8,46.051685000000006,-96.835503
ND,I29,37,46.4709435,-96.8308035
ND,I29,23A,46.261208,-96.834018
ND,I29,100,47.3528169,-97.0499456
ND,I29,118,47.5997026,-97.08025950000001
ND,I29,111,47.498253399999996,-97.08623725
ND,I29,104,47.403411500000004,-97.07391805
ND,I29,180,48.4702215,-97.19042400000001
ND,I29,184,48.523792,-97.18767349999999
ND,I29,168,48.295002499999995,-97.1890045
ND,I29,172,48.353172,-97.1893985
ND,I29,164,48.2370025,-97.1892375
ND,I29,161,48.198951300000004,-97.1891241
ND,I29,176,48.4120985,-97.1904595
ND,I29,130,47.7735493,-97.07775235
NE,I129,2,42.449372749999995,-96.4135109
NE,I129,1B,42.448245199999995,-96.4138031
NE,I129,1A,42.44841686666667,-96.41989819999999
NV,I15,12,35.78034915,-115.3286104
NV,I15,40,36.1511225,-115.1670287
NV,I15,54,36.2825256,-115.02646615
NV,I15,75,36.5031495,-114.7598549
NV,I15,64,36.380793249999996,-114.891726
NV,I15,122,36.813734350000004,-114.06142685
NV,I15,38A,36.1199082,-115.1808345
NV,I15,38,36.110286,-115.1804765
NV,I15,27,35.96168145,-115.1817853
NV,I15,50,36.2583895,-115.0795969
NV,I15,48,36.2404843,-115.1015877
NV,I15,100,36.734791799999996,-114.43681670000001
NV,I15,91,36.664903100000004,-114.56501235
NV,I15,46,36.2185217,-115.12342755
NV,I15,44,36.1839253,-115.1438527
NV,I15,84,36.58899555,-114.64877745
NV,I15,88,36.636946449999996,-114.59961720000001
NV,I15,58,36.31015225,-114.95276885
NV,I15,42B,36.170676,-115.1576807
NV,I15,80,36.55299445,-114.69601655
NV,I15,25,35.9325697,-115.19164165000001
NV,I15,112,36.77108265,-114.2347833
NV,I15,36,36.087420550000004,-115.1807307
NV,I15,45,36.196761550000005,-115.13835935
NV,I15,120,36.8021388,-114.1075728
NV,I15,90,36.6603283,-114.5744176
NV,I15,93,36.672255899999996,-114.5214449
NV,I15,42A,36.1685827,-115.1588122
NV,I15,1,35.612914700000005,-115.3890465
NV,I15,31,36.01410745,-115.1805228
NV,I15,52A,36.2678072,-115.0651627
NV,I15,52,36.2752011,-115.0464488
NV,I15,37,36.1052847,-115.1808585
NV,I15,38B,36.1156127,-115.1808525
NV,I15,39,36.12323255,-115.18039765
NV,I15,33,36.042013350000005,-115.18079829999999
NV,I15,42,36.1811574,-115.1451048
NV,I15,30,35.9987957,-115.18067024999999
NV,I15,43,36.1775546,-115.1503538
NV,I15,34,36.0698082,-115.1809529
NV,I15,35,36.0620039,-115.1806004
NV,I15,118,36.78276355,-114.1375601
NV,I15,29,35.983503299999995,-115.1810747
NV,I15,41,36.15898935,-115.1615162
NV,I15,52B,36.2687134,-115.0627571
NY,I84,,,
NY,I87,2E,42.708305249999995,-73.8281816
NY,I87,6,41.51236303333334,-73.85517416666666
NY,I87,21A,42.51747495,-73.78964305
NY,I87,22,42.98127735,-73.75289675
NY,I87,1E;1W,42.6980782,-73.8373202
NY,I87,2W,42.7126849,-73.82169114999999
NY,I87,5,41.61351054000001,-73.85653986
NY,I87,4,41.62901508,-73.84632925999999
NY,I87,23,43.060116975,-73.76811119999999
NY,I87,7,41.88229835,-73.80797340000001
NY,I87,24,43.300081266666666,-73.76896836666667
NY,I87,1EW,42.7021799,-73.8343651
NY,I87,17,42.371986875,-73.8835067
NY,I87,15,42.109056925,-73.956029575
NY,I87,9,41.34101018,-73.86379492
NY,I87,8A,42.246093433333336,-73.793682
NY,I87,14,41.85172002,-73.88560018000001
NY,I87,8,41.721297879999995,-73.8257165
NY,I87,11,41.639333816666664,-73.87811288333334
NY,I87,13S,42.0606581,-73.8950023
NY,I87,9W,42.8643963,-73.7757479
NY,I87,9E,42.8619189,-73.7753461
NY,I87,16,42.239052675,-73.91890735
NY,I87,12,41.80599858,-73.88048172
NY,I87,10,41.72740822,-73.86079784
NY,I87,13N,42.062526575,-73.88905915
NY,I87,2,40.84344686666666,-73.9061348
NY,I87,7NS,40.8432085,-73.92723445
NY,I87,14A,41.098698,-74.03893260000001
NY,I87,13,40.8993863,-73.88096965
NY,I87,38N,44.71601405,-73.46072290000001
NY,I87,38S,44.7124606,-73.46737784999999
NY,I87,35,44.57773950000001,-73.50267500000001
NY,I87,41,44.8896065,-73.4533115
NY,I87,36,44.6539705,-73.482878
NY,I87,37,44.691958,-73.4910835
NY,I87,42,44.981590999999995,-73.45686549999999
NY,I87,34,44.493728950000005,-73.49810310000001
NY,I87,40,44.780896,-73.43744050000001
NY,I87,43,44.99677935,-73.4556469
NY,I87,39,44.7256207,-73.4436772
NY,I87,39N,44.733019,-73.436939
NY,I87,39E,44.728066,-73.441207
NY,I87,29,43.9499415,-73.7383995
NY,I87,28,43.870779,-73.754025
NY,I87,31,44.209184,-73.5077095
NY,I87,33,44.443667000000005,-73.490823
NY,I87,27,43.775782,-73.800146
NY,I87,32,44.286207000000005,-73.5313285
NY,I87,30,44.07623,-73.6636215
NY,I87,21,42.827080175,-73.7985709
NY,I87,21B,42.3932222,-73.8254194
NY,I87,18,42.515979875,-73.87247822500001
NY,I87,19,42.638243625,-73.854767275
NY,I87,20,42.72258495,-73.83823265
NY,I87,25,43.66767575,-73.7767698
NY,I87,26,43.73003715,-73.82153675
NY,I87,1,40.87709723333333,-73.89165376666666
NY,I87,7A,41.043470549999995,-73.8354885
NY,I87,6E,40.9552111,-73.8611243
NY,I87,3,41.59990586,-73.8658489
NY,I87,6W,40.9577639,-73.8610378
NY,I87,6A,40.96932375,-73.85973355
NY,I87,76,42.7692195,-73.7618071
NY,I87,15A,41.1337032,-74.16819344999999
NY,I87,14B,41.116416400000006,-74.1127971
NY,I87,1S,42.6972288,-73.8430224
OH,I280,7,41.6357566,-83.48865415
OH,I280,11,41.67371635,-83.51525535
OH,I280,8,41.6484394,-83.5007741
OH,I280,4,41.587884149999994,-83.4767962
OH,I280,1A,41.525642,-83.4633211
OH,I280,2,41.561083100000005,-83.4604698
OH,I280,6,41.606996,-83.476871
OH,I280,1B,41.5365163,-83.46287219999999
OH,I280,6AB,41.6212115,-83.4770875
OH,I280,9,41.653661,-83.50543490000001
OH,I280,12,41.6845847,-83.5157495
OH,I280,13AB,41.6866318,-83.5154819
SC,I20,1,33.540034899999995,-81.99186405
SC,I20,22,33.66639765,-81.6738596
SC,I20,33,33.7523575,-81.527212
SC,I20,11,33.6068699,-81.84428015
SC,I20,29,33.722137700000005,-81.5676474
SC,I20,18,33.6393926,-81.74026565
SC,I20,5,33.56421125,-81.93401275
SC,I20,6,33.5679653,-81.9252393
SC,I20,137,34.204087799999996,-79.91305779999999
SC,I20,141B,34.19497655,-79.84695615000001
SC,I20,141A,34.1983788,-79.8551771
SC,I20,87,34.142424500000004,-80.75099725
SC,I20,92,34.188945,-80.687822
SC,I20,98,34.216928300000006,-80.592634
SC,I20,101,34.2161046,-80.53006925
SC,I20,39,33.8158375,-81.45261199999999
SC,I20,123,34.190034499999996,-80.16584900000001
SC,I20,108,34.212644,-80.421971
SC,I20,44,33.8708415,-81.385165
SC,I20,120,34.186455,-80.2116515
SC,I20,116,34.19448645,-80.280357
SC,I20,63,34.031148,-81.1218835
SC,I20,55,33.95644,-81.23577
SC,I20,51,33.9268024,-81.29044965
SC,I20,64A,34.036013350000005,-81.11337125
SC,I20,55B,33.9598218,-81.2269603
SC,I20,61,34.011383499999994,-81.14861400000001
SC,I20,58,33.9781056,-81.19504965
SC,I20,64B,34.03964535,-81.0984752
SC,I20,55A,33.9583042,-81.231416
SC,I20,68,34.0627048,-81.046145
SC,I20,70,34.06648235,-81.0224226
SC,I20,65,34.04077775,-81.0915908
SC,I20,72,34.07308945,-80.9815339
SC,I20,74,34.07385535,-80.95086505
SC,I20,82,34.104736700000004,-80.8290891
SC,I20,76,34.0692833,-80.9306589
SC,I20,73A,34.073488100000006,-80.97008199999999
SC,I20,76B,34.0730159,-80.9084893
SC,I20,80,34.094820600000006,-80.85581024999999
SC,I20,73B,34.0731283,-80.9710942
SC,I20,71,34.07365935,-80.99890535
SC,I20,76A,34.0701744,-80.9145897
SC,I20,131,34.2063562,-80.02612504999999
VA,I66,52,38.8374114,-77.44685275
VA,I66,53B,38.8507366,-77.4113233
VA,I66,60,38.8686794,-77.309902
VA,I66,72,38.892626,-77.1009947
VA,I66,68,38.8927659,-77.1678949
VA,I66,69,38.887276299999996,-77.15804019999999
VA,I66,71,38.884669900000006,-77.1186316
VA,I66,73,38.897307,-77.0770264
VA,I66,64A,38.8831687,-77.2278687
VA,I66,64,38.890592,-77.211638
VA,I66,66,38.8970107,-77.1997565
VA,I66,66A,38.898611,-77.197767
VA,I66,66B,38.9006766,-77.193885
VA,I66,67,38.898449,-77.1785348
VA,I66,62BA,38.8791459,-77.2590573
VA,I66,55BA,38.8534454,-77.3941737
VA,I66,57B,38.8636615,-77.3394468
VA,I66,31,38.850106249999996,-77.78929245
VA,I66,28,38.858335,-77.843408
VA,I66,18,38.9071965,-77.9982525
VA,I66,27,38.859241,-77.86766399999999
VA,I66,23,38.897629699999996,-77.91971985
VA,I66,47,38.8011039,-77.5228866
VA,I66,40,38.818014149999996,-77.6405459
VA,I66,44,38.797591350000005,-77.57518505
VA,I66,43B,38.7988263,-77.5899574
VA,I66,43AB,38.8031148,-77.6100208
VA,I66,47BA,38.8021124,-77.5137235
VA,I66,6,38.960572049999996,-78.1923219
VA,I66,13,38.91555835,-78.09918045
VA,I66,1A;1B,39.007295,-78.2926808
VA,I66,75,38.8944185,-77.0678387
VA,I66,53A,38.8474192,-77.4295076
VA,I66,62,38.8776092,-77.2706863
VA,I66,64B,38.8840111,-77.2251513
VA,I66,43A,38.7992789,-77.593506
VA,I66,53,38.8442282,-77.4383042
VA,I66,57A,38.8581984,-77.3668843
WI,I41,142,44.298616749999994,-88.41547779999999
WI,I41,139,44.28818885,-88.4657586
WI,I41,133,44.199973150000005,-88.48602665
WI,I41,129,44.15633675,-88.48583794999999
WI,I41,119,44.03311145,-88.58271350000001
WI,I41,72,43.42294965,-88.33563434999999
WI,I41,320,42.91644615,-87.93569585
WI,I41,46,43.116870750000004,-88.0573329
WI,I41,8A,42.9618558,-87.9692213
WI,I41,7,42.96246015,-87.98836055000001
WI,I41,9,42.9623707,-87.9554216
WI,I41,2A,42.998710200000005,-88.0381345
WI,I41,3,42.979882399999994,-88.0391382
WI,I41,1D,43.0196196,-88.03597775
WI,I41,45,43.10455005,-88.05803270000001
WI,I41,319,42.925522,-87.9352258
WI,I41,43,43.074524999999994,-88.05702930000001
WI,I41,322,42.8729129,-87.93721595
WI,I41,2B,42.9903778,-88.0381385
WI,I41,324,42.851142499999995,-87.94368515
WI,I41,47A,43.133911,-88.05546185
WI,I41,57,43.2514251,-88.18172015
WI,I41,54,43.21392385,-88.14805175000001
WI,I41,52,43.19293155,-88.12256535
WI,I41,60,43.2820015,-88.19453505
WI,I41,64AB,43.3260518,-88.2532322
WI,I41,66,43.34817605,-88.2821656
WI,I41,164A,44.4732182,-88.079666
WI,I41,167,44.5091668,-88.08234695
WI,I41,161,44.43083435,-88.11176185
WI,I41,163A,44.453254650000005,-88.0894296
WI,I41,157,44.38594765,-88.16255865
WI,I41,154,44.3494743,-88.1932889
WI,I41,170A,44.5632355,-88.0511404
WI,I41,164B,44.493377,-88.0814774
WI,I41,81,43.53809055,-88.40436925
WI,I41,85,43.587376649999996,-88.4306763
WI,I41,87,43.61614,-88.4371985
WI,I41,347,42.52328625,-87.9519134
WI,I41,342,42.5898232,-87.9528769
WI,I41,337,42.67003235,-87.9528801
WI,I41,345,42.543326050000005,-87.9523264
WI,I41,339,42.6406652,-87.95262375
WI,I41,340,42.614910449999996,-87.95228145
WI,I41,145,44.2980416,-88.35829695
WI,I41,144,44.29815395,-88.37508700000001
WI,I41,138,44.2732635,-88.46627749999999
WI,I41,136,44.2440999,-88.46574995
WI,I41,137,44.262631999999996,-88.4663398
WI,I41,150,44.3054481,-88.24980965
WI,I41,148,44.2992847,-88.27284015000001
WI,I41,327,42.80789595,-87.95317605
WI,I41,329,42.7791754,-87.95377915
WI,I41,50AB,43.177919,-88.091241
WI,I41,50B,43.1779998,-88.0909003
WI,I41,51A,43.1815653,-88.099017
WI,I41,50A,43.176226,-88.0872105
WI,I41,48,43.16016245,-88.0640942
WI,I41,134AB,44.218487749999994,-88.47223555
WI,I41,124,44.09692615,-88.54329915
WI,I41,132,44.18833965,-88.48769235
WI,I41,1A,42.4921561,-87.9490523
WI,I41,64B,43.3242177,-88.2502488
WI,I41,64A,43.3222562,-88.2475344
WI,I41,4,42.96426415,-88.03560855
WI,I41,335,42.69483845,-87.95368205
WI,I41,40AB,43.0465748,-88.03716575
WI,I41,42A,43.0533637,-88.0421633
WI,I41,99,43.78461435,-88.48260644999999
WI,I41,98,43.7615739,-88.4777932
WI,I41,95,43.7368812,-88.44548145
WI,I41,97,43.7565595,-88.4722589
WI,I41,326,42.830027799999996,-87.95268444999999
WI,I41,333,42.725116799999995,-87.9539106
WI,I41,42AB,43.0653042,-88.0535736
WI,I41,44,43.0886846,-88.05774445
WI,I41,321,42.9022167,-87.93619175
WI,I41,117,44.010990050000004,-88.58224154999999
WI,I41,47B,43.148170199999996,-88.05491115000001
WI,I41,59,43.2683624,-88.1829562
WI,I41,116,43.99027745,-88.58262719999999
WI,I41,120,44.058592250000004,-88.57449145000001
WI,I41,131,44.17554835,-88.4873335
WI,I41,163B,44.4529706,-88.0894719
WI,I41,168A,44.52981165,-88.07937985000001
WI,I41,344,42.56921085,-87.95274935
WI,I41,8B,42.9615853,-87.9647926
WI,I41,5B,42.9624672,-88.003766
WI,I41,5A,42.9616556,-88.0123054
WI,I41,5AB,42.9622582,-88.0228758
WI,I41,8AB,42.9625357,-87.9741422
WI,I41,101,43.8064363,-88.49954815000001
WI,I41,96,43.749968,-88.46197635
WI,I41,106,43.84944525,-88.56962730000001
WI,I41,113,43.951100100000005,-88.58309845
WI,I41,76,43.4726509,-88.36675005000001
WI,I41,1E,43.0063538,-88.0376792
WI,I41,92,43.68878705,-88.44200814999999
WI,I41,68,43.368831,-88.29746225
WI,I41,316,42.9538491,-87.9344268
WI,I41,317,42.9437954,-87.9348828
WI,I41,10B;10A,42.9627162,-87.9491772
WI,I41,39,43.03366335,-88.0338616
WI,I41,318319,42.9569541,-87.9348742
WI,I41,318,42.9313454,-87.9351184
WI,I41,168BC,44.534837249999995,-88.07620665
WI,I41,51AB,43.1838261,-88.1046818
WI,I41,51B,43.1823105,-88.1007117
WI,I41,170AB,44.5507369,-88.0664326
WI,I41,38AB,43.0347951,-88.0335478
WI,I41,164A;164B,44.4622746,-88.0830896
WI,I41,1AB,43.0208643,-88.0362932
WI,I41,146,44.297805,-88.31256705000001
WI,I41,42B,43.0604137,-88.0531023
WI,I41,325,42.8387854,-87.952299
WI,US41,142,44.298616749999994,-88.41547779999999
WI,US41,139,44.28818885,-88.4657586
WI,US41,133,44.199973150000005,-88.48602665
WI,US41,129,44.15633675,-88.48583794999999
WI,US41,119,44.03311145,-88.58271350000001
WI,US41,72,43.42294965,-88.33563434999999
WI,US41,320,42.91644615,-87.93569585
WI,US41,46,43.116870750000004,-88.0573329
WI,US41,8A,42.9618558,-87.9692213
WI,US41,7,42.96246015,-87.98836055000001
WI,US41,9,42.9623707,-87.9554216
WI,US41,2A,42.998710200000005,-88.0381345
WI,US41,3,42.979882399999994,-88.0391382
WI,US41,1D,43.0196196,-88.03597775
WI,US41,45,43.10455005,-88.05803270000001
WI,US41,319,42.925522,-87.9352258
WI,US41,43,43.074524999999994,-88.05702930000001
WI,US41,322,42.8729129,-87.93721595
WI,US41,2B,42.9903778,-88.0381385
WI,US41,324,42.851142499999995,-87.94368515
WI,US41,47A,43.133911,-88.05546185
WI,US41,57,43.2514251,-88.18172015
WI,US41,54,43.21392385,-88.14805175000001
WI,US41,52,43.19293155,-88.12256535
WI,US41,60,43.2820015,-88.19453505
WI,US41,64AB,43.3260518,-88.2532322
WI,US41,66,43.34817605,-88.2821656
WI,US41,164A,44.4732182,-88.079666
WI,US41,167,44.5091668,-88.08234695
WI,US41,173,44.591184,-88.04902584999999
WI,US41,161,44.43083435,-88.11176185
WI,US41,176,44.6355375,-88.04693954999999
WI,US41,163A,44.453254650000005,-88.0894296
WI,US41,157,44.38594765,-88.16255865
WI,US41,179,44.6773016,-88.05033875000001
WI,US41,154,44.3494743,-88.1932889
WI,US41,170B;170A,44.567007,-88.0487793
WI,US41,170A,44.5632355,-88.0511404
WI,US41,164B,44.493377,-88.0814774
WI,US41,81,43.53809055,-88.40436925
WI,US41,85,43.587376649999996,-88.4306763
WI,US41,87,43.61614,-88.4371985
WI,US41,347,42.52328625,-87.9519134
WI,US41,342,42.5898232,-87.9528769
WI,US41,337,42.67003235,-87.9528801
WI,US41,345,42.543326050000005,-87.9523264
WI,US41,339,42.6406652,-87.95262375
WI,US41,340,42.614910449999996,-87.95228145
WI,US41,145,44.2980416,-88.35829695
WI,US41,144,44.29815395,-88.37508700000001
WI,US41,138,44.2732635,-88.46627749999999
WI,US41,136,44.2440999,-88.46574995
WI,US41,137,44.262631999999996,-88.4663398
WI,US41,150,44.3054481,-88.24980965
WI,US41,148,44.2992847,-88.27284015000001
WI,US41,327,42.80789595,-87.95317605
WI,US41,329,42.7791754,-87.95377915
WI,US41,50AB,43.177919,-88.091241
WI,US41,50B,43.1779998,-88.0909003
WI,US41,51A,43.1815653,-88.099017
WI,US41,50A,43.176226,-88.0872105
WI,US41,48,43.16016245,-88.0640942
WI,US41,134AB,44.218487749999994,-88.47223555
WI,US41,124,44.09692615,-88.54329915
WI,US41,132,44.18833965,-88.48769235
WI,US41,1A,42.4921561,-87.9490523
WI,US41,64B,43.3242177,-88.2502488
WI,US41,64A,43.3222562,-88.2475344
WI,US41,4,42.96426415,-88.03560855
WI,US41,335,42.69483845,-87.95368205
WI,US41,40AB,43.0465748,-88.03716575
WI,US41,42A,43.0533637,-88.0421633
WI,US41,99,43.78461435,-88.48260644999999
WI,US41,98,43.7615739,-88.4777932
WI,US41,95,43.7368812,-88.44548145
WI,US41,97,43.7565595,-88.4722589
WI,US41,326,42.830027799999996,-87.95268444999999
WI,US41,333,42.725116799999995,-87.9539106
WI,US41,42AB,43.0653042,-88.0535736
WI,US41,44,43.0886846,-88.05774445
WI,US41,321,42.9022167,-87.93619175
WI,US41,117,44.010990050000004,-88.58224154999999
WI,US41,185,44.7648471,-88.05090875
WI,US41,187,44.788332,-88.0436147
WI,US41,47B,43.148170199999996,-88.05491115000001
WI,US41,59,43.2683624,-88.1829562
WI,US41,116,43.99027745,-88.58262719999999
WI,US41,120,44.058592250000004,-88.57449145000001
WI,US41,131,44.17554835,-88.4873335
WI,US41,163B,44.4529706,-88.0894719
WI,US41,168A,44.52981165,-88.07937985000001
WI,US41,182,44.721132,-88.050837
WI,US41,198,44.892884800000004,-87.8972211
WI,US41,344,42.56921085,-87.95274935
WI,US41,8B,42.9615853,-87.9647926
WI,US41,5B,42.9624672,-88.003766
WI,US41,5A,42.9616556,-88.0123054
WI,US41,5AB,42.9622582,-88.0228758
WI,US41,8AB,42.9625357,-87.9741422
WI,US41,101,43.8064363,-88.49954815000001
WI,US41,96,43.749968,-88.46197635
WI,US41,106,43.84944525,-88.56962730000001
WI,US41,113,43.951100100000005,-88.58309845
WI,US41,76,43.4726509,-88.36675005000001
WI,US41,1E,43.0063538,-88.0376792
WI,US41,92,43.68878705,-88.44200814999999
WI,US41,197,44.868443,-87.8977038
WI,US41,200,44.924288,-87.8708697
WI,US41,216,45.05955855,-87.71080515
WI,US41,212,45.05012205,-87.7748883
WI,US41,68,43.368831,-88.29746225
WI,US41,316,42.9538491,-87.9344268
WI,US41,317,42.9437954,-87.9348828
WI,US41,10B;10A,42.9627162,-87.9491772
WI,US41,39,43.03366335,-88.0338616
WI,US41,318319,42.9569541,-87.9348742
WI,US41,318,42.9313454,-87.9351184
WI,US41,168BC,44.534837249999995,-88.07620665
WI,US41,51AB,43.1838261,-88.1046818
WI,US41,51B,43.1823105,-88.1007117
WI,US41,170AB,44.5507369,-88.0664326
WI,US41,38AB,43.0347951,-88.0335478
WI,US41,164A;164B,44.4622746,-88.0830896
WI,US41,1AB,43.0208643,-88.0362932
WI,US41,146,44.297805,-88.31256705000001
WI,US41,42B,43.0604137,-88.0531023
WI,US41,325,42.8387854,-87.952299
WV,I81,20,39.545881699999995,-77.91139485
WV,I81,12,39.44387305,-77.989362
WV,I81,16W,39.4973776,-77.95698655
WV,I81,13,39.46458095,-77.98986065
WV,I81,23,39.57884575,-77.87509215
WV,I81,5,39.36227065,-78.04809435
WV,I81,16E,39.4953161,-77.9619597
WV,I81,8,39.40652274999999,-78.0234657
WV,I81,14,39.47963525,-77.98136165
WV,I81,321,39.25703,-78.101111
WV,I81,323,39.290820999999994,-78.084402
AZ,I8,140,32.84901705,-112.31998485
AZ,I8,111,32.93229855,-112.80364605
AZ,I8,115,32.939454049999995,-112.74305915
AZ,I8,106,32.921393249999994,-112.88830730000001
AZ,I8,167,32.8280231,-111.8605172
AZ,I8,174,32.82888245,-111.7402344
AZ,I8,161,32.82824705,-111.96043549999999
AZ,I8,151,32.83457845,-112.1333918
AZ,I8,172,32.828017349999996,-111.7708997
AZ,I8,42,32.6935631,-113.9530197
AZ,I8,78,32.83557815,-113.35749885
AZ,I8,14,32.6698327,-114.4100226
AZ,I8,37,32.68155275,-114.02201875
AZ,I8,2,32.69896935,-114.60727510000001
AZ,I8,12,32.670523200000005,-114.4443421
AZ,I8,1,32.7186901,-114.6125783
AZ,I8,67,32.800689649999995,-113.54052585
AZ,I8,54,32.7293597,-113.73093750000001
AZ,I8,9,32.6721902,-114.4858523
AZ,I8,3,32.68895545,-114.5809834
AZ,I8,7,32.6776456,-114.52137110000001
AZ,I8,178,32.820714,-111.6899357
AZ,I8,144,32.842133849999996,-112.25567029999999
AZ,I8,21,32.67053295,-114.30598395
AZ,I8,30,32.6602678,-114.1483867
AZ,I8,87,32.85842915,-113.2132586
AZ,I8,102,32.9114366,-112.95938475
AZ,I8,119,32.925310249999995,-112.67139854999999
AZ,I8,169,32.8280474,-111.82613245
AZ,I8,73,32.8246166,-113.44220895000001
AZ,I8,118,32.9317445,-112.7008283
FL,I10,,,
IA,US61,311B,41.819945,-90.568475
IA,US61,139A,41.8315628,-90.5697318
IA,US61,312,41.8082959,-90.5670604
IA,US61,1,41.588937,-90.6759097
IA,US61,107,41.51490845,-90.7791577
IA,US61,292,41.59992195,-90.618028
IA,US61,295A,41.597236,-90.577339
IA,US61,124,41.6113415,-90.56425175000001
IA,US61,109,41.5124054,-90.7532573
IA,US61,123B,41.5993022,-90.56879015
IA,US61,127,41.6547846,-90.56815555
IA,US61,290,41.6039643,-90.6674103
IA,US61,125,41.625671,-90.56685920000001
IA,US61,295B,41.595897,-90.569034
IA,US61,6,41.51315,-90.674339
IA,US61,4,41.5383107,-90.6768062
IA,US61,129,41.6946865,-90.566166
IA,US61,183,42.4212347,-90.69411360000001
IA,US61,187,42.478428550000004,-90.6678585
IA,US61,188,42.4819017,-90.6667275
IA,US61,190,42.513582799999995,-90.649847
IA,US61,189B,42.50451615,-90.66062505
IA,US61,18,40.62637915,-91.39880915
IA,US61,153,42.003256300000004,-90.65642589999999
IA,US61,156,42.04405185,-90.66153130000001
IA,US61,311A,41.825772400000005,-90.56937855
IA,US61,137,41.8039935,-90.5669413
IA,US61,158,42.068936550000004,-90.68296175
IA,US61,24,40.670545950000005,-91.3263869
IA,US61,22,40.66754845,-91.3555468
IA,US61,27,40.67137315,-91.27157270000001
IA,US61,189A,42.4954227,-90.6630191
IA,US61,184,42.43559125,-90.68241850000001
IA,US61,139B,41.8259131,-90.5697406
IA,US61,74,41.27662105,-91.19934190000001
IA,US61,76,41.3053222,-91.19854925
IA,US61,55,41.008065849999994,-91.17412920000001
IN,I69,356,41.732117099999996,-85.0002894
IN,I69,312A,41.1358607,-85.1402245
IN,I69,312B,41.1382692,-85.1349774
IN,I69,305,41.07458295,-85.2283669
IN,I69,309B,41.12387285,-85.1850024
IN,I69,316,41.1789048,-85.10344745
IN,I69,296B,40.963317599999996,-85.2895276
IN,I69,329,41.366766600000005,-85.0815962
IN,I69,326,41.3272038,-85.08784695
IN,I69,245,40.2770492,-85.5579278
IN,I69,255,40.42281655,-85.54936965
IN,I69,259,40.48051925,-85.54905065
IN,I69,264,40.553525750000006,-85.5508479
IN,I69,210,39.989922500000006,-85.92456100000001
IN,I69,21B,38.17312495,-87.46890235000001
IN,I69,21A,38.166729399999994,-87.4711112
IN,I69,203,39.92710475,-86.029631
IN,I69,204,39.941959499999996,-86.0187708
IN,I69,286,40.8276095,-85.3540755
IN,I69,273,40.667981749999996,-85.4936141
IN,I69,278,40.71958015,-85.4372938
IN,I69,222,40.037991000000005,-85.721147
IN,I69,214,39.993139799999994,-85.8420148
IN,I69,226,40.05318215,-85.65316335
IN,I69,219,40.0054945,-85.77219725
IN,I69,42,39.8316238,-86.03544325
IN,I69,46,39.124496725,-86.64893395
IN,I69,48,39.7379548,-86.0427181
IN,I69,2B,39.6995394,-86.15136335
IN,I69,200,39.9026089,-86.0484827
IN,I69,44A,39.7977749,-86.0349549
IN,I69,125,39.2667915,-86.52313315
IN,I69,118,39.16459355,-86.5728263
IN,I69,120B,39.1893259,-86.55498335
IN,I69,44B,39.792751,-86.0353238
IN,I69,47,39.750438700000004,-86.0341669
IN,I69,49,39.7317397,-86.0449585
IN,I69,137,39.40244535,-86.4453617
IN,I69,53B,39.7033037,-86.1056834
IN,I69,53A,39.70362795,-86.10622895
IN,I69,52,39.703784299999995,-86.08214895
IN,I69,2A,39.698684549999996,-86.14711735
IN,I69,134,39.3761315,-86.4766387
IN,I69,348,41.635007650000006,-85.04803025000001
IN,I69,340,41.52671545,-85.05560969999999
IN,I69,357,41.747986049999994,-84.99577289999999
IN,I69,354,41.70483495,-85.00449040000001
IN,I69,350,41.664252399999995,-85.0282957
IN,I69,7B,37.979313,-87.45356675
IN,I69,9,37.99979735,-87.46653979999999
IN,I69,19,38.1413115,-87.473011
IN,I69,18,38.1275897,-87.4756476
IN,I69,7A,37.974325300000004,-87.45068334999999
IN,I69,3,37.9400311,-87.49047225000001
IN,I69,5,38.53365113333333,-87.03085703333333
IN,I69,15,38.089369,-87.47660830000001
IN,I69,234,40.1147416,-85.56883625
IN,I69,241,40.219071549999995,-85.56026775000001
IN,I69,31A,41.1682658,-85.0971719
IN,I69,315,41.16653315000001,-85.10511345
IN,I69,302,41.0323433,-85.2524464
IN,I69,296A,40.9583843,-85.29326085
IN,I69,311B,41.129905699999995,-85.1551447
IN,I69,311A,41.129182400000005,-85.16112555000001
IN,I69,309A,41.120356150000006,-85.18865045
IN,I69,299,40.992193,-85.2682611
IN,I69,312,41.1414787,-85.1285723
IN,I69,10,38.015424100000004,-87.46963815
IN,I69,334,41.439282500000004,-85.0536248
IN,I69,120A,39.1852697,-86.5557897
IN,I69,117,39.150667150000004,-86.57312
IN,I69,116,39.136349499999994,-86.57305025
IN,I69,40,39.85618555,-86.04449805
IN,I69,62,38.65609635,-87.12044285
IN,I69,104,39.0345453,-86.6885551
IN,I69,22,38.1946028,-87.46753229999999
IN,I69,33,38.32723575,-87.396716
IN,I69,87,38.91729655,-86.9213212
IN,I69,138,39.40921655,-86.423963
IN,I69,0,37.9359505,-87.5321545
IN,I69,114,39.1092041,-86.56149264999999
IN,I69,76,38.845894349999995,-87.0704154
IN,I69,317,41.1995369,-85.10422015
IN,I69,123,39.2377549,-86.5388688
IN,I69,27,38.252044749999996,-87.4338438
IN,I69,205,39.954383449999995,-86.00945105
IN,I69,4,39.6979026,-86.1793567
IN,I69,201,39.90724165,-86.04413414999999
IN,I69,37,39.8897408,-86.0486123
IN,I69,115,39.123015949999996,-86.57076799999999
IN,I69,98,38.974702050000005,-86.73779250000001
IN,I69,44,39.803713,-86.0319887
IN,I69,140,39.4291987,-86.39730345000001
IN,I69,145,39.489540950000006,-86.3526191
IN,I69,156,39.604649949999995,-86.2196689
IN,I69,158,39.6362321,-86.2047082
IN,I69,162,39.6824194,-86.196984
IN,I69,163,39.6858743,-86.1989526
IN,I69,153,39.566004750000005,-86.2464975
IN,I69,160,39.66543935,-86.19610245
KY,I71,77,38.8738052,-84.6296403
KY,I71,1A,38.262172,-85.7245329
KY,I71,181,39.00140295,-84.6455227
KY,I71,180A,38.9944965,-84.645688
KY,I71,182,39.0121428,-84.63216700000001
KY,I71,72,38.83232265,-84.68696365
KY,I71,175,38.91765045,-84.62912445
KY,I71,178,38.956596649999994,-84.6346003
KY,I71,180,38.98503425,-84.6417455
KY,I71,173,38.8801511,-84.6255045
KY,I71,43,38.63124345,-85.13982920000001
KY,I71,44,38.64926425,-85.1187941
KY,I71,55,38.69109765,-84.93960075000001
KY,I71,62,38.7412079,-84.83299844999999
KY,I71,57,38.7037813,-84.9089653
KY,I71,34,38.52084855,-85.23402245
KY,I71,28,38.4565961,-85.29641155
KY,I71,2,38.2745035,-85.69787915
KY,I71,9B,38.3163636,-85.5782932
KY,I71,5,38.2900233,-85.6456186
KY,I71,9A,38.3117586,-85.5878217
KY,I71,191,39.078080549999996,-84.521038
KY,I71,185,39.034635,-84.59951749999999
KY,I71,189,39.058738500000004,-84.537483
KY,I71,184,39.02813585,-84.60901315
KY,I71,192,39.075534,-84.519218
KY,I71,186,39.04662165,-84.57519085
KY,I71,22,38.3992581,-85.37414394999999
KY,I71,17,38.367479,-85.44804005
KY,I71,14,38.34628549999999,-85.49237115
KY,I71,18,38.376933300000005,-85.4278437
KY,I71,188,39.05282364999999,-84.55183435000001
KY,I71,1C;1B,38.2613512,-85.7338635
KY,I71,20,38.3898407,-85.3919333
LA,I510,1A,30.056318,-89.9391452
LA,I510,2A,30.030748000000003,-89.939426
LA,I510,2B,30.0239805,-89.9392536
LA,I510,1B,30.04280485,-89.9389908
LA,I510,2C,30.017603899999997,-89.93956449999999
MS,I20,27,32.36061255,-90.463807
MS,I20,45A,32.276811,-90.1887953
MS,I20,35,32.3345026,-90.33821505
MS,I20,41,32.28958335,-90.25067705000001
MS,I20,157A,32.38272755,-88.6398034
MS,I20,130,32.3430386,-88.7781968
MS,I20,165,32.41352445,-88.50584015
MS,I20,154B,32.3679303,-88.6716237
MS,I20,169,32.42617785,-88.45174725
MS,I20,152,32.34906945,-88.7111297
MS,I20,151,32.34908925,-88.7262249
MS,I20,153,32.35342145,-88.6911476
MS,I20,150,32.350502899999995,-88.73875045
MS,I20,129,32.34406625,-88.79598515
MS,I20,160,32.3957173,-88.57993395
MS,I20,157B,32.3839234,-88.6335816
MS,I20,115,32.34475595,-89.04433385
MS,I20,121,32.34225245,-88.93124215
MS,I20,109,32.34029005,-89.1379607
MS,I20,100,32.3361493,-89.28889695000001
MS,I20,52,32.2714098,-90.07364294999999
MS,I20,59,32.27650765,-89.9493538
MS,I20,54,32.277916250000004,-90.03597335
MS,I20,68,32.2969797,-89.80411050000001
MS,I20,56,32.2788312,-90.0011711
MS,I20,80,32.31587585,-89.61559385
MS,I20,96,32.3236553,-89.34115295000001
MS,I20,77,32.310543300000006,-89.6677361
MS,I20,88,32.336415900000006,-89.4839525
MS,I20,4B,32.3450253,-90.8405453
MS,I20,1C,32.31874675,-90.87754595
MS,I20,11,32.35473505,-90.73370475
MS,I20,1B,32.3132625,-90.88837559999999
MS,I20,3,32.32984565,-90.86121474999999
MS,I20,5A,32.3478643,-90.8297001
MS,I20,46,32.27497065,-90.170268
MS,I20,47A,32.2757283,-90.1773423
MS,I20,44,32.2760521,-90.2057459
MS,I20,45B,32.277435,-90.1838944
MS,I20,43A,32.2804332,-90.2126466
MS,I20,47B,32.2727132,-90.1579419
MS,I20,40B,32.2910128,-90.2612686
MS,I20,40A,32.2933646,-90.2670736
MS,I20,40,32.295238,-90.2709004
MS,I20,43B,32.2763766,-90.208433
MS,I20,48,32.266127850000004,-90.13422685
MS,I20,47,32.2708881,-90.1525543
MS,I20,36,32.326435200000006,-90.325299
MS,I20,34,32.34149575,-90.35117775
MS,I20,42B,32.2873386,-90.2251677
MS,I20,42A,32.28820745,-90.2301442
MS,I20,19,32.34124585,-90.59523060000001
MS,I20,15,32.35951785,-90.66772234999999
MS,I20,4A,32.3416698,-90.8452815
MS,I20,5B,32.3477277,-90.83111735
MS,I20,1A,32.3104591,-90.89675475
MS,I20,149,32.3446297,-88.7669385
MS,I20,154,32.3690522,-88.6708632
MS,I20,156,32.37861665,-88.65450095
MS,I20,154A,32.3600186,-88.6807186
MS,I20,43AB,32.2827526,-90.2139639
MS,I20,31,32.3522646,-90.3947876
TN,I40,152,35.894255099999995,-87.64168325
TN,I40,148,35.87444265,-87.7097153
TN,I40,143,35.8797163,-87.80080430000001
TN,I40,172,36.020008950000005,-87.33379175
TN,I40,199,36.1112204,-86.9228983
TN,I40,201A,36.1278093,-86.901265
TN,I40,201,36.1338742,-86.8957891
TN,I40,204A,36.1522557,-86.853059
TN,I40,206,36.157409200000004,-86.82476679999999
TN,I40,163,35.98909315,-87.48833454999999
TN,I40,137,35.8641903,-87.90533825
TN,I40,126,35.8407743,-88.0854746
TN,I40,133,35.868657600000006,-87.9707348
TN,I40,116,35.818451499999995,-88.2524107
TN,I40,320,35.98275035,-85.01359310000001
TN,I40,322,35.96226,-84.98257609999999
TN,I40,329,35.9051387,-84.87634125
TN,I40,451,35.784162699999996,-83.11150724999999
TN,I40,338,35.8933983,-84.73338195
TN,I40,215A,36.1436045,-86.6949144
TN,I40,192,36.077031899999994,-87.0200065
TN,I40,317,36.00066805,-85.0453062
TN,I40,213AB,36.1405103,-86.7236361
TN,I40,221,36.1702784,-86.597144
TN,I40,209,36.15916355,-86.79105385
TN,I40,209B,36.15481695,-86.78849805
TN,I40,219,36.1557486,-86.62924735
TN,I40,207,36.167377,-86.81607585
TN,I40,210C,36.15119385,-86.76935714999999
TN,I40,311,36.04943075,-85.148305
TN,I40,205,36.153693450000006,-86.84468325
TN,I40,213,36.141245,-86.717216
TN,I40,221B,36.1692997,-86.6056252
TN,I40,35,35.34873805,-89.51879505
TN,I40,340,35.89552075,-84.70150905
TN,I40,210B;210A,36.1492777,-86.7746207
TN,I40,211B;211A,36.1531948,-86.7645261
TN,I40,208,36.1716822,-86.7987182
TN,I40,211,36.1539867,-86.7573161
TN,I40,213A,36.1405973,-86.7319272
TN,I40,212,36.15012955,-86.74881719999999
TN,I40,47,35.438568000000004,-89.33687925
TN,I40,52,35.478595049999996,-89.27461435000001
TN,I40,60,35.556751250000005,-89.1898481
TN,I40,66,35.5850909,-89.0935854
TN,I40,108,35.789150750000005,-88.3920618
TN,I40,101,35.7545809,-88.51347905
TN,I40,415,36.0221598,-83.4791137
TN,I40,424,36.0464712,-83.3445215
TN,I40,412,36.007851200000005,-83.52988619999999
TN,I40,398,36.00316385,-83.77531815
TN,I40,385,35.9551851,-83.97414275
TN,I40,402,35.9966865,-83.69950975
TN,I40,369,35.8781949,-84.2374046
TN,I40,368,35.8711727,-84.25724485
TN,I40,74,35.6330874,-88.94922535
TN,I40,85,35.679236149999994,-88.78003985000001
TN,I40,383,35.94200695,-84.00278359999999
TN,I40,93,35.71817605,-88.6339131
TN,I40,68,35.59699395,-89.05471324999999
TN,I40,87,35.680969399999995,-88.74260565
TN,I40,82,35.6708871,-88.82884885
TN,I40,80A,35.66300325,-88.85627355
TN,I40,79,35.65771475,-88.8722276
TN,I40,300,36.1400556,-85.27956545
TN,I40,268,36.1379185,-85.7879235
TN,I40,286,36.1364322,-85.52844185000001
TN,I40,290,36.1367418,-85.45025335
TN,I40,276,36.1133051,-85.68703554999999
TN,I40,287,36.13564215,-85.5030319
TN,I40,350,35.897810050000004,-84.54735005
TN,I40,352,35.88256145,-84.5108755
TN,I40,356A,35.8703208,-84.440787
TN,I40,360,35.8717743,-84.37574219999999
TN,I40,362,35.878343900000004,-84.3608148
TN,I40,347,35.90951335,-84.58427595
TN,I40,407,35.98360035,-83.60792649999999
TN,I40,14,35.1757575,-89.835219
TN,I40,1A,35.1521928,-90.0451044
TN,I40,18,35.2042859,-89.77247445
TN,I40,16A,35.1955198,-89.7915087
TN,I40,1D,35.1512128,-90.037678
TN,I40,1C,35.1516665,-90.0409531
TN,I40,258,36.17898155,-85.94733289999999
TN,I40,254,36.17519485,-86.02035045
TN,I40,182,36.02744115,-87.17752845000001
TN,I40,226,36.1721963,-86.5075644
TN,I40,239,36.1889185,-86.2666383
TN,I40,232,36.185116,-86.4014666
TN,I40,238,36.1823833,-86.29856219999999
TN,I40,235,36.183692,-86.35208
TN,I40,376,35.91182005,-84.11943145000001
TN,I40,1,35.15304225,-90.05261225
TN,I40,209A,36.156846,-86.790179
TN,I40,215B,36.144115549999995,-86.69407145
TN,I40,204B,36.1523271,-86.85718585000001
TN,I40,236,36.18301785,-86.32707735
TN,I40,394,36.010431249999996,-83.84256400000001
TN,I40,393,36.0123843,-83.8611372
TN,I40,392B,36.0098405,-83.8684622
TN,I40,392A,36.00734,-83.874113
TN,I40,392,36.0074312,-83.8733942
TN,I40,390,35.991844,-83.9006792
TN,I40,1B,35.1514019,-90.0405117
TN,I40,12,35.1650252,-89.86215185
TN,I40,20,35.22294024999999,-89.73763715000001
TN,I40,16B,35.1968883,-89.7883779
TN,I40,42,35.3924851,-89.4115408
TN,I40,1E,35.155586650000004,-90.02356125
TN,I40,15,35.1875864,-89.809211
TN,I40,15B,35.1856705,-89.8129183
TN,I40,15A,35.1837231,-89.8173185
TN,I40,2425,35.25884055,-89.6716187
TN,I40,56,35.53817555,-89.24870154999999
TN,I40,76,35.6415307,-88.92015445
TN,I40,80B,35.6643406,-88.852183
TN,I40,188,36.083531300000004,-87.0983178
TN,I40,201B,36.1320737,-86.8973176
TN,I40,374,35.9061916,-84.1446591
TN,I40,373,35.899003050000005,-84.1739311
TN,I40,379A,35.9265122,-84.0531571
TN,I40,379,35.92368635,-84.06550475
TN,I40,221A,36.165334,-86.6135112
TN,I40,210,36.1484088,-86.7805924
TN,I40,208B;208A,36.1714262,-86.8029263
TN,I40,232B,36.1849145,-86.4063913
TN,I40,1F,35.1613406,-90.020039
TN,I40,8A,35.1907742,-89.9189061
TN,I40,5,35.191655999999995,-89.9755063
TN,I40,2A,35.18933145,-90.0127072
TN,I40,3,35.1907255,-90.0084862
TN,I40,8,35.191765,-89.9325424
TN,I40,2,35.1727128,-90.01836
TN,I40,8B,35.1928117,-89.9265824
TN,I40,6,35.1905121,-89.95617
TN,I40,10AB,35.15515245,-89.881155
TN,I40,12A,35.1619179,-89.8972036
TN,I40,10,35.1691898,-89.90249155000001
TN,I40,273,36.0906579,-85.7237602
TN,I40,283,36.139543700000004,-85.5797316
TN,I40,280,36.13766585,-85.62848704999999
TN,I40,386A,35.9594782,-83.9590049
TN,I40,387,35.9643662,-83.93946735
TN,I40,386B,35.96306695,-83.9451416
TN,I40,387A,35.966967100000005,-83.93095414999999
TN,I40,388A,35.9714235,-83.92229055
TN,I40,389;388A,35.9857391,-83.9109358
TN,I40,389,35.9796024,-83.9184686
TN,I40,378AB,35.9214865,-84.0758913
TN,I40,239B,36.1881598,-86.2688192
TN,I40,245,36.19063055,-86.1768883
TN,I40,232A,36.1840484,-86.4133179
TN,I40,176,36.02302,-87.2696149
TN,I40,378,35.9165249,-84.097462
TN,I40,288,36.13495655,-85.4795489
TN,I40,196,36.0814821,-86.9559022
TN,I40,83,35.67450945,-88.80766885
TN,I40,16,35.191527,-89.7998947
TN,I40,226ABC,36.1693408,-86.5215685
TN,I40,229A,36.1775829,-86.4615738
TN,I40,229B,36.1782568,-86.4565056
TN,I40,229,36.1791976,-86.4511777
TN,I40,447,35.81670405,-83.14384795000001
TN,I40,443,35.8377167,-83.1813961
TN,I40,440,35.87898915,-83.18659545
TN,I40,435,35.9480573,-83.2033206
TN,I40,432B,35.96861,-83.2504838
TN,I40,432A,35.9708885,-83.2597807
TN,I40,417,36.038390050000004,-83.44053255
TN,I40,421,36.066541150000006,-83.38529165
TN,I40,380,35.92879645,-84.04228685
TN,I40,356B,35.8716714,-84.4439017
TN,I40,356,35.8727027,-84.44833
TN,I40,355,35.87323175,-84.4622909
TN,I40,364,35.87523775,-84.3252297
TN,I40,301,36.13843555,-85.26781735
TN,I40,239A,36.1877305,-86.2707245
TN,I40,216A,36.1422385,-86.6804484
TN,I40,12C,35.1616389,-89.8969997
TN,I40,28,35.292022900000006,-89.61016910000001
TN,I40,216,36.1420737,-86.6527407
TN,I40,216B,36.142142,-86.6796443
TN,I40,388,35.9668269,-83.9312389
VA,SR267,,,
WV,I64,8,38.39438775,-82.4527018
WV,I64,11,38.3944301,-82.40506995
WV,I64,6,38.401460650000004,-82.4784381
WV,I64,20,38.4196476,-82.2564787
WV,I64,28,38.439040899999995,-82.12235275
WV,I64,20B,38.418474,-82.2594734
WV,I64,15,38.41321,-82.34841405
WV,I64,20A,38.4166583,-82.2649549
WV,I64,60,37.97210105,-81.28379530000001
WV,I64,66,38.0293051,-81.35751205
WV,I64,183,37.7826468,-80.2361118
WV,I64,58B,38.3556679,-81.6475978
WV,I64,95,38.3076388,-81.56606745
WV,I64,101,38.3572678,-81.6318229
WV,I64,97,38.3222919,-81.5692839
WV,I64,96,38.3173478,-81.55931054999999
WV,I64,89,38.24089605,-81.56471095
WV,I64,85,38.1937882,-81.4995593
WV,I64,58A,38.3554613,-81.6517807
WV,I64,40,38.2175373,-81.6704083
WV,I64,48,37.833623849999995,-81.214309
WV,I64,1,38.096955125,-81.38525375
WV,I64,121,37.7325782,-81.1928034
WV,I64,45,38.02076876666667,-81.4197169
WV,I64,54,38.13775472499999,-81.4907423
WV,I64,74,38.1288637,-81.38895455
WV,I64,79,38.15824415,-81.44738465
WV,I64,100,38.352028000000004,-81.62434505
WV,I64,98,38.3356996,-81.6000024
WV,I64,42,37.760534750000005,-81.21370404999999
WV,I64,44,38.120210725,-81.53285009999999
WV,I64,99,38.342048500000004,-81.6119255
WV,I64,59,38.3600981,-81.6353173
WV,I64,58C,38.3587905,-81.6400219
WV,I64,56,38.3648157,-81.68451815
WV,I64,55,38.3606337,-81.6976344
WV,I64,53,38.36265605,-81.73738715
WV,I64,50,38.389513550000004,-81.76896744999999
WV,I64,47B,38.4139225,-81.796857
WV,I64,47A,38.4159806,-81.7987049
WV,I64,47,38.410112,-81.7939365
WV,I64,39,38.455831450000005,-81.93371975
WV,I64,34,38.43995685,-82.01841784999999
WV,I64,18,38.4192963,-82.28976085
WV,I64,125,37.7691414,-81.1165559
WV,I64,124,37.7629882,-81.14467744999999
WV,I64,125A,37.7658476,-81.1337829
WV,I64,133,37.76796735,-80.98777665
WV,I64,129,37.7732513,-81.0595459
WV,I64,129B,37.7732595,-81.068678
WV,I64,129A,37.7733737,-81.0726901
WV,I64,150,37.85323665,-80.72187794999999
WV,I64,143,37.80711925,-80.81772945
WV,I64,161,37.86868735,-80.5541769
WV,I64,156,37.9036725,-80.63333575
WV,I64,169,37.81652925,-80.42770105
WV,I64,181,37.7981049,-80.2765931
WV,I64,175,37.7708082,-80.35626189999999
WV,I64,125B,37.7664292,-81.1270073
WV,I64,139,37.7821772,-80.89278125
WV,I64,EXIT45,38.4393859,-81.8298046
GA,I85,154,34.298062650000006,-83.40658295
GA,I85,149,34.2551,-83.46256650000001
GA,I85,126,34.096612199999996,-83.81279194999999
GA,I85,71,33.6276677,-84.46230375
GA,I85,72,33.64747465,-84.445596
GA,I85,70,33.6309343,-84.4562974
GA,I85,56,33.500481,-84.63904
GA,I85,47,33.396842,-84.7487715
GA,I85,51,33.4434165,-84.6938789
GA,I85,35,33.2395729,-84.80687675
GA,I85,41,33.3240718,-84.77730595
GA,I85,91,33.840766,-84.31346264999999
GA,I85,96,33.8963332,-84.2519432
GA,I85,95,33.8862979,-84.2667269
GA,I85,94,33.8785988,-84.2730415
GA,I85,93,33.8649367,-84.288328
GA,I85,89,33.83161675,-84.3367485
GA,I85,173,34.4459518,-83.12439135
GA,I85,166,34.391695,-83.22814149999999
GA,I85,160,34.34651875,-83.3184982
GA,I85,164,34.3751703,-83.25908765
GA,I85,75,33.66666175,-84.41759210000001
GA,I85,68,33.606059,-84.485583
GA,I85,73,33.6610729,-84.4284154
GA,I85,244,33.72208665,-84.395366
GA,I85,248C,33.75954435,-84.3809008
GA,I85,73B,33.6609857,-84.4281864
GA,I85,69B,33.6131833,-84.4864819
GA,I85,66,33.5848771,-84.51282764999999
GA,I85,248D,33.7609211,-84.3807131
GA,I85,77,33.684898700000005,-84.4053181
GA,I85,69A,33.609389,-84.4860055
GA,I85,61,33.545817,-84.577947
GA,I85,245,33.7287842,-84.3929045
GA,I85,243,33.7044808,-84.404035
GA,I85,249C,33.7692046,-84.390567
GA,I85,247,33.74400635,-84.3879149
GA,I85,248A,33.7508201,-84.3813698
GA,I85,76,33.6811259,-84.41114304999999
GA,I85,246,33.7393984,-84.3904717
GA,I85,64,33.5678977,-84.53304645
GA,I85,249A,33.7654361,-84.3858025
GA,I85,248B,33.7517678,-84.379779
GA,I85,250,33.7776025,-84.3907578
GA,I85,73A,33.6568303,-84.434234
GA,I85,249D,33.7714554,-84.38964215
GA,I85,86,33.8150102,-84.36693754999999
GA,I85,85,33.8001893,-84.3907437
GA,I85,251B,33.790386,-84.3908395
GA,I85,87,33.8158621,-84.3635033
GA,I85,242,33.6932385,-84.4036998
GA,I85,249B,33.7655556,-84.3854374
GA,I85,111,34.0295524,-84.0488531
GA,I85,102,33.9365601,-84.1592575
GA,I85,99,33.912451700000005,-84.20936205
GA,I85,101,33.928530800000004,-84.1755349
GA,I85,115,34.05669555,-83.9931173
GA,I85,103,33.9459173,-84.1427214
GA,I85,106,33.9629002,-84.1042597
GA,I85,104,33.9589539,-84.1151352
GA,I85,105,33.9556664,-84.1225845
GA,I85,120,34.074809099999996,-83.91787074999999
GA,I85,108,33.97591,-84.0897827
GA,I85,109,34.00462775,-84.0725107
GA,I85,113,34.0429998,-84.0314402
GA,I85,177,34.47359795,-83.05902925000001
GA,I85,140,34.1864018,-83.5935994
GA,I85,147,34.228786299999996,-83.50176475
GA,I85,129,34.11760955,-83.76230425
GA,I85,137,34.152565249999995,-83.64588535
GA,I85,21,33.0623395,-84.94348099999999
GA,I85,2,32.877993849999996,-85.15125275
GA,I85,13,32.9888865,-85.029605
GA,I85,14,32.999994,-85.0126115
GA,I85,28,33.160004,-84.8693419
GA,I85,18,33.0415976,-84.96966710000001
GA,I85,69,33.6243427,-84.457946
GA,I85,95B,33.8989251,-84.2479602
GA,I85,251A,33.7842848,-84.3908465
GA,I85,95A,33.8957544,-84.2530611
GA,I85,88,33.8255456,-84.3482503
GA,I85,6,32.928095150000004,-85.1090524
GA,I85,107,33.9857353,-84.0852091
GA,I85,HOVEXIT,33.745655299999996,-84.38515315000001
GA,I85,74,33.6638966,-84.4222073
GA,I85,44,33.359796450000005,-84.760132
GA,I85,84,33.7976475,-84.3934008
GA,I85,118,34.063047749999996,-83.9478727
GA,I85,110,34.0203501,-84.0603491
NY,I190,21,43.0763285,-78.9907783
NY,I190,4,42.8708112,-78.84522530000001
NY,I190,8,42.89045875,-78.8899596
NY,I190,5,42.87447145,-78.8605199
NY,I190,2,42.8735945,-78.81425525
NY,I190,1,42.87624285,-78.79933835
NY,I190,18A,43.0038143,-78.9456653
NY,I190,152;5461,42.8760586,-78.7932525
NY,I190,11,42.9275509,-78.89929305
NY,I190,13,42.9361742,-78.9041965
NY,I190,14,42.94920315,-78.90913169999999
NY,I190,15,42.975644349999996,-78.91194780000001
NY,I190,16,42.9848651,-78.9138973
NY,I190,19,43.02167815,-78.97450169999999
NY,I190,20,43.0432842,-78.9887859
NY,I190,23,43.107824550000004,-78.99054785
NY,I190,24,43.13074005,-79.01875620000001
NY,I190,21A,43.080138649999995,-78.99080255
NY,I190,9,42.90055135,-78.899077
NY,I190,20A,43.0559886,-78.9906042
NY,I190,18,43.0064168,-78.951671
NY,I190,25B,43.1516032,-79.032403
NY,I190,25A,43.1498615,-79.0273286
NY,I190,22,43.0898502,-78.98929955
NY,I190,20B,43.0483977,-78.9906079
NY,I190,17,42.993531399999995,-78.92804425
NY,I190,6,42.877601299999995,-78.87253385
NY,I190,7,42.881644050000006,-78.88106515000001
NY,I190,3,42.8679705,-78.8298626
NY,I190,18B,43.0055228,-78.9490901
NY,I190,12,42.933171,-78.9024539
